Place,Attraction,Travel_Theme,Opening_Time - Closing_Time,Visit_Duration,Description & Backstory,Top Highlights & Unique Features,Events & Experiences,Top Things To Do,A_id,latitude,longitude
Hampi,Virupaksha Temple,Religious/Spiritual; Historical; Architectural; Cultural,06:00 AM - 01:00 PM & 05:00 PM - 09:00 PM,2-3 hours,"Virupaksha Temple is one of the oldest functioning temples in India, dedicated to Lord Shiva. It has been a major pilgrimage site since the 7th century and showcases stunning Vijayanagara architecture. The towering gopuram and intricate carvings reflect the region’s rich cultural heritage. The temple continues to attract devotees and tourists alike, preserving its spiritual and historical significance.","Virupaksha Temple in Pattadakal is renowned for its towering vimana, intricate carvings, and elaborate sculptures. It is a UNESCO World Heritage site and a prime example of Chalukyan architecture. Visitors admire its detailed reliefs depicting mythological scenes. The temple is a focal point of Pattadakal’s historic complex.",,,A0001,15.335165,76.458727
Hampi,Vittala Temple & Stone Chariot,Architectural; Historical; Cultural; Religious/Spiritual,08:30 AM - 05:30 PM,1-1.5 hours,"Vittala Temple is renowned for its magnificent architecture and the iconic Stone Chariot, which symbolizes the grandeur of the Vijayanagara Empire. The temple is famous for its musical pillars that produce different tones when struck. It served as a center of religious and cultural activities in its time. The complex exemplifies the craftsmanship and artistic brilliance of medieval South India.","Vittala Temple is famous for its exceptional Dravidian architecture and musical pillars that produce melodic sounds when tapped. The Stone Chariot within the complex is an iconic symbol of Hampi. The temple complex showcases elaborate carvings, sculptures, and expansive courtyards. Its artistic excellence and engineering marvel make it a must-visit attraction.",,,A0002,15.3350000,76.4750000
Hampi,Lotus Mahal,Architectural; Historical; Cultural,08:00 AM - 06:00 PM,1 hour,"Lotus Mahal is a unique palace in Hampi, noted for its Indo-Islamic architectural style. Its lotus-shaped domes and arched balconies reflect elegance and functionality. The palace was likely used as a recreational space for royal women. It stands as a testament to the empire’s aesthetic sense and love for intricate design.","Lotus Mahal stands out for its elegant Indo-Islamic architecture and symmetrical design. The palace is known for its arched balconies, domed roofs, and lotus-shaped motifs. Its peaceful gardens and historical significance as a royal leisure spot attract visitors. The structure highlights the fusion of Hindu and Islamic architectural styles.",,,A0003,15.3202822,76.4713947
Hampi,Elephant Stables,Architectural; Historical; Cultural,06:00 AM - 05:30 PM,30-45 minutes,"The Elephant Stables were built to house the royal elephants of Hampi and demonstrate the grandeur of the Vijayanagara Empire. The structure has domed chambers and arches that combine Islamic and Hindu architectural elements. It highlights the importance of elephants in royal processions and ceremonies. Today, it stands as a symbol of historical and architectural heritage.","The Elephant Stables are a grand structure used to house royal elephants. Their Indo-Islamic architectural style, with domed roofs and spacious chambers, makes them unique. Visitors are fascinated by the scale, symmetry, and historical context. The site reflects the importance of elephants in royal processions and ceremonies.",,,A0004,15.3211086,76.4727814
Hampi,Hemakuta Hill Temples,Religious/Spiritual; Natural; Historical; Cultural,06:00 AM - 06:00 PM,1.5-2 hours,"Hemakuta Hill is dotted with ancient temples and shrines dating back to the early Vijayanagara period. The temples are known for intricate carvings, small shrines, and panoramic views of Hampi. It is believed to have been a spiritual center for devotees and meditation. The hill reflects the religious and cultural vibrancy of the era.",Hemakuta Hill is dotted with numerous small temples offering panoramic views of Hampi. The cluster of shrines showcases varied architectural styles and intricate carvings. The hill is ideal for exploring historical ruins and enjoying sunrise or sunset views. Its serene environment makes it a favored spot for photography.,,,A0005,15.3329279,76.4593547
Hampi,Matanga Hill,Natural; Adventure/Outdoor; Relaxation; Cultural,"Open all day, best visited at sunrise",1.5-2 hours,"Matanga Hill is famous for offering breathtaking panoramic views of Hampi, especially at sunrise and sunset. The hill is named after a sage who is believed to have meditated here. Several small temples and ruins hint at its historical significance. Visitors climb the hill to experience both the natural beauty and spiritual ambiance.","Matanga Hill is famous for its breathtaking sunrise and sunset viewpoints. It offers a panoramic view of Hampi’s ruins, Tungabhadra River, and surrounding landscapes. The hill is a popular trekking spot with historical significance. Visitors appreciate the combination of natural beauty and ancient heritage.",,,A0006,15.3313508,76.4683038
Hampi,Hampi Bazaar,Shopping & Culinary; Cultural; Urban Exploration,06:00 AM - 11:00 PM,1-2 hours,"Hampi Bazaar was once a thriving market street in the Vijayanagara Empire, serving traders and pilgrims visiting the Virupaksha Temple. The street is lined with ruins of old pavilions and shops. It provides a glimpse into the commercial and social life of medieval Hampi. The vibrant layout reflects the city’s bustling trade and cultural exchanges.",Hampi Bazaar is a historic marketplace lined with stone pavilions and ruins of old shops. It was once a bustling center of trade and commerce in the Vijayanagara Empire. The site highlights traditional architecture and ancient merchant life. Walking through the bazaar offers a glimpse of Hampi’s vibrant past.,,,A0007,15.334642,76.462712
Hampi,Achyutaraya Temple,Religious/Spiritual; Architectural; Historical; Cultural,06:00 AM - 01:00 PM & 04:00 PM - 08:00 PM,1 hour,"Achyutaraya Temple is a grand temple complex dedicated to Lord Tiruvengalanatha, built during King Achyuta Deva Raya’s reign. It showcases elaborate carvings, pillared halls, and ornate gateways. The temple served as a major center of worship and royal ceremonies. The structure reflects the grandeur and devotion of the Vijayanagara era.","Achyutaraya Temple is known for its massive courtyards, intricately carved pillars, and grand architecture. The temple features detailed sculptures of gods, celestial beings, and mythological stories. Its layout and artistic design reflect Vijayanagara architectural brilliance. The temple remains less crowded, offering a peaceful exploration experience.",,,A0008,15.3319603,76.4700879
Hampi,Tungabhadra River & Coracle rides,Natural; Adventure/Outdoor; Relaxation,,1-1.5 hours,"The Tungabhadra River has been central to Hampi’s landscape, providing water and supporting agriculture for centuries. Coracle rides offer a unique way to experience the river and surrounding ruins. The riverbanks have historically hosted religious rituals and festivals. Today, it provides both scenic beauty and a glimpse into Hampi’s traditional lifestyle.","The Tungabhadra River is a scenic and tranquil waterway flowing through Hampi. Coracle rides offer a unique way to experience the river and its surroundings. Tourists enjoy observing local flora, fauna, and the river’s reflection of nearby ruins. The rides provide both adventure and a cultural connection to Hampi’s riverside life.",,,A0009,15.3444252,76.4933824
Hampi,Hazara Rama Temple,Religious/Spiritual; Historical; Architectural; Cultural,06:00 AM - 06:00 PM,30-45 minutes,"Hazara Rama Temple is known for its exquisite bas-reliefs depicting scenes from the Ramayana. Built for the royal family, it was likely used for private worship and ceremonial purposes. The temple’s name, meaning “Temple of a Thousand Ramas,” reflects its intricate carvings. It remains an important site for art and history enthusiasts.",Hazara Rama Temple is famous for its intricate bas-reliefs depicting scenes from the Ramayana. The temple’s compact size and detailed artistry make it unique. Visitors are captivated by the storytelling through sculptures and its historical significance. The temple exemplifies Vijayanagara craftsmanship and devotion.,,,A0010,15.3177967,76.4688676
Hampi,Malyavanta Raghunatha Temple,Religious/Spiritual; Cultural; Historical,06:00 AM - 06:00 PM,30-45 minutes,"Malyavanta Raghunatha Temple is dedicated to Lord Rama and located near the river, offering serene surroundings. The temple is associated with legends of sage Malya and the early Vijayanagara kings. Its architecture is modest but spiritually significant. The site continues to attract devotees seeking peace and divine blessings.",Malyavanta Raghunatha Temple is noted for its peaceful ambiance and historical relevance. It features traditional Vijayanagara-style carvings and a serene setting near the river. Pilgrims and tourists alike appreciate its spiritual significance and scenic surroundings. The temple offers a glimpse into Hampi’s religious life.,,,A0011,15.3245174,76.4878101
Hampi,Royal Enclosure,Historical; Architectural; Cultural,06:00 AM - 06:00 PM,1-1.5 hours,"The Royal Enclosure was the administrative and ceremonial center of the Vijayanagara Empire. It includes audience halls, royal residences, and watchtowers. The complex reflects the empire’s power, wealth, and architectural sophistication. Excavations reveal the grandeur of a thriving medieval capital.","The Royal Enclosure showcases the grandeur of Vijayanagara kings with its palaces, halls, and courtyards. Key highlights include the audience halls, watchtowers, and artistic carvings. The site reflects the empire’s political and administrative sophistication. Its scale and preserved structures offer a remarkable historical experience.",,,A0012,15.3317,76.4675
Mysuru,Mysore Palace,Historical; Architectural; Cultural; Events & Festivals; Museums & Educational,10:00 AM – 5:30 PM,,"Mysore Palace is the grand royal residence of the Wodeyar dynasty and a prime example of Indo-Saracenic architecture. The palace is adorned with intricate carvings, domes, and expansive halls, reflecting the opulence of the bygone era. It serves as the centerpiece of Mysuru’s famous Dasara festival celebrations. Millions of tourists visit annually to witness its majestic interiors and illuminated exterior at night.","Mysore Palace is famed for its grand Indo-Saracenic architecture, intricate carvings, and expansive courtyards. The palace’s ornate interiors, including the Durbar Hall and royal galleries, showcase the opulence of the Wodeyar dynasty. Nighttime illumination adds a magical charm, attracting photographers and tourists. The palace also hosts cultural events, making it a vibrant historical landmark.",,,A0013,12.305199,76.654549
Mysuru,Chamundi Hill,Natural; Religious/Spiritual; Adventure/Outdoor,"Open 24 hours; temple darshan from 7:30 AM – 2:00 PM, 3:30 PM – 6:00 PM, and 7:30 PM – 9:00 PM",,"Chamundi Hill rises prominently above Mysuru and is a significant religious and historical landmark. It offers panoramic views of the city and is dotted with ancient temples and statues. The hill is named after the goddess Chamundi, who is worshiped for her protective powers. Pilgrims and tourists alike climb its 1,000 steps to reach the summit and seek blessings.","Chamundi Hill offers panoramic views of Mysore city and is a popular spot for trekking and sightseeing. The hill is dotted with smaller shrines and statues, enhancing its spiritual ambiance. Its scenic pathways and lush surroundings make it a favorite for nature lovers. The hill’s historical and religious significance adds to its appeal.",,,A0014,12.2724017,76.6703937
Mysuru,Chamundeshwari Temple,Religious/Spiritual; Historical; Architectural,7:30 AM – 2:00 PM & 3:30 PM – 6:00 PM & 7:30 PM – 9:00 PM,,"Chamundeshwari Temple, located at the top of Chamundi Hill, is dedicated to Goddess Chamundeshwari, an incarnation of Durga. The temple’s ornate carvings and gopuram showcase traditional Dravidian architecture. It has been an important pilgrimage site for centuries. Devotees visit to offer prayers and participate in annual festivities honoring the goddess.","Chamundeshwari Temple is renowned for its majestic gopuram, exquisite carvings, and the idol of Goddess Chamundeshwari. The temple’s vibrant festivals, especially during Navaratri, draw large crowds of devotees. The long stairway leading up the hill adds to the temple’s experience. Its spiritual significance and architectural beauty make it a key attraction.",,,A0015,12.122957,76.691251
Mysuru,Mysore Zoo,Wildlife; Educational; Entertainment,8:30 AM – 5:30 PM,,"Mysore Zoo, officially called Sri Chamarajendra Zoological Gardens, is one of the oldest and most well-maintained zoos in India. Established in 1892, it houses a wide variety of exotic and indigenous species. The zoo focuses on conservation, breeding, and education. Its lush gardens and enclosures provide a natural habitat for animals, attracting families and wildlife enthusiasts.","Mysore Zoo is famous for its diverse collection of animals, birds, and reptiles in well-maintained enclosures. It emphasizes conservation and education, attracting families and wildlife enthusiasts. The zoo’s landscaped gardens and walking paths provide a pleasant experience. Visitors can see rare and endangered species up close.",,,A0016,12.3006384,76.6682663
Mysuru,St. Philomena’s Cathedral,Religious/Spiritual; Architectural; Historical,5:00 AM – 6:00 PM,,"St. Philomena’s Cathedral is a striking Gothic-style church built in the 1930s in Mysuru. Its twin spires and stained glass windows depicting biblical scenes make it architecturally significant. The cathedral is dedicated to Saint Philomena, a revered Christian martyr. It remains an active place of worship and a popular tourist attraction.","St. Philomena’s Cathedral stands out with its neo-gothic architecture, tall spires, and stained glass windows. The church’s interior and detailed artwork create a serene atmosphere for worship and photography. It is one of the largest churches in India. The cathedral’s historical significance and grandeur draw both tourists and devotees.",,,A0017,12.3209949,76.65828217
Mysuru,Brindavan Gardens,Natural; Relaxation; Entertainment; Events & Festivals,"6:00 AM – 8:00 PM, 6:00 AM – 9:00 PM",,"Brindavan Gardens, located near the Krishnarajasagara Dam, are known for their symmetrical layout and musical fountain shows. The gardens combine Mughal-style landscaping with natural beauty, featuring terraces, flowerbeds, and fountains. They have been a favorite spot for leisure and photography since their creation in the 1930s. Visitors enjoy evening illumination shows that highlight the gardens’ charm.","Brindavan Gardens is famous for its symmetrical landscaping, musical fountain, and illuminated water shows in the evening. The gardens feature well-manicured lawns, flower beds, and walkways along the dam. Visitors enjoy boating and evening entertainment. Its blend of nature and design makes it a top attraction near Mysore.",,,A0018,12.31968,76.625018
Mysuru,Jaganmohan Palace,Historical; Architectural; Cultural; Museums & Educational,8:30 AM – 5:00 PM,,"Jaganmohan Palace was built as a royal residence and is now an art gallery and museum. It houses exquisite paintings, artifacts, and traditional Mysuru handicrafts. The palace is known for its elegant architecture and ornate halls. It reflects the rich cultural and artistic heritage of the Wodeyar dynasty.","Jaganmohan Palace is known for its fine architecture and art collections, including paintings, sculptures, and traditional artifacts. The palace serves as an art gallery and cultural center, highlighting Mysore’s heritage. Visitors can explore royal chambers and exhibition halls. Its historical significance and aesthetic charm make it a notable site.",,,A0019,12.30681,76.65094
Mysuru,Art Gallery,Museums & Educational;Cultural;Historical,,,"Located within the palace complex, it showcases Chola bronze statues, ancient paintings, and artifacts. The collection highlights the artistic brilliance of South Indian dynasties across centuries.","Located within Thanjavur Palace, showcasing paintings, sculptures, and artifacts. Highlights include traditional Tanjore paintings and bronze idols. The gallery offers insights into the artistic heritage of Tamil Nadu. Visitors can appreciate centuries-old craftsmanship and creativity. It complements the historical experience of the palace.",,,A0020,12.3068258,76.6500053
Mysuru,Rail Museum,Museums & Educational; Historical,10:00 AM – 5:30 PM,,"Mysore Rail Museum exhibits vintage locomotives, carriages, and railway memorabilia from India’s colonial and post-independence eras. It provides insights into the history and development of Indian railways. The museum is interactive, making it educational and enjoyable for children and adults. It highlights the role of rail transport in the region’s economic and social growth.","Mysore Rail Museum is popular for its vintage locomotives, carriages, and railway artifacts. The museum offers a glimpse into India’s railway history and technological evolution. Children enjoy miniature train rides, adding to the interactive experience. Its historical and educational value makes it a family-friendly attraction.",,,A0021,12.3158751,76.643859
Mysuru,Karanji Lake,Natural; Adventure/Outdoor; Relaxation,10:00 AM – 5:30 PM,,"Karanji Lake is an urban freshwater lake and bird sanctuary located in Mysuru. Surrounded by gardens and walking trails, it offers boating and serene natural views. The lake attracts migratory and resident birds, making it a popular spot for birdwatching. It provides a peaceful retreat from the city’s hustle while promoting conservation awareness.","Karanji Lake is known for its tranquil waters, scenic walking trails, and boating facilities. The lake is surrounded by gardens, providing a serene environment for nature lovers. Visitors can enjoy bird-watching and photography. Its peaceful ambiance makes it a perfect escape within the city.",,,A0022,12.3021792,76.6732818
Mysuru,Butterfly Park,Natural; Wildlife; Educational,10:00 AM – 5:30 PM,,"Butterfly Park, adjacent to Karanji Lake, is a controlled habitat for numerous butterfly species. It features lush greenery, flowering plants, and educational displays on butterfly life cycles. The park highlights biodiversity and the importance of pollinators in the ecosystem. Visitors enjoy observing colorful butterflies in a natural and protected environment.",Butterfly Park at Karanji Lake is famous for its tropical flora and vibrant butterfly species. The park is designed to create a natural habitat for butterflies and other insects. Visitors enjoy educational displays and nature walks. Its colorful and lively environment is ideal for families and wildlife enthusiasts.,,,A0023,12.30278,76.67361
Mysuru,Lalitha Mahal Palace,Architectural; Historical; Luxury,Open 24 hours; timings for specific events may vary,,"Lalitha Mahal Palace, the second largest palace in Mysuru, was built to host European guests of the Wodeyars. Its white domes, grand staircases, and classical architecture reflect regal elegance. Today, it operates as a heritage hotel, allowing visitors to experience royal luxury. The palace is a symbol of Mysuru’s aristocratic past and architectural finesse.","Lalitha Mahal Palace is renowned for its European-style architecture, grand halls, and royal interiors. The palace has been converted into a luxury heritage hotel while retaining its historical charm. Visitors admire its staircases, domes, and gardens. Its regal ambiance makes it one of Mysore’s iconic landmarks.",,,A0024,12.2982599,76.692515
Mysuru,Ranganathittu Bird Sanctuary,Wildlife; Natural; Adventure/Outdoor; Relaxation,9:00 AM – 6:00 PM,,"Ranganathittu Bird Sanctuary, located on the banks of the Kaveri River, is home to a variety of migratory and resident birds. Established in 1940, it provides nesting and feeding grounds for storks, pelicans, and kingfishers. The sanctuary is popular for boat safaris and birdwatching activities. It plays a vital role in regional biodiversity conservation.","Ranganathittu Bird Sanctuary is famous for its large population of migratory and native birds along the banks of the Kaveri River. Visitors enjoy boat rides and close-up views of herons, storks, and pelicans. The sanctuary is ideal for photography, nature walks, and bird-watching. Its rich biodiversity makes it a unique ecological attraction.",,,A0025,12.4280703,76.653645
Coorg,Abbey Falls,Natural;Adventure/Outdoor;Relaxation,6:00 AM – 6:00 PM,,"Abbey Falls is a beautiful waterfall located near Madikeri in Coorg, surrounded by coffee and spice plantations. The water cascades down a rocky cliff, creating a stunning natural scene, particularly during the monsoon season. It is a popular spot for tourists and photographers seeking picturesque views. The area around the falls is rich in flora and fauna, adding to its appeal.",Abbey Falls is famous for its scenic waterfall cascading through lush coffee plantations. The surrounding mist and greenery create a serene atmosphere for photography and sightseeing. The wooden bridge near the falls offers an excellent viewpoint. Its location in Coorg makes it a popular nature attraction.,,,A0026,12.459205,75.719668
Coorg,Raja’s Seat,Natural;Relaxation;Cultural,6:00 AM – 6:00 PM,,"Raja’s Seat is a scenic viewpoint in Madikeri that offers panoramic views of the Coorg hills and valleys. Historically, it served as a leisure spot for the kings of Coorg to enjoy sunsets. The gardens are adorned with vibrant flowers and a musical fountain. Today, it attracts visitors for its natural beauty and historical significance.",Raja’s Seat is a picturesque viewpoint in Coorg offering panoramic views of the valley and hills. It is known for its vibrant gardens and sunset vistas. The site features a historical pavilion used by kings for leisure. Its combination of natural beauty and historical charm attracts visitors year-round.,,,A0027,12.4141582,75.7369566
Coorg,Dubare Elephant Camp,Wildlife;Adventure/Outdoor;Cultural,9:00 AM – 11:00 AM & 4:00 PM – 5:00 PM,,"Dubare Elephant Camp is a wildlife center along the banks of the Cauvery River where visitors can interact with elephants. Guests can feed, bathe, and learn about elephant care and conservation. The camp serves both educational and recreational purposes. It highlights the cultural and ecological importance of elephants in the region.","Dubare Elephant Camp is renowned for close encounters with elephants, including bathing and feeding experiences. Visitors can learn about elephant conservation and care. The camp’s riverside location adds to its scenic appeal. Its interactive wildlife experience makes it unique for tourists.",,,A0028,12.4461,75.9820
Coorg,Namdroling Monastery,Religious/Spiritual;Cultural;Architectural,"Open 24 hours; prayer sessions from 6:30 AM – 7:30 AM, 10:30 AM – 11:30 AM, and 6:30 PM – 7:30 PM",,"Namdroling Monastery, also known as the Golden Temple, is a major Tibetan Buddhist center in Bylakuppe. Famous for its golden statues and vibrant prayer halls, it offers meditation, cultural experiences, and spiritual teachings. The monastery preserves Tibetan heritage and attracts devotees and tourists alike. Its architecture and spiritual ambiance are truly remarkable.","Namdroling Monastery in Coorg is famous for its golden statues, colorful murals, and Tibetan Buddhist architecture. It serves as a spiritual center and cultural hub. Visitors witness daily prayers, rituals, and meditation sessions. Its peaceful ambiance and vibrant décor make it a must-visit.",,,A0029,12.4312498,75.96700251
Coorg,Nagarhole National Park,Wildlife;Adventure/Outdoor;Natural,6:00 AM – 9:00 AM & 4:00 PM – 6:00 PM,,"Nagarhole National Park is a wildlife sanctuary known for its tigers, elephants, and rich biodiversity. Part of the Nilgiri Biosphere Reserve, it is ideal for jeep safaris and wildlife spotting. Visitors can explore the forest and observe animals in their natural habitat. The park plays a significant role in regional conservation and eco-tourism.","Nagarhole National Park is known for its rich biodiversity, including tigers, elephants, and leopards. Safari rides through dense forests provide wildlife spotting opportunities. The park also features rivers, grasslands, and birdwatching spots. Its protected ecosystem and adventure experiences make it a top wildlife destination.",,,A0030,12.04058,76.13371
Coorg,Talacauvery,Natural;Religious/Spiritual;Cultural,Open 24 hours; temple darshan from 6:00 AM – 12:00 PM & 5:00 PM – 8:00 PM,,"Talacauvery is considered the sacred origin of the river Cauvery, located atop Brahmagiri Hill in Coorg. Pilgrims visit the Cauvery Temple for ritual baths and worship. The site offers scenic views of surrounding hills and forests. Its spiritual and natural significance makes it a must-visit destination.","Talacauvery, the origin of the River Cauvery, is a sacred spot in Coorg. The temple and surrounding hills attract pilgrims and tourists alike. The misty landscape and religious significance enhance its charm. Visitors often enjoy peaceful nature walks around the site.",,,A0031,11.95,75.95
Coorg,Iruppu Falls,Natural;Adventure/Outdoor;Religious/Spiritual,6:00 AM – 6:00 PM,,"Iruppu Falls is a majestic waterfall in Coorg, set amidst dense forests of the Western Ghats. The falls hold mythological importance, as they are linked to Lord Rama. Visitors enjoy trekking, picnicking, and photography in the area. Its serene environment and natural beauty make it a popular attraction.","Iruppu Falls is a scenic waterfall in Coorg, popular for trekking and nature photography. The cascading waters amidst dense forest create a tranquil atmosphere. It is associated with local legends and religious significance. Its accessibility and natural beauty make it a top attraction.",,,A0032,11.96703,75.98359
Coorg,Coffee plantations,Natural;Cultural;Shopping & Culinary;Relaxation,,,"Coorg’s coffee plantations are sprawling estates producing high-quality Arabica and Robusta beans. Visitors can tour the plantations, observe harvesting, and participate in coffee tasting. The estates form a vital part of Coorg’s economy and culture. They also enhance the scenic beauty of the region with lush greenery.","Araku Valley’s Coffee Plantations are lush estates producing high-quality Arabica coffee. Visitors can take guided tours to learn about coffee cultivation and processing. The plantations provide scenic landscapes of rolling hills and greenery. Coffee tasting sessions are popular among tourists. They combine educational, cultural, and leisure experiences.",,,A0033,12.4208,75.7397
Coorg,Madikeri Fort,Historical;Architectural;Cultural;Museums & Educational,10:00 AM – 5:30 PM,,"Madikeri Fort, built in the 17th century, is a historic landmark in the heart of Madikeri. The fort houses temples and provides panoramic views of the surrounding hills. Its architecture reflects strategic planning and cultural heritage. It remains a significant tourist attraction in Coorg.","Madikeri Fort is known for its historical significance and panoramic hilltop views. The fort complex includes temples, bastions, and a museum. Its blend of architecture and history attracts tourists and history enthusiasts. The site offers a glimpse into Coorg’s royal past.",,,A0034,12.4190463,75.7353333
Coorg,Omkareshwara Temple,Religious/Spiritual;Architectural;Cultural,6:00 AM – 12:00 PM & 5:00 PM – 9:00 PM,,"Omkareshwara Temple is dedicated to Lord Shiva and features a blend of Gothic and Islamic architectural styles. Built in the 19th century, it includes tranquil ponds and intricate carvings. The temple is an important religious and historical site. It attracts both devotees and tourists for worship and sightseeing.",Omkareshwara Temple is a unique blend of Gothic and Islamic architectural styles dedicated to Lord Shiva. Its black-and-white striped domes and tranquil surroundings stand out. Visitors enjoy the spiritual ambiance and scenic location. The temple is a symbol of Madikeri’s cultural heritage.,,,A0035,12.420546,75.741304
Gokarna,Om Beach,Beach & Coastal;Natural;Relaxation;Adventure/Outdoor,Open 24 hours; best visited during daylight hours,,"Om Beach is a crescent-shaped beach in Gokarna, named for its resemblance to the sacred Hindu symbol ‘Om’. It is popular for its peaceful atmosphere, golden sands, and water activities. Pilgrims and tourists visit for relaxation and scenic views. Its natural beauty and spiritual vibe make it a unique coastal destination.","Om Beach in Gokarna is famous for its natural Om-shaped shoreline and pristine sands. It is ideal for swimming, sunbathing, and beachside activities. The beach is also popular for camping and adventure sports. Its unique shape and serene environment make it a major attraction.",,,A0036,14.5190647,74.3254238
Gokarna,Kudle Beach,Beach & Coastal;Natural;Relaxation;Adventure/Outdoor,Open 24 hours; best visited during daylight hours,,"Kudle Beach is a quiet, scenic beach near Gokarna, ideal for swimming, sunbathing, and yoga. The beach is less crowded, offering a serene environment for visitors. Coconut groves and small cafes add charm to the location. Its calm waters and picturesque surroundings make it perfect for leisure.","Kudle Beach is a scenic and less crowded beach in Gokarna. It is known for its golden sands, gentle waves, and relaxed vibe. Visitors enjoy yoga sessions, beach walks, and sunset views. Its calm and picturesque setting makes it ideal for leisure.",,,A0037,14.5284484,74.3158376
Gokarna,Half Moon Beach,Beach & Coastal;Natural;Relaxation;Adventure/Outdoor,Open 24 hours; best visited during daylight hours,,"Half Moon Beach is a secluded crescent-shaped beach accessible by trekking or boat from Gokarna. Surrounded by cliffs and coconut groves, it offers privacy and natural beauty. It is ideal for picnics, camping, and photography. The beach attracts visitors seeking an adventurous and peaceful escape.","Half Moon Beach is a secluded crescent-shaped beach accessible by trekking or boat. Its peaceful environment and natural beauty attract travelers seeking solitude. The beach is ideal for camping, bonfires, and nature photography. Its remote charm sets it apart from other beaches.",,,A0038,14.5181286,74.3317205
Gokarna,Paradise Beach,Beach & Coastal;Natural;Relaxation;Adventure/Outdoor,Open 24 hours; best visited during daylight hours,,"Paradise Beach is a small, unspoiled beach near Gokarna known for its clear waters and tranquility. It is accessible via trekking or boat, making it a hidden gem. Visitors enjoy swimming, relaxing, and enjoying the untouched environment. Its secluded nature adds to its charm and serenity.","Paradise Beach is renowned for its pristine sands and clear waters. It is a tranquil spot accessible by trekking or boat rides. The beach is perfect for swimming, relaxing, and scenic photography. Its untouched and serene ambiance makes it a hidden gem.",,,A0039,14.5181176,74.3376054
Gokarna,Gokarna Main Beach,Beach & Coastal;Natural;Relaxation;Adventure/Outdoor,Open 24 hours; best visited during daylight hours,,Gokarna Main Beach is located near the town and is frequented by pilgrims and tourists alike. It offers views of the sunset and nearby temples. The beach is suitable for evening walks and local cultural experiences. Its proximity to the town makes it easily accessible for visitors.,"Gokarna Main Beach is central to the town and known for its vibrant local vibe. Visitors can enjoy waterside activities, eateries, and cultural experiences. It serves as a hub for travelers before exploring nearby secluded beaches. Its accessibility and lively atmosphere are key highlights.",,,A0040,14.54331,74.31433
Gokarna,Mahabaleshwar Temple,Religious/Spiritual;Cultural;Architectural;Historical,6:00 AM – 1:00 PM & 5:00 PM – 8:00 PM,,Mahabaleshwar Temple is an ancient Hindu temple dedicated to Lord Shiva. It has historical and religious significance in the Gokarna region. Pilgrims visit to offer prayers and participate in festivals. The temple’s architecture and serene surroundings enhance its spiritual ambiance.,"Mahabaleshwar Temple is famous for its historic architecture and spiritual significance. Dedicated to Lord Shiva, the temple attracts devotees and tourists alike. Its location amidst scenic hills enhances the visiting experience. The temple is an important cultural and religious landmark.",,,A0041,14.5506618,74.3314554
Gokarna,Mirjan Fort,Historical;Architectural;Cultural;Adventure/Outdoor,6:00 AM – 6:00 PM,,"Mirjan Fort, built in the 16th century near Gokarna, served as a strategic coastal fortification. The fort is partially ruined but retains impressive stone walls and gateways. Surrounded by lush greenery and rivers, it provides scenic and historical interest. The fort reflects the region’s past military and maritime importance.","Mirjan Fort is a 16th-century coastal fort known for its strategic architecture and historical significance. Surrounded by rivers and lush greenery, it offers a scenic backdrop. Visitors explore its bastions, gateways, and ruins. The fort reflects coastal Karnataka’s rich heritage.",,,A0042,14.49251,74.42554
Gokarna,Yana Caves,Natural;Adventure/Outdoor;Relaxation;Cultural;Historical,6:00 AM – 6:00 PM,,"Yana Caves are unique karst limestone formations near Gokarna, famous for their towering black rocks. They are associated with legends from the Ramayana and attract pilgrims and adventurers. The caves offer trekking opportunities and natural exploration. Their dramatic landscape makes them a remarkable geological site.",Yana Caves are striking limestone rock formations known for their unique shapes and natural beauty. Trekking to the caves provides panoramic views of dense forests and hills. The site is spiritually significant with temples nearby. Its geological and scenic uniqueness draws nature lovers and adventurers.,,,A0043,14.58962565,74.56697019
Jog Falls,"Raja, Rani, Rocket, Roarer Cascades",Natural;Adventure/Outdoor;Relaxation,Open 24 hours; best viewed during daylight hours,,"These four waterfalls form Jog Falls, one of India’s highest and most spectacular waterfalls. Each cascade has its own unique flow and name, creating a breathtaking sight during the monsoon. The Sharavathi River feeds the falls, and the surrounding cliffs enhance the scenery. Visitors come for photography, sightseeing, and nature experiences.","These waterfalls in Coorg are known for their cascading beauty and scenic surroundings. Each falls has a unique feature: size, sound, or viewpoint. Trekking trails lead visitors close to the falls for photography and nature exploration. They provide an adventurous and refreshing experience.",,,A0044,14.2293,74.81231
Jog Falls,Watkins Platform viewpoint,Natural;Adventure/Outdoor;Relaxation;Urban Exploration,,,"Watkins Platform offers a panoramic view of Jog Falls and the surrounding landscape. Built during the British era, it serves as a prime vantage point for tourists. Visitors can capture the full grandeur of the four cascades from here. The platform combines historical significance with natural beauty.","Watkins Platform Viewpoint offers panoramic views of Coorg’s valleys, hills, and coffee plantations. It is ideal for sunrise and sunset photography. The viewpoint’s open setting makes it perfect for leisurely walks. Its scenic charm is a major highlight of Coorg.",,,A0045,14.2293,74.81231
Jog Falls,Linganamakki Dam,Natural;Adventure/Outdoor;Relaxation;Historical,6:00 AM – 6:00 PM,,Linganamakki Dam is built on the Sharavathi River and serves as a hydroelectric and irrigation project. It provides scenic views of the reservoir and forested hills around it. The dam is an engineering landmark and a popular stop for tourists visiting Jog Falls. It supports both regional development and recreational activities.,"Linganamakki Dam is known for its large reservoir and picturesque surroundings along the Sharavathi River. Visitors enjoy boating, scenic views, and picnicking near the dam. The structure is also significant for hydroelectric power generation. Its scale and natural beauty make it a popular attraction.",,,A0046,14.1758978,74.84646238
Jog Falls,trekking trails,Adventure/Outdoor;Natural;Relaxation;Wildlife,,,"The trekking trails around Jog Falls and the Western Ghats offer adventure amidst dense forests, cliffs, and river valleys. Hikers can explore scenic viewpoints, waterfalls, and diverse flora and fauna. The trails provide a mix of fitness, adventure, and natural beauty. Trekking here allows visitors to experience both the thrill and tranquility of the region.","Coorg’s trekking trails are famous for lush greenery, misty hills, and scenic viewpoints. Trails lead to waterfalls, forts, and viewpoints, offering adventure and exploration. Trekking enthusiasts enjoy diverse terrains and rich biodiversity. The trails combine physical challenge with natural beauty.",,,A0047,14.22,74.81
Badami,Cave Temples,Historical;Architectural;Cultural;Religious/Spiritual,9:00 AM – 5:30 PM,,"The Mahabalipuram Cave Temples, carved by the Pallavas in the 7th century, feature stunning rock-cut architecture. They contain panels depicting mythological stories, including the famous “Durga slaying Mahishasura.” These caves highlight the Pallava mastery in blending art with spirituality. Many are part of the UNESCO World Heritage Site group.",Mahabalipuram’s Cave Temples are rock-cut sanctuaries featuring elaborate carvings of Hindu deities. Visitors can explore the intricate sculptures and architecture. The caves depict stories from epics like Ramayana and Mahabharata. They are serene spaces for reflection and cultural appreciation. The craftsmanship represents early Dravidian art and devotion.,,,A0048,15.9183722,75.6843849
Badami,Agastya Lake,Natural;Relaxation;Adventure/Outdoor,6:00 AM – 6:00 PM,,"Agastya Lake is a sacred artificial lake in Badami, surrounded by hills and ancient temples. Named after Sage Agastya, it is believed to have spiritual and religious importance. The lake is used for ritual bathing during festivals and ceremonies. Its serene environment attracts both pilgrims and tourists seeking scenic beauty and peace.","Agastya Lake is a serene man-made reservoir surrounded by red sandstone cliffs. It served as a water source for the town and pilgrims visiting nearby temples. The lake’s calm waters reflect the surrounding caves and temples, enhancing its scenic beauty. It is a tranquil spot for photography and spiritual reflection.",,,A0049,15.919,75.684
Badami,Bhutanatha Temples,Religious/Spiritual;Architectural;Cultural;Historical,6:00 AM – 6:00 PM,,"Bhutanatha Temples are a cluster of shrines near Agastya Lake dedicated to Lord Shiva in his Bhutanatha form. Built during the Chalukya period, they exhibit intricate carvings and classical stone architecture. The temples highlight the religious devotion and artistic excellence of early medieval Karnataka. Visitors appreciate both their spiritual and historical significance.","Bhutanatha Temples, situated along Agastya Lake, are famous for their intricate carvings and small shrines dedicated to Lord Shiva. The temples showcase Chalukyan architectural style with ornate pillars and sculptures. Visitors admire the combination of water, stone, and artistry. The location provides both historical and scenic highlights.",,,A0050,15.920817,75.68774133
Badami,Badami Fort,Historical;Architectural;Adventure/Outdoor;Cultural,6:00 AM – 6:00 PM,,"Badami Fort is a historic hilltop fort constructed for defense and observation during the Chalukya era. The fort includes gateways, bastions, and ancient water reservoirs. It provides panoramic views of Badami town and the surrounding landscape. The fort represents the strategic and architectural ingenuity of the period.","Badami Fort is known for its strategic hilltop location and defensive architecture. The fort includes gateways, ramparts, and bastions offering panoramic views of Badami town. It reflects the martial prowess and architectural ingenuity of the Chalukyan era. Exploring the fort provides insight into medieval history and scenic landscapes.",,,A0051,15.919961,75.678279
Aihole,Durga Temple,Historical;Architectural;Religious/Spiritual;Cultural,6:00 AM – 6:00 PM,,Durga Temple in Aihole is an early Chalukyan structure known for its apsidal design and remarkable carvings. The temple combines Dravidian and Nagara architectural styles. It was an important center for worship and art during the 7th century. Its unique layout and detailed sculptures make it a highlight of Aihole’s heritage.,"The Durga Temple is a unique example of early Chalukyan architecture, known for its semicircular apsidal design resembling a Buddhist chaitya. Its intricate carvings and detailed sculptures showcase both religious and cultural influences. The temple blends Nagara and Dravidian styles, making it an architectural gem of Aihole. It stands as an important heritage site for understanding India’s temple evolution.",,,A0052,16.020667,75.88194
Aihole,Lad Khan Temple,Religious/Spiritual;Architectural;Historical;Cultural,6:00 AM – 6:00 PM,,"Lad Khan Temple is one of the oldest temples in Aihole, dedicated to Lord Shiva. Its simple yet robust architecture exemplifies early Chalukya style. The temple has a spacious mandapa and intricately carved pillars. It provides insight into the religious and architectural practices of the 7th century.","Lad Khan Temple is one of the oldest temples in Aihole, known for its simple yet elegant stone construction. Its layout, carvings, and inscriptions reflect early Chalukyan architecture. The temple offers insight into the evolution of temple design. Its tranquil setting atop a small hill adds to its charm.",,,A0053,16.0199823,75.8812201
Aihole,Meguti Jain Temple,Religious/Spiritual;Architectural;Historical;Cultural,6:00 AM – 6:00 PM,,Meguti Jain Temple is a 7th-century temple dedicated to Jain Tirthankaras and is known for its detailed carvings and stone sanctum. It is one of the earliest examples of Jain architecture in Karnataka. The temple reflects the religious diversity and artistic sophistication of the Chalukya era. It remains a key site for heritage tourism and historical study.,"Meguti Jain Temple is notable for its ornate pillars, detailed sculptures, and inscriptions. Dedicated to Jain Tirthankaras, it highlights religious diversity in Aihole. The temple’s architectural finesse attracts historians and tourists alike. Its serene surroundings enhance the spiritual experience.",,,A0054,16.017266,75.883969
Pattadakal,Virupaksha Temple,Religious/Spiritual; Historical; Architectural; Cultural,06:00 AM - 01:00 PM & 05:00 PM - 09:00 PM,2-3 hours,"Virupaksha Temple is one of the oldest functioning temples in India, dedicated to Lord Shiva. It has been a major pilgrimage site since the 7th century and showcases stunning Vijayanagara architecture. The towering gopuram and intricate carvings reflect the region’s rich cultural heritage. The temple continues to attract devotees and tourists alike, preserving its spiritual and historical significance.","Virupaksha Temple in Pattadakal is renowned for its towering vimana, intricate carvings, and elaborate sculptures. It is a UNESCO World Heritage site and a prime example of Chalukyan architecture. Visitors admire its detailed reliefs depicting mythological scenes. The temple is a focal point of Pattadakal’s historic complex.",,,A0055,15.9492822,75.816255
Pattadakal,Mallikarjuna Temple,Religious/Spiritual;Architectural;Historical;Cultural,,,"Mallikarjuna Temple is a Dravidian-style Chalukyan temple dedicated to Lord Shiva. It features intricately carved pillars, ornate sculptures, and a spacious sanctum. Built during the 8th century, it reflects both devotion and artistic excellence. Visitors admire its detailed craftsmanship and historical significance.","Mallikarjuna Temple is known for its ornate stone carvings, pillared halls, and detailed iconography. The temple showcases the skill of Chalukyan artisans and architectural innovation. Its symmetry and sculptural details make it a visual highlight. The site reflects both religious significance and aesthetic excellence.",,,A0056,15.9494579,75.815881
Pattadakal,Papanatha Temple,Religious/Spiritual;Architectural;Historical;Cultural,,,"Papanatha Temple is a distinctive Chalukyan temple dedicated to Lord Shiva, combining Dravidian and Nagara architectural styles. Its finely carved pillars and decorative motifs showcase the skill of 8th-century artisans. The temple holds historical and architectural importance as an example of Chalukyan experimentation. Tourists appreciate its artistry and cultural value.",Papanatha Temple stands out for its intricate exterior carvings and complex architectural layout. The temple exhibits a blend of Dravidian and Nagara styles. Visitors are drawn to its sculptural artistry and historical context. Its ruined yet impressive structure offers insight into Pattadakal’s heritage.,,,A0057,15.9476326,75.816438
Pattadakal,Jain Temple,Religious/Spiritual;Architectural;Historical;Cultural,,,The Jain Temple in Pattadakal exemplifies early medieval Jain architecture with carved pillars and sculptures of Tirthankaras. It has a modest yet elegant sanctum and detailed stonework. The temple highlights the religious diversity and architectural excellence of the Chalukya period. It remains a significant site for both devotees and heritage enthusiasts.,"The Jain Temple in Pattadakal is noted for its elegant stone carvings and peaceful ambiance. Dedicated to Jain Tirthankaras, it features intricately sculpted pillars and ceilings. The temple highlights religious diversity and architectural mastery. Its serene setting provides a tranquil experience for visitors.",,,A0058,15.9497159,75.8080537
Chikkamagaluru,Mullayanagiri Peak,Natural;Adventure/Outdoor;Relaxation,,,"Mullayanagiri Peak is the highest peak in Karnataka, located in Chikkamagaluru. It offers panoramic views of the Western Ghats and lush valleys below. Trekkers and nature enthusiasts visit for its serene environment and challenging trails. The peak is dotted with small temples and religious spots, adding cultural significance.","Mullayanagiri Peak is the highest point in Karnataka, offering panoramic views of lush valleys and rolling hills. It is popular among trekkers for its challenging trails and cool climate. The peak is dotted with small caves and a temple dedicated to Lord Shiva. Its sunrise and sunset views are particularly breathtaking.",,,A0059,13.3909217,75.7214034
Chikkamagaluru,Baba Budangiri Hills,Natural;Adventure/Outdoor;Religious/Spiritual;Relaxation,,,"Baba Budangiri Hills are a sacred and scenic range in Chikkamagaluru, famous for Sufi shrines and coffee plantations. The hills are named after the Sufi saint Baba Budan and attract pilgrims and tourists alike. Waterfalls and trekking paths make it an adventurous destination. The region combines spirituality with natural beauty and biodiversity.","Baba Budangiri Hills are known for their unique crescent-shaped mountain range and mystical caves. They are sacred to both Hindus and Muslims, with shrines dedicated to saint Baba Budan. The hills are also famous for their coffee cultivation history. The scenic beauty combined with spiritual significance makes it a must-visit.",,,A0060,13.4210884,75.7606996
Chikkamagaluru,Kudremukh National Park,Wildlife;Natural;Adventure/Outdoor;Relaxation,,,"Kudremukh National Park is a UNESCO-recognized biodiversity hotspot in Chikkamagaluru. It is home to endangered species like tigers, leopards, and elephants. Rolling hills, rivers, and dense forests make it ideal for wildlife enthusiasts and eco-tourists. The park reflects the ecological richness of the Western Ghats.","Kudremukh National Park is celebrated for its rolling green hills, trekking routes, and rich biodiversity. The name ""Kudremukh"" means ""horse face,"" inspired by the mountain’s shape. It shelters a wide range of wildlife including tigers, leopards, and exotic birds. Trekkers enjoy exploring its grasslands, waterfalls, and streams.",,,A0061,13.2539749,75.1830889
Chikkamagaluru,Hebbe Falls,Natural;Adventure/Outdoor;Relaxation,,,"Hebbe Falls is a spectacular waterfall in Chikkamagaluru, cascading through coffee estates and forests. It is accessible via trekking or jeep rides, providing an adventurous experience. The waterfall is surrounded by lush greenery and misty landscapes. Hebbe Falls is a popular spot for photography and nature exploration.",Hebbe Falls is a two-tiered waterfall set amidst coffee estates and dense forests. Its milky-white cascades drop into a pool believed to have medicinal properties. Reaching the falls involves a scenic trek or jeep ride. The lush greenery and soothing atmosphere make it a refreshing retreat.,,,A0062,13.5414025,75.7253701
Chikkamagaluru,Bhadra Wildlife Sanctuary,Wildlife;Natural;Adventure/Outdoor,,,"Bhadra Wildlife Sanctuary is a protected area in Chikkamagaluru, known for tigers, leopards, and various bird species. It offers jeep safaris and guided tours to explore its rich biodiversity. The sanctuary plays a vital role in wildlife conservation. Visitors enjoy the serene environment and abundant flora and fauna.","Bhadra Wildlife Sanctuary is renowned for its tiger reserve status and rich flora and fauna. It offers jeep safaris to spot tigers, elephants, leopards, and a variety of bird species. The sanctuary also features scenic backwaters and dense forests. Adventure lovers also enjoy boating and trekking in the region.",,,A0063,13.318014,75.7738743
Chikkamagaluru,Hirekolale Lake,Natural;Relaxation;Adventure/Outdoor,,,"Hirekolale Lake is a scenic man-made lake near Chikkamagaluru, offering tranquil views of the surrounding hills. It is a popular spot for photography, picnics, and sunset views. The lake is surrounded by coffee estates and misty landscapes. Its calm waters and peaceful ambiance attract both locals and tourists.",Hirekolale Lake is a picturesque man-made reservoir surrounded by the Western Ghats. It is known for its tranquil ambiance and reflection of Mullayanagiri Peak on clear days. The lake is a popular spot for photography and evening strolls. Its calm setting makes it ideal for nature lovers seeking peace.,,,A0064,13.357827,75.722128
Chikkamagaluru,Coffee estates,Cultural;Shopping & Culinary;Relaxation;Natural,,,"Chikkamagaluru is famous for its sprawling coffee estates, producing high-quality Arabica and Robusta beans. Visitors can tour plantations, witness the harvesting process, and participate in coffee tasting. The estates contribute to the region’s economy and cultural identity. They also add scenic charm with lush greenery and well-maintained landscapes.","The coffee estates of Chikkamagaluru are famed as the birthplace of coffee in India. Visitors can explore plantations, learn about coffee-making, and enjoy fresh brews. The estates often feature homestays surrounded by lush greenery. The aroma and scenic beauty make them a signature experience of the region.",,,A0065,13.31232,75.770889
Kabini & Bandipur,Kabini River,Natural;Relaxation;Adventure/Outdoor,,,"The Kabini River flows through Karnataka’s wildlife reserves, providing a lifeline for diverse flora and fauna. It is ideal for boat rides and coracle experiences, giving visitors a close view of aquatic life. The river banks are home to elephants, birds, and other wildlife. It plays a key role in the ecology of Kabini and Nagarhole regions.",The Kabini River is famed for its serene backwaters and wildlife-rich surroundings. It serves as a lifeline for the nearby forests and attracts herds of elephants. The river is also a popular spot for boat rides and nature photography. Its scenic sunsets are a major highlight.,,,A0066,11.8625,76.529
Kabini & Bandipur,Backwaters Safari,Wildlife;Adventure/Outdoor;Relaxation;Natural,,,"Backwaters safaris in Kabini allow visitors to explore the serene river ecosystem and spot wildlife along the banks. These safaris provide opportunities to see elephants, deer, and numerous bird species. The experience combines adventure with nature observation. It is especially popular during the dry season when animals gather near the river.","The Kabini backwaters safari offers a unique way to spot wildlife while cruising. Visitors can see elephants, crocodiles, and migratory birds along the banks. The calm waters and forest backdrop create a magical experience. It is one of the best safari experiences in South India.",,,A0067,11.9,76.53
Kabini & Bandipur,Nagarhole National Park Safari,Wildlife;Adventure/Outdoor;Natural,,,"The Nagarhole National Park Safari is a premier wildlife experience in Karnataka. The park is home to tigers, leopards, elephants, and a rich variety of birds. Guided jeep safaris allow visitors to explore dense forests and scenic trails. It is a must-visit for wildlife enthusiasts and photographers.","This safari provides opportunities to witness tigers, leopards, elephants, and wild dogs in their natural habitat. The park is also rich in birdlife and lush vegetation. Jeep and boat safaris are popular among tourists. Its diverse ecosystem makes it a haven for wildlife enthusiasts.",,,A0068,12.035,76.135
Kabini & Bandipur,Bandipur Tiger Reserve Safari,Wildlife;Adventure/Outdoor;Natural,,,"Bandipur Tiger Reserve Safari offers close encounters with tigers, elephants, and other wildlife in their natural habitat. The reserve is a crucial conservation area in the Western Ghats. Visitors can enjoy jeep safaris and nature trails. Bandipur combines adventure with ecological education and biodiversity awareness.","Bandipur Tiger Reserve is famous for its large population of tigers and elephants. Safaris here offer thrilling encounters with wildlife amidst dense forests. The reserve also shelters deer, peacocks, and numerous bird species. Its proximity to other reserves enhances its appeal as part of the Nilgiri Biosphere.",,,A0069,11.7788,76.4647
Kabini & Bandipur,Elephant sightings,Wildlife;Adventure/Outdoor;Natural,,,Kabini and Bandipur are famous for elephant sightings along riverbanks and forest trails. Elephants play a vital role in the local ecosystem. Observing them in the wild provides an unforgettable wildlife experience. Many lodges and safaris are designed to enhance these sightings safely.,"Kabini and Bandipur are especially famous for large elephant herds. Visitors often witness unique behavior like bathing and grazing in groups. Such gatherings, sometimes called “elephant paradises,” are rare in other regions. These sightings are a photographer’s delight.",,,A0070,11.8,76
Kabini & Bandipur,Bird watching,Wildlife;Adventure/Outdoor;Natural,,,"The Kabini and Bandipur regions are a paradise for bird watchers, with numerous migratory and resident species. Early morning safaris or treks allow spotting kingfishers, egrets, and raptors. The diverse habitats of forests, lakes, and grasslands support rich avian biodiversity. Birdwatching here combines recreation with wildlife appreciation.",Both Kabini and Nagarhole attract hundreds of resident and migratory birds. Species like the Malabar trogon and osprey are commonly spotted. Birdwatchers enjoy guided trails and boat rides. The variety makes it a paradise for ornithologists.,,,A0071,11.8,76
Kabini & Bandipur,Jungle lodges,Relaxation;Luxury;Adventure/Outdoor;Wildlife,,,"Jungle lodges in Kabini and Bandipur offer comfortable accommodation amidst wildlife and natural beauty. They provide guided safaris, nature walks, and eco-friendly stays. Staying in these lodges allows visitors to experience forest life closely. They enhance eco-tourism and promote conservation awareness.","Jungle lodges near Kabini and Bandipur provide eco-friendly stays amidst the forest. They offer guided safaris, nature walks, and campfire experiences. Guests enjoy staying close to wildlife while in comfort. It’s an immersive way to connect with nature.",,,A0072,12.3089301,77.2180578
Udupi,Sri Krishna Temple,Religious/Spiritual;Architectural;Cultural,,,"Sri Krishna Temple is a famous pilgrimage site in Udupi dedicated to Lord Krishna. The temple is centuries old and known for its unique idol and daily rituals. It has cultural and religious significance, attracting devotees from all over India. The temple complex also supports festivals and traditional music performances.","The Sri Krishna Temple is one of the most revered pilgrimage sites in Karnataka. It is unique for its idol of Lord Krishna viewed through a silver-plated window called ""Kanakana Kindi."" The temple follows centuries-old rituals established by Saint Madhvacharya. Devotees flock here for blessings and cultural festivals.",,,A0073,13.341185,74.7520421
Udupi,Malpe Beach,Beach & Coastal;Natural;Relaxation;Adventure/Outdoor,,,"Malpe Beach is a popular coastal destination near Udupi, known for golden sands and water sports. Visitors enjoy boating, beach walks, and seafood along the shore. The beach is also a gateway to St. Mary’s Island. Its relaxed atmosphere and scenic views make it a favorite for tourists and locals alike.","Malpe Beach is famous for its golden sands, water sports, and vibrant sunset views. It is the gateway to St. Mary’s Island, accessible by boat rides. The beach also has seafood shacks serving fresh catches. Its lively atmosphere makes it a favorite hangout.",,,A0074,13.3618485,74.6978759
Udupi,St. Mary’s Island,Natural;Beach & Coastal;Relaxation;Adventure/Outdoor,,,"St. Mary’s Island is a small island off Udupi, famous for its unique basalt rock formations and pristine beaches. Accessible by boat from Malpe, it provides a serene escape into nature. The island is historically linked to Portuguese sailors and local legends. Visitors come for sightseeing, photography, and picnicking.",St. Mary’s Island is renowned for its distinctive hexagonal basalt rock formations. These formations were created by volcanic activity millions of years ago. The island is also known for its pristine beaches and shells. It is a unique geological and scenic wonder.,,,A0075,13.3792064,74.6733444
Udupi,Kaup Beach,Beach & Coastal;Natural;Relaxation;Adventure/Outdoor,,,"Kaup Beach is a tranquil coastal spot near Udupi with a lighthouse offering panoramic views. The beach is ideal for relaxing walks, photography, and enjoying sunsets. It has historical significance due to its lighthouse built during the British period. The serene environment makes it a peaceful getaway.","Kaup Beach is noted for its iconic lighthouse perched on a rock. Visitors can climb the lighthouse for panoramic coastal views. The beach is less crowded, offering peace and scenic beauty. It’s a photographer’s delight, especially at sunset.",,,A0076,13.21873,74.73868
Udupi,Lighthouse,Historical;Architectural;Urban Exploration;Beach & Coastal,,,"The Kaup Lighthouse is a historic structure overlooking the Arabian Sea. It guides ships along the coast and offers tourists panoramic sea views. The lighthouse is surrounded by scenic beaches and coconut groves. It is a notable landmark combining utility, history, and tourism appeal.","Mahabalipuram Lighthouse is located on a hill near the shore, offering panoramic views of the town and sea. Visitors can climb to the top for photography and sightseeing. The lighthouse guides maritime traffic and adds historical value. Surrounding areas include beaches and rock-cut temples. It combines utility with scenic and cultural appeal.",,,A0077,13.2257122,74.7489239
Udupi,Pajaka Kshetra,Religious/Spiritual;Cultural;Natural,,,"Pajaka Kshetra is the birthplace of Sri Madhvacharya, the founder of the Dvaita philosophy. The site has temples and sacred spots commemorating his life and teachings. Pilgrims visit for spiritual reflection and rituals. It holds immense religious and cultural importance in Udupi.","Pajaka Kshetra is the birthplace of Saint Madhvacharya, the founder of the Dvaita philosophy. The site features shrines, ancestral homes, and sacred ponds. It holds deep spiritual and historical significance. Devotees visit to honor the saint’s legacy.",,,A0078,13.2714,74.7921
Udupi,Manipal,Urban Exploration;Cultural;Relaxation;Museums & Educational,,,"Manipal is a vibrant town near Udupi known for its educational institutions and modern infrastructure. It attracts students, tourists, and health seekers alike. The town combines contemporary urban life with proximity to natural attractions. Its educational and cultural significance makes it a notable destination in Karnataka.","Manipal is known as an educational hub and cosmopolitan township. It offers cultural diversity, modern facilities, and a lively student community. The town also features attractions like museums and art galleries. Its vibrant atmosphere contrasts with Udupi’s traditional charm.",,,A0079,13.3360724,74.7708331
Mumbai,Gateway of India,Historical;Architectural;Cultural;Urban Exploration,,,"The Gateway of India is an iconic monument in Mumbai, built in 1924 to commemorate the visit of King George V and Queen Mary. Overlooking the Arabian Sea, it blends Hindu and Islamic architectural styles. The gateway has historical significance as the ceremonial entrance for British officials and dignitaries. Today, it is a major tourist attraction and a hub for boat rides to Elephanta Island.","The Gateway of India is Mumbai’s most iconic landmark, overlooking the Arabian Sea. Built in 1924, it blends Indo-Saracenic and Islamic architectural styles. It is the spot where British troops departed India after independence. Today, it is a bustling hub for tourists and ferry rides to Elephanta Caves.",,,A0080,18.9219661,72.8345657
Mumbai,Marine Drive,Urban Exploration;Relaxation;Shopping & Culinary;Entertainment,,,"A popular hangout in Kochi, Marine Drive is a scenic promenade along the backwaters. It became a developed urban attraction in the late 20th century. Today, it’s lined with shopping complexes and restaurants. The view of the sunset from here is especially famous.",Marine Drive in Kochi is a scenic promenade along the backwaters. It offers stunning views of the sunset and city skyline. Locals and tourists enjoy evening walks and boating. Cafes and benches line the walkway for relaxation. It is a hub for social and recreational activities.,,,A0081,18.932587,72.8232365
Mumbai,Elephanta Caves,Historical;Architectural;Cultural,,,"Elephanta Caves are a UNESCO World Heritage site located on Elephanta Island near Mumbai. The rock-cut caves date back to the 5th–8th centuries and are dedicated to Lord Shiva. The intricate sculptures and carvings showcase ancient Indian art and architecture. The caves are accessible by ferry from the Gateway of India, attracting both pilgrims and tourists.","Located on Elephanta Island, these rock-cut caves feature intricate sculptures dedicated to Lord Shiva. The most famous carving is the three-headed Trimurti. Dating back to the 5th–7th centuries, the caves are a UNESCO World Heritage Site. A short ferry ride from the Gateway of India takes visitors here.",,,A0082,18.9635361,72.9313775
Mumbai,Chhatrapati Shivaji Maharaj Terminus,Historical;Architectural;Cultural;Urban Exploration,,,"Chhatrapati Shivaji Maharaj Terminus (CSMT) is a historic railway station in Mumbai and a UNESCO World Heritage site. Built in 1887, it features Gothic Revival architecture with detailed stone carvings and domes. The station is a major hub for local and long-distance trains. Its grandeur reflects Mumbai’s colonial history and engineering excellence.","This UNESCO-listed railway station is a masterpiece of Victorian Gothic architecture. Built in 1887, it features ornate carvings, stained glass windows, and domed turrets. It remains one of India’s busiest train stations. The building is especially stunning when illuminated at night.",,,A0083,18.9399756,72.8367845
Mumbai,Colaba Causeway Market,Shopping & Culinary;Urban Exploration;Cultural,,,"Colaba Causeway Market is a bustling shopping street in South Mumbai, famous for fashion, accessories, and handicrafts. It attracts locals and tourists seeking souvenirs, jewelry, and trendy items. The street is lined with cafes and restaurants offering a lively shopping experience. Colaba Causeway reflects the vibrant commercial and cultural life of Mumbai.","Colaba Causeway is famous for its vibrant street shopping and colonial-era charm. Visitors find handicrafts, jewelry, clothes, and antiques at bargain prices. It is also lined with iconic cafés and restaurants. The market is a favorite for both tourists and locals.",,,A0084,18.92261,72.83122
Mumbai,Chowpatty Beach,Beach & Coastal;Relaxation;Entertainment,,,"Chowpatty Beach is a popular urban beach in Mumbai, known for its lively atmosphere and street food stalls. It is famous for evening gatherings, Ganesh Chaturthi celebrations, and beachside activities. Visitors enjoy strolling along the shore and sampling local delicacies. The beach is an integral part of Mumbai’s social and cultural scene.",Chowpatty Beach is known for its lively atmosphere and street food stalls. Visitors enjoy snacks like bhel puri and pav bhaji while watching the sunset. It is also a popular spot during Ganesh Chaturthi celebrations. The beach captures Mumbai’s festive spirit.,,,A0085,18.954359,72.8128787
Mumbai,Siddhivinayak Temple,Religious/Spiritual;Cultural;Architectural,,,"Siddhivinayak Temple is a revered Hindu temple dedicated to Lord Ganesha, located in Prabhadevi, Mumbai. Built in 1801, it attracts devotees seeking blessings for prosperity and success. The temple is known for its elaborate rituals and festivals, especially Ganesh Chaturthi. It is both a spiritual and architectural landmark in the city.","The Siddhivinayak Temple is one of Mumbai’s most revered shrines dedicated to Lord Ganesha. Built in 1801, it attracts thousands of devotees daily, including Bollywood celebrities. The idol is carved from a single black stone. Its spiritual energy and grandeur make it a must-visit.",,,A0086,19.0169869,72.8302725
Mumbai,Haji Ali Dargah,Religious/Spiritual;Architectural;Cultural,,,"Haji Ali Dargah is a mosque and tomb located on an islet off the coast of Mumbai. Built in the 15th century, it honors the Sufi saint Haji Ali Shah Bukhari. Accessible via a causeway during low tide, it is a symbol of faith and Mumbai’s multicultural heritage. The structure’s Indo-Islamic architecture and sea views make it a popular pilgrimage and tourist spot.","Located on a small islet, Haji Ali Dargah is a striking Indo-Islamic structure. It houses the tomb of a wealthy merchant-turned-saint, Pir Haji Ali Shah Bukhari. Visitors walk along a narrow causeway during low tide to reach it. The dargah is both a spiritual site and an architectural marvel.",,,A0087,18.9828229,72.8089926
Mumbai,Hanging Gardens,Relaxation;Urban Exploration;Natural,,,"Hanging Gardens, also known as Pherozeshah Mehta Gardens, are terraced gardens on Malabar Hill in Mumbai. They feature geometric hedges, flowerbeds, and water fountains, offering panoramic views of the city and sunset. The gardens provide a peaceful retreat amidst urban life. They are popular with families, joggers, and photographers.","Hanging Gardens are terraced gardens perched on Malabar Hill, overlooking Marine Drive. They are known for their manicured hedges shaped into animal forms. The park is ideal for leisurely strolls and sunset views. It provides a refreshing green escape within the city.",,,A0088,18.9566917,72.8049037
Mumbai,Juhu Beach,Beach & Coastal;Relaxation;Entertainment,,,"Juhu Beach is one of Mumbai’s most famous beaches, known for its wide shoreline and vibrant street food scene. Visitors enjoy evening walks, kite flying, and local delicacies like bhel puri and pani puri. It is a hub for socializing and recreational activities. Juhu Beach reflects the lively spirit and coastal charm of Mumbai.","Juhu Beach is Mumbai’s most popular beach, bustling with food stalls and local crowds. It is a hotspot for spotting Bollywood celebrities. The beach is famous for street snacks like vada pav and gola. Sunsets here attract both tourists and locals alike.",,,A0089,19.0169869,72.8302725
Mumbai,Sanjay Gandhi National Park,Natural;Wildlife;Adventure/Outdoor,,,"Sanjay Gandhi National Park is a large protected area within Mumbai, rich in flora, fauna, and historical structures. It is home to leopards, deer, and a variety of bird species. The park offers trekking, safari rides, and access to the ancient Kanheri Caves. It serves as a natural escape from the bustling city, promoting conservation and recreation.","Spread across 100 sq. km, this park is a green haven within Mumbai. It offers nature trails, lion and tiger safaris, and ancient cave sites. The park is home to leopards, deer, and a variety of bird species. Its blend of wildlife and history makes it unique.",,,A0090,19.215041,72.9121984
Mumbai,Kanheri Caves,Historical;Religious/Spiritual;Architectural;Natural,,,"Kanheri Caves are a group of rock-cut Buddhist monuments located inside Sanjay Gandhi National Park. Dating from the 1st century BCE to the 10th century CE, the caves contain intricate carvings, stupas, and prayer halls. They provide insight into ancient Buddhist art, architecture, and monastic life. The caves are a peaceful and educational destination for visitors.","Located inside Sanjay Gandhi National Park, the Kanheri Caves are a group of over 100 rock-cut Buddhist caves. They date back to the 1st century BCE and feature monasteries, prayer halls, and carvings. The caves highlight the spread of Buddhism in western India. Their peaceful setting attracts history lovers and trekkers.",,,A0091,19.2110444,72.8927508
Mumbai,Film City,Entertainment;Adventure/Outdoor;Cultural,,,"Film City, also called Dadasaheb Phalke Chitra Nagari, is a sprawling film studio complex in Mumbai. Established in 1977, it serves as a hub for Bollywood and regional film production. Visitors can take guided tours to explore sets, backlots, and production facilities. Film City highlights Mumbai’s status as the epicenter of India’s entertainment industry.","Film City is the hub of Bollywood, featuring multiple studios and sets. It offers guided tours where visitors can see shooting locations, sets, and film production. Spread over 500 acres, it is a behind-the-scenes look into Indian cinema. For movie buffs, it is an unforgettable experience.",,,A0092,19.161697,72.88678
Ajanta & Ellora Caves,Ajanta Caves,Historical;Architectural;Cultural;Religious/Spiritual,,,"Ajanta Caves are a group of 30 rock-cut Buddhist monuments dating from the 2nd century BCE to 480 CE. They are renowned for their intricate murals, frescoes, and sculptures depicting the life of Buddha. The caves served as monastic retreats and centers for meditation and learning. Today, they are a UNESCO World Heritage site attracting tourists and historians worldwide.",The Ajanta Caves are famous for their ancient Buddhist rock-cut monuments and exquisite paintings. These murals beautifully depict the life of Buddha and stories from Jataka tales. The caves date back to the 2nd century BCE and showcase stunning craftsmanship. They are a UNESCO World Heritage Site and a must-visit for art and history lovers.,,,A0093,20.53194,75.74936
Ajanta & Ellora Caves,Ellora Caves,Historical;Architectural;Cultural;Religious/Spiritual,,,"Ellora Caves are a remarkable complex of 34 rock-cut monuments representing Buddhist, Hindu, and Jain traditions. Carved between the 6th and 10th centuries, they showcase architectural and artistic brilliance. The site includes monasteries, temples, and intricate sculptures. Ellora exemplifies religious harmony and the skill of ancient Indian artisans.","Ellora Caves represent a rare blend of Hindu, Buddhist, and Jain monuments in one site. They display more than 100 caves, with 34 open to the public. The rock-cut temples highlight intricate carvings and architectural brilliance from the 6th to 10th centuries. This UNESCO World Heritage Site reflects India’s cultural diversity.",,,A0094,20.02675255,75.17751524
Ajanta & Ellora Caves,Kailasa Temple,Religious/Spiritual;Historical;Architectural;Cultural,,,Kailasa Temple at Ellora is a massive monolithic rock-cut temple dedicated to Lord Shiva. It was carved from a single rock and is considered one of the largest monolithic structures in the world. The temple features elaborate sculptures and detailed reliefs. Its engineering and artistic excellence make it a marvel of ancient Indian architecture.,The Kailasa Temple at Ellora is a single monolithic rock-cut temple dedicated to Lord Shiva. It is considered one of the largest rock-cut temples in the world. The carvings and sculptures display extraordinary detail and skill. Its scale and engineering continue to amaze visitors even today.,,,A0095,20.0237529,75.17934029
Ajanta & Ellora Caves,Grishneshwar Temple,Religious/Spiritual;Architectural;Cultural;Historical,,,"Grishneshwar Temple is one of the twelve Jyotirlinga shrines of Lord Shiva, located near Ellora. It was rebuilt in the 18th century but preserves its historical and spiritual significance. The temple’s architecture is a fine example of Maratha style with carved pillars and sanctum. It attracts devotees and tourists for both its religious importance and aesthetic appeal.",Grishneshwar Temple is one of the twelve Jyotirlinga shrines dedicated to Lord Shiva. The temple architecture reflects traditional Maratha style with beautiful stone carvings. It holds immense spiritual significance and attracts pilgrims year-round. The temple provides a serene and divine atmosphere for visitors.,,,A0096,20.02497,75.16992
Ajanta & Ellora Caves,Aurangabad Caves,Historical;Architectural;Religious/Spiritual;Cultural,,,"Aurangabad Caves are a group of 12 rock-cut Buddhist shrines dating back to the 6th–8th centuries. They feature intricate sculptures, stupas, and carved panels depicting Buddhist themes and teachings. The caves served as meditation centers and retreats for monks. Their elevated location provides panoramic views and adds to their historical and spiritual significance.",These rock-cut Buddhist caves date back to the 6th and 7th centuries. They showcase intricate carvings of Buddhist deities and stories from the Jataka tales. The caves are divided into two groups and highlight early examples of Indian rock-cut architecture. Their peaceful setting on a hillside also offers panoramic views of Aurangabad city.,,,A0097,19.869711,75.348713
Ajanta & Ellora Caves,Bibi ka Maqbara,Historical;Architectural;Cultural;Religious/Spiritual,,,"Bibi ka Maqbara is a 17th-century mausoleum built by Azam Shah in memory of his mother, earning it the nickname “Taj of the Deccan.” Its architecture resembles the Taj Mahal with elegant domes, minarets, and landscaped gardens. The monument showcases Mughal design and craftsmanship in the Deccan region. It remains a significant cultural and historical landmark in Aurangabad.","Often called the ""Taj of the Deccan,"" it was built by Aurangzeb’s son in memory of his mother. Its marble-clad dome and Mughal-style gardens resemble the Taj Mahal of Agra. The monument highlights fine Mughal craftsmanship but with simpler ornamentation. It stands as a reminder of Aurangabad’s rich Mughal history.",,,A0098,19.9014476,75.32023315
Ajanta & Ellora Caves,Daulatabad Fort,Historical;Architectural;Adventure/Outdoor;Cultural,,,"Daulatabad Fort, also known as Devagiri Fort, is a hill fort built in the 12th century with strategic defensive architecture. Its massive walls, moats, and steep inclines made it virtually impregnable. The fort has witnessed numerous historical battles and changes in rule. Visitors explore its fortifications and enjoy panoramic views of the surrounding landscape.","This hilltop fort is known for its strong defense systems and strategic location. It features twisting tunnels, steep slopes, and a massive moat designed to trap enemies. The Chand Minar inside the fort is a striking 30-meter-high tower. Its clever engineering makes it one of the most impregnable forts of medieval India.",,,A0099,19.93611,75.22148
Mahabaleshwar,Arthur’s Seat,Natural;Adventure/Outdoor;Relaxation,,,"Arthur’s Seat is a famous viewpoint in Mahabaleshwar, offering panoramic views of the surrounding valleys and the Savitri River. The spot is named after a British officer who frequently visited it. It is popular among tourists for sunrise and sunset views. The location combines natural beauty with a serene atmosphere for visitors.",Arthur’s Seat in Mahabaleshwar is a famous viewpoint offering panoramic views of valleys and the Savitri River. It is often called the “Queen of all points.” The site is also known for its floating lightness effect where objects appear lighter. It provides a breathtaking experience for visitors.,,,A0100,17.9810913,73.6369016
Mahabaleshwar,Venna Lake,Natural;Relaxation;Adventure/Outdoor;Entertainment,,,"Venna Lake is a picturesque lake in Mahabaleshwar, surrounded by lush greenery and boating facilities. It was developed during the British era and is now a popular recreational spot. Visitors enjoy paddle boating, horse riding, and lakeside walks. The lake adds charm to Mahabaleshwar’s tourist experience.","Venna Lake is a popular boating spot in Mahabaleshwar surrounded by lush greenery. The lake was built by a king in the 19th century. Visitors enjoy boating, horse riding, and snacks along its banks. It is an ideal relaxation spot for families and tourists.",,,A0101,17.9341624,73.6648232
Mahabaleshwar,Mapro Garden,Cultural;Shopping & Culinary;Relaxation,,,"Mapro Garden is a well-known garden and food park in Mahabaleshwar, famous for its strawberry produce and products. It features beautiful landscaped gardens, fruit orchards, and a café serving local delicacies. The garden attracts families and tourists seeking fresh produce and scenic relaxation. It reflects the region’s agricultural and culinary heritage.","Mapro Garden is famous for strawberry farms and delicious fruit-based products. Visitors can enjoy fresh strawberry dishes, milkshakes, and ice creams. The garden also hosts the annual Strawberry Festival. It is a must-visit for foodies and nature lovers.",,,A0102,17.92282,73.7347399
Mahabaleshwar,Elephant’s Head Point,Natural;Adventure/Outdoor;Relaxation,,,"Elephant’s Head Point is a scenic viewpoint in Mahabaleshwar, named for its rock formation resembling an elephant’s head. It offers spectacular views of the Sahyadri hills and valleys below. The spot is ideal for photography and sightseeing. Its unique natural formation adds to Mahabaleshwar’s charm.",Elephant’s Head Point gets its name because the rock formation looks like an elephant’s trunk. It is a scenic viewpoint offering mesmerizing views of the Sahyadri ranges. The cool breeze and natural surroundings make it a refreshing spot. It is one of the most photographed locations in Mahabaleshwar.,,,A0103,17.9407972,73.6316411
Mahabaleshwar,Wilson Point,Natural;Relaxation;Adventure/Outdoor,,,"Wilson Point, also known as Sunrise Point, is the highest point in Mahabaleshwar. Tourists visit early in the morning to witness breathtaking sunrises over the Western Ghats. The location provides panoramic views of hills, valleys, and forests. It is a serene spot for nature lovers and photographers.",Wilson Point is the highest point in Mahabaleshwar at 1439 meters. It is the best place to watch sunrise and sunset. The point offers panoramic views of hills and valleys. Tourists visit it for photography and peaceful moments.,,,A0104,17.92282,73.6701999
Mahabaleshwar,Lingmala Waterfall,Natural;Adventure/Outdoor;Relaxation,,,"Lingmala Waterfall is a scenic waterfall near Mahabaleshwar, surrounded by lush greenery and forested hills. The waterfall is seasonal, with maximum flow during the monsoon. It is a popular spot for trekking, photography, and nature appreciation. Its misty ambiance adds to the beauty of Mahabaleshwar.","Lingmala Waterfall is a stunning cascade surrounded by dense forest. It drops from a great height, creating a spectacular sight during monsoon. The falls provide a refreshing atmosphere and beautiful photography opportunities. It is a popular stop for nature lovers.",,,A0105,17.9227036,73.6929569
Mahabaleshwar,Pratapgad Fort,Historical;Architectural;Adventure/Outdoor;Cultural,,,"Pratapgad Fort is a historic hill fort near Mahabaleshwar, famous for the battle between Shivaji Maharaj and Afzal Khan. Built in the 17th century, it features strategic fortifications and panoramic views of the Sahyadri mountains. The fort holds historical and cultural significance. Visitors can explore its battlements and enjoy scenic vistas.",Pratapgad Fort is historically famous for the Battle of Pratapgad between Shivaji Maharaj and Afzal Khan. The fort has tall watchtowers and hidden pathways. Visitors can explore the Bhavani Temple inside the fort. It offers both history and scenic views.,,,A0106,17.936224,73.577607
Mahabaleshwar,Kate’s Point,Natural;Relaxation;Adventure/Outdoor,,,"Kate’s Point is a viewpoint in Mahabaleshwar offering stunning views of the Dhom Dam and surrounding valleys. It is named after a British officer and is a popular tourist spot. The location is ideal for photography, picnics, and relaxation. Its elevated position provides sweeping views of the Western Ghats.",Kate’s Point provides striking views of the Krishna Valley and Dhom Dam. The viewpoint is famous for its unique rock formations. It is a popular tourist spot for nature photography. The pleasant weather adds to its charm.,,,A0107,17.9418076,73.7081282
Mahabaleshwar,Needle Hole Point,Natural;Relaxation;Adventure/Outdoor,,,Needle Hole Point is a cliff in Mahabaleshwar with a natural rock formation resembling a needle hole. It offers breathtaking views of the surrounding valleys and Sahyadri ranges. Tourists enjoy trekking and sightseeing here. The viewpoint is a favorite for adventure and nature enthusiasts.,"Needle Hole Point, also known as Elephant Point, is famous for a natural rock formation with a hole resembling a needle. It gives panoramic views of lush valleys and waterfalls. The spot is ideal for photography and sightseeing. Its unique shape makes it a special attraction in Mahabaleshwar.",,,A0108,17.923884,73.660032
Lonavala & Khandala,Bhushi Dam,Natural;Adventure/Outdoor;Relaxation,,,"Bhushi Dam is a popular tourist spot near Lonavala, known for its scenic setting and flowing water during the monsoon. The dam area attracts picnickers and adventure seekers. Visitors often enjoy wading through shallow waters and photography. Its lush surroundings make it a refreshing escape from city life.",Bhushi Dam in Lonavala is a favorite monsoon spot where overflowing water creates natural streams. Visitors enjoy sitting in shallow waters and stair-like steps. It is perfect for a fun outing with family and friends. The place is most lively during rainy season.,,,A0109,18.72251255,73.39542202
Lonavala & Khandala,Tiger’s Leap,Natural;Adventure/Outdoor;Relaxation,,,"Tiger’s Leap is a cliff-top viewpoint near Lonavala offering panoramic views of valleys and waterfalls. Its sheer drop resembles a leaping tiger, giving the spot its name. The location is ideal for sunrise and sunset views. Tourists visit for trekking, photography, and natural beauty.",Tiger’s Leap is a cliff-top viewpoint that resembles a leaping tiger. It offers dramatic views of valleys and waterfalls. The echo point adds to the fun for tourists. It is one of the most thrilling spots in Lonavala.,,,A0110,18.7548563,73.4016729
Lonavala & Khandala,Rajmachi Fort,Historical;Architectural;Adventure/Outdoor;Cultural,,,"Rajmachi Fort is a historic hill fort near Lonavala, known for its strategic location and trekking trails. Built during the medieval era, it played a key role in Maratha military history. The fort complex includes fortifications, watchtowers, and scenic viewpoints. It is a favorite destination for trekkers and history enthusiasts.","Rajmachi Fort is a historic fort located amidst the Sahyadri ranges. It has twin fortresses, Shrivardhan and Manaranjan. The trek to Rajmachi is very popular among adventure lovers. It offers scenic views and glimpses of Maratha history.",,,A0111,18.7548563,73.4016729
Lonavala & Khandala,Karla Caves,Historical;Architectural;Religious/Spiritual;Cultural,,,"Karla Caves are ancient rock-cut Buddhist monasteries near Lonavala, dating back to the 2nd century BCE. They feature chaityas, viharas, and intricately carved facades. The caves reflect Buddhist architectural and religious traditions. Tourists and historians visit to explore the historical and spiritual significance.",Karla Caves are ancient Buddhist rock-cut caves dating back to 2nd century BCE. They are famous for the grand prayer hall (Chaitya) and carved pillars. The caves showcase India’s Buddhist heritage and architecture. They remain a major cultural attraction near Lonavala.,,,A0112,18.7548563,73.4016729
Lonavala & Khandala,Bhaja Caves,Historical;Architectural;Religious/Spiritual;Cultural,,,"Bhaja Caves are a group of 22 rock-cut Buddhist caves near Lonavala, dating from the 2nd century BCE. The caves feature stupas, chaityas, and detailed carvings. They served as monastic retreats and centers for meditation. The caves are significant for their historical, architectural, and religious importance.",Bhaja Caves are Buddhist caves known for unique wooden architecture carvings. They feature stupas and intricate sculptures from 2nd century BCE. The caves are a peaceful spot surrounded by hills. They highlight early Buddhist monastic life.,,,A0113,18.7548563,73.4016729
Lonavala & Khandala,Lohagad Fort,Historical;Architectural;Adventure/Outdoor;Cultural,,,"Lohagad Fort is a hill fort near Lonavala, famous for its strong fortifications and trekking paths. Built by the Marathas, it offers panoramic views of the Western Ghats. The fort has historical significance and attracts history enthusiasts and trekkers alike. Its scenic surroundings add to its appeal.",Lohagad Fort is a strong fort once used by Chhatrapati Shivaji Maharaj. It is a favorite trekking destination due to its scenic trails. The fort’s “Vinchu Kada” (Scorpion’s Tail) structure is a key highlight. It combines history with adventure.,,,A0114,18.7548563,73.4016729
Lonavala & Khandala,Duke’s Nose,Natural;Adventure/Outdoor;Relaxation,,,Duke’s Nose is a cliff near Lonavala resembling the profile of a duke’s nose. It offers adventure activities such as trekking and rappelling. The viewpoint provides spectacular vistas of valleys and waterfalls. It is a popular destination for nature lovers and adventure seekers.,"Duke’s Nose is a pointed cliff resembling the nose of Duke Wellington. It is popular for adventure activities like trekking, rock climbing, and rappelling. The cliff offers panoramic views of the Sahyadri ranges. It is a thrilling destination for adventure seekers.",,,A0115,18.7548563,73.4016729
Lonavala & Khandala,Pawna Lake,Natural;Adventure/Outdoor;Relaxation,,,"Pawna Lake is a serene artificial reservoir near Lonavala, popular for camping and water-based recreation. Surrounded by hills and lush greenery, it is an ideal spot for picnics and relaxation. The lake attracts tourists seeking tranquility and scenic beauty. Its calm waters and natural surroundings make it a favored getaway.","Pawna Lake is an artificial reservoir near Lonavala, surrounded by hills and forts. It is famous for camping, bonfires, and stargazing. The lake offers peaceful vibes with scenic beauty. It is a favorite weekend getaway for young travelers.",,,A0116,18.7548563,73.4016729
Aurangabad,Aurangabad Caves,Historical;Architectural;Religious/Spiritual;Cultural,,,"Aurangabad Caves are a group of 12 rock-cut Buddhist shrines dating back to the 6th–8th centuries. They feature intricate sculptures, stupas, and carved panels depicting Buddhist themes and teachings. The caves served as meditation centers and retreats for monks. Their elevated location provides panoramic views and adds to their historical and spiritual significance.",These rock-cut Buddhist caves date back to the 6th and 7th centuries. They showcase intricate carvings of Buddhist deities and stories from the Jataka tales. The caves are divided into two groups and highlight early examples of Indian rock-cut architecture. Their peaceful setting on a hillside also offers panoramic views of Aurangabad city.,,,A0117,19.9216445,75.3184471
Aurangabad,Bibi ka Maqbara,Historical;Architectural;Cultural;Religious/Spiritual,,,"Bibi ka Maqbara is a 17th-century mausoleum built by Azam Shah in memory of his mother, earning it the nickname “Taj of the Deccan.” Its architecture resembles the Taj Mahal with elegant domes, minarets, and landscaped gardens. The monument showcases Mughal design and craftsmanship in the Deccan region. It remains a significant cultural and historical landmark in Aurangabad.","Often called the ""Taj of the Deccan,"" it was built by Aurangzeb’s son in memory of his mother. Its marble-clad dome and Mughal-style gardens resemble the Taj Mahal of Agra. The monument highlights fine Mughal craftsmanship but with simpler ornamentation. It stands as a reminder of Aurangabad’s rich Mughal history.",,,A0118,19.9014476,75.3202331
Aurangabad,Daulatabad Fort,Historical;Architectural;Adventure/Outdoor;Cultural,,,"Daulatabad Fort, also known as Devagiri Fort, is a hill fort built in the 12th century with strategic defensive architecture. Its massive walls, moats, and steep inclines made it virtually impregnable. The fort has witnessed numerous historical battles and changes in rule. Visitors explore its fortifications and enjoy panoramic views of the surrounding landscape.","This hilltop fort is known for its strong defense systems and strategic location. It features twisting tunnels, steep slopes, and a massive moat designed to trap enemies. The Chand Minar inside the fort is a striking 30-meter-high tower. Its clever engineering makes it one of the most impregnable forts of medieval India.",,,A0119,19.93611,75.22148
Aurangabad,Panchakki,Historical;Architectural;Cultural;Religious/Spiritual,,,"Panchakki is a 17th-century water mill in Aurangabad, historically used to grind grains for pilgrims and the local community. It features an ingenious water supply system and beautiful Mughal-style architecture. The site includes gardens, a mosque, and a reservoir. Panchakki reflects the blend of utility, engineering, and spiritual significance of the era.",This ancient water mill is powered by an underground channel that carries water from a distant spring. It was built to serve a medieval Sufi monastery with flour and grain grinding. The system demonstrates remarkable engineering skills of its time. The surrounding gardens and tanks add to the charm of this historic site.,,,A0120,19.8895234,75.3154462
Aurangabad,Soneri Mahal,Historical;Architectural;Cultural;Luxury,,,"Soneri Mahal, meaning “Golden Palace,” is a 17th-century royal residence in Aurangabad. Built during the Mughal period, it features intricate floral motifs and Persian-style architectural elements. The palace served as a private residence for the royal family. Today, it is a heritage site attracting visitors for its beauty and historical importance.","Built in the 17th century, Soneri Mahal is a two-storied palace made of stone and lime. The name ""Soneri"" or ""Golden"" comes from once-gilded paintings that decorated its interiors. Today, it houses a museum with artifacts from the Mughal and Maratha period. Its location at the base of Aurangabad Caves adds to its cultural importance.",,,A0121,19.9066456,75.3093195
Shirdi,Shri Sai Baba Samadhi Mandir,Religious/Spiritual;Cultural;Architectural;Events & Festivals,,,"Shri Sai Baba Samadhi Mandir in Shirdi marks the resting place of the revered saint Sai Baba. Built in the late 19th century, it is a focal point for devotion and pilgrimage. The temple complex includes a sacred sanctum and facilities for devotees. It attracts millions annually for spiritual solace and blessings.","This is the main temple where the mortal remains of Sai Baba are enshrined. The marble statue of Sai Baba is the central attraction, drawing millions of devotees every year. The temple exudes a serene atmosphere filled with chants and prayers. It is the spiritual heart of Shirdi.",,,A0122,19.754803,74.476846
Shirdi,Dwarkamai Mosque,Religious/Spiritual;Architectural;Cultural,,,Dwarkamai Mosque is a historic mosque in Shirdi where Sai Baba spent a significant part of his life. It is a simple yet spiritually significant structure with daily rituals and teachings conducted here. The mosque represents Sai Baba’s inclusive philosophy and devotion. Pilgrims visit to experience his life and teachings firsthand.,"This mosque is where Sai Baba spent a major part of his life. Inside, the sacred Dhuni (eternal flame) still burns, symbolizing Sai Baba’s blessings. It is a rare mosque that welcomes devotees of all faiths equally. Dwarkamai reflects Sai Baba’s message of unity and love.",,,A0123,19.7549,74.4762
Shirdi,Gurusthan,Religious/Spiritual;Cultural;Architectural,,,"Gurusthan is the sacred spot in Shirdi where Sai Baba was first found as a young boy sitting under a neem tree. It has immense religious significance for devotees. A small temple marks the site, drawing pilgrims who offer prayers and flowers. It represents the spiritual origins of Sai Baba’s life and teachings.",Gurusthan is believed to be the place where Sai Baba was first seen as a young boy under a neem tree. A shrine with Baba’s portrait and a holy neem tree still stand here. Devotees consider it a sacred site for blessings and healing. The peaceful surroundings make it spiritually significant.,,,A0124,19.7662,74.4772
Shirdi,Chavadi,Religious/Spiritual;Cultural;Architectural;Events & Festivals,,,"Chavadi is a historic building in Shirdi where Sai Baba spent alternate nights, following a specific routine of worship and meditation. It now serves as a site of devotion and remembrance. Pilgrims visit to honor Sai Baba’s practices and daily life. The place reflects his disciplined and spiritual lifestyle.","Sai Baba used to rest here every alternate night during his lifetime. The site still preserves the cot and other belongings associated with him. Every Thursday, a ceremonial procession is held from Dwarkamai to Chavadi. This ritual highlights the deep devotion of Sai Baba’s followers.",,,A0125,19.7660134,74.4777091
Shirdi,Sai Heritage Village,Cultural;Religious/Spiritual;Museums & Educational;Architectural,,,"Sai Heritage Village is a cultural and educational complex in Shirdi showcasing the life, teachings, and miracles of Sai Baba. The site includes replicas, exhibits, and multimedia displays. Visitors gain insights into his philosophy, history, and local traditions. It enhances the spiritual and cultural experience of the pilgrimage.","This theme park showcases important events from Sai Baba’s life in the form of statues and scenes. It helps devotees, especially children, understand his teachings visually. The village combines spirituality with a picnic-like atmosphere. It is both an educational and devotional experience.",,,A0126,19.7662,74.4768
Alibaug,Alibaug Beach,Beach & Coastal;Relaxation;Adventure/Outdoor,,,"Alibaug Beach is a popular coastal destination known for its scenic beauty, soft sands, and relaxed atmosphere. Visitors enjoy swimming, beach walks, and water sports. The beach is lined with local shacks serving seafood and refreshments. It attracts tourists seeking a peaceful seaside retreat near Mumbai.","A popular beach near Mumbai, it offers scenic views and water sports. The sunset here is a major attraction for tourists. Horse rides and local food stalls add to the charm. The calm waters make it ideal for family outings.",,,A0127,18.6554,72.8679
Alibaug,Kolaba Fort,Historical;Architectural;Cultural;Adventure/Outdoor,,,"Kolaba Fort is a historic sea fort located off the coast of Alibaug. Built during the 17th century by Shivaji Maharaj, it features bastions, cannons, and strategic fortifications. Accessible during low tide on foot, the fort offers panoramic views of the Arabian Sea. It is a significant landmark of Maratha naval history.","Situated just off the Alibaug coast, this sea fort can be reached by walking during low tide. It was an important naval base of Shivaji Maharaj. The fort houses temples, freshwater wells, and historical ruins. Its coastal location gives breathtaking sea views.",,,A0128,18.63411,72.86422
Alibaug,Nagaon Beach,Beach & Coastal;Relaxation;Adventure/Outdoor,,,"Nagaon Beach is a serene beach near Alibaug, popular for water sports and family outings. Its shallow waters and clean sands make it ideal for swimming and beach activities. The surrounding greenery and coconut groves add to its charm. It is a favored spot for tourists seeking relaxation and adventure.","Known for its clean sands and peaceful setting, this beach is famous for water activities like banana boat rides and parasailing. Surrounded by coconut and betel nut trees, it has a tropical vibe. It is less crowded than Alibaug Beach, making it a serene getaway. Families often prefer it for relaxation.",,,A0129,18.5978,72.8991
Alibaug,Kashid Beach,Beach & Coastal;Relaxation;Adventure/Outdoor,,,"Kashid Beach is a pristine coastal destination in Raigad district, known for its white sands and clear waters. It is less crowded, making it perfect for peaceful retreats, picnics, and photography. Nearby attractions include small forts and temples. The beach is a scenic example of Maharashtra’s coastal beauty.",Kashid is popular for its white sand and crystal-clear waters. It is one of the cleanest beaches in Maharashtra. Adventure enthusiasts enjoy activities like jet skiing and parasailing here. The Casuarina trees lining the shore add to its natural beauty.,,,A0130,18.4446,72.9036
Alibaug,Murud-Janjira Fort,Historical;Architectural;Cultural;Adventure/Outdoor,,,"Murud-Janjira Fort is a formidable sea fort built on an island near Murud village. Constructed in the 15th century, it remained unconquered despite numerous attacks. The fort features strong walls, bastions, and cannons overlooking the Arabian Sea. It is a popular historical and tourist attraction showcasing maritime defense architecture.","A magnificent sea fort located on an island, it is known for its unconquered history. The fort has 19 massive bastions and houses palaces, cannons, and freshwater lakes. It was a stronghold of the Siddis for centuries. Its strategic location in the Arabian Sea makes it unique.",,,A0131,18.29994685,72.96439963
Alibaug,Varsoli Beach,Beach & Coastal;Relaxation;Adventure/Outdoor,,,"Varsoli Beach is a quiet beach near Alibaug, surrounded by lush greenery and casuarina trees. It is ideal for swimming, relaxing, and enjoying beachside picnics. The serene ambiance makes it less crowded than other nearby beaches. Varsoli offers a peaceful coastal experience for nature lovers and families alike.","This beach is quieter compared to others in Alibaug, known for its calm waters and soft sands. It is lined with casuarina and suru trees that provide a natural shade. The beach is also a hub for water sports activities. It is ideal for those seeking peace away from the crowds.",,,A0132,18.66,72.863
Matheran,Charlotte Lake,Natural;Relaxation;Adventure/Outdoor,,,"Charlotte Lake is a serene waterbody near Panchgani, surrounded by lush hills and greenery. It was constructed during the British era and serves as a major source of water for the region. Visitors enjoy boating, picnics, and scenic walks along its banks. The lake’s tranquil environment makes it a peaceful retreat in the Western Ghats.","A scenic water reservoir in Matheran, Charlotte Lake is the main source of drinking water for the hill station. It is surrounded by lush greenery, making it a peaceful spot for picnics and photography. The lake is especially beautiful during the monsoon season when waterfalls feed into it. Birdwatchers also enjoy spotting local and migratory species here.",,,A0133,18.9803274,73.2623896
Matheran,Panorama Point,Natural;Adventure/Outdoor;Relaxation,,,"Panorama Point is a famous viewpoint in Panchgani offering breathtaking 360-degree views of valleys, hills, and the Krishna River. It is a popular spot for sunrise and sunset photography. The point is easily accessible and attracts tourists and nature enthusiasts. Its elevated location provides a panoramic experience of the surrounding landscapes.","Known for offering a 360-degree panoramic view of Matheran, this viewpoint is a favorite among trekkers. It provides stunning sights of sunrise and sunset over the Sahyadri ranges. The wide view also allows you to see nearby villages and valleys. Its serene atmosphere makes it less crowded compared to other points.",,,A0134,19.0186668,73.2795576
Matheran,Echo Point,Natural;Adventure/Outdoor;Relaxation;Cultural,,,"As the name suggests, Echo Point is famous for the natural echo phenomenon. Visitors shout into the valley and hear their voices bounce back. The location, surrounded by lush greenery and calm waters, makes it a popular picnic spot. It has become an iconic stop for travelers in Munnar.","Echo Point is famous for its natural echo phenomenon where voices reverberate across the valley. Located amidst lush greenery, it offers picturesque views of the hills. Tourists often enjoy shouting or singing to experience the echo. The area is also a great spot for picnics. Nearby trails allow visitors to explore the scenic surroundings.",,,A0135,18.9862195,73.2611377
Matheran,Louisa Point,Natural;Adventure/Outdoor;Relaxation,,,"Louisa Point is a scenic viewpoint in Panchgani, named after a British lady, offering stunning vistas of the Dhom Dam and surrounding valleys. It is popular for photography and leisurely sightseeing. The point is surrounded by dense greenery and serene landscapes. Tourists enjoy the panoramic views and peaceful environment.",Louisa Point offers one of the best views of Prabal Fort and Vishalgad Fort. It also gives a clear sight of waterfalls and lush valleys. The point is popular for photography and capturing panoramic landscapes. Visitors often enjoy the misty charm during monsoons and winters.,,,A0136,18.9871881,73.255681
Matheran,One Tree Hill Point,Natural;Adventure/Outdoor;Relaxation,,,"One Tree Hill Point is a quiet, scenic spot in Panchgani, named after a solitary tree atop the hill. It offers panoramic views of the valley and distant hills. The point is ideal for morning walks, photography, and picnics. Its calm surroundings make it a favored spot for nature lovers.","This spot is uniquely identified by a single tree standing at its peak. It offers a thrilling trekking route through dense forests and rocky paths. The panoramic view from the top is breathtaking, especially at sunrise. The quiet surroundings make it a perfect escape for nature lovers.",,,A0137,18.989005,73.270689
Matheran,Toy Train,Adventure/Outdoor;Entertainment;Urban Exploration;Relaxation,,,"The Toy Train in Matheran is a narrow-gauge heritage railway connecting Neral to Matheran, offering a scenic journey through the Western Ghats. Established during the British era, it passes through tunnels, bridges, and lush green hills, giving passengers a nostalgic experience. The train is known for its slow-paced ride, allowing travelers to enjoy panoramic views of forests, valleys, and waterfalls. It is a popular attraction for tourists seeking both adventure and a glimpse of colonial-era engineering.","The heritage toy train is a UNESCO-recognized attraction connecting Neral to Matheran. It offers a slow, scenic journey through hills, forests, and tunnels. The ride is nostalgic, reminding travelers of old-world charm. It remains a favorite for families and couples seeking a unique travel experience.",,,A0138,12.4149334,75.7377984
Pune,Shaniwar Wada,Historical;Architectural;Cultural;Museums & Educational,,,"Shaniwar Wada is a historic fortification in Pune, built in the 18th century as the seat of the Peshwas of the Maratha Empire. It features grand gates, intricate architecture, and sprawling gardens. The fort witnessed key events in Maratha history, including battles and political intrigues. Today, it is a major tourist and heritage site, especially famous for its evening light-and-sound shows.","A historic fort palace in Pune, Shaniwar Wada was once the seat of the Peshwas of the Maratha Empire. The grand gate, strong walls, and remnants of halls showcase architectural brilliance. The light and sound show narrating Maratha history attracts many visitors. Legends of haunting also make it a topic of curiosity.",,,A0139,18.5193825,73.8553566
Pune,Aga Khan Palace,Historical;Architectural;Cultural;Museums & Educational,,,"Aga Khan Palace in Pune is a majestic building constructed in 1892, known for its association with Mahatma Gandhi. Gandhi and his followers were imprisoned here during the freedom struggle. The palace features expansive lawns, elegant architecture, and a museum documenting India’s independence movement. It is a site of historical and cultural significance.","Built in 1892, the Aga Khan Palace is a symbol of India’s freedom struggle. It is where Mahatma Gandhi, Kasturba Gandhi, and Sarojini Naidu were imprisoned. The palace houses memorials and personal items of Gandhi. Its Italian arches and sprawling gardens add to its beauty.",,,A0140,18.5523292,73.9014785
Pune,Pataleshwar Cave Temple,Religious/Spiritual;Architectural;Historical;Cultural,,,"Pataleshwar Cave Temple is an 8th-century rock-cut temple dedicated to Lord Shiva, located in Pune. It features a monolithic linga and intricately carved pillars. The temple was used for meditation and worship by ancient devotees. Its historical and architectural significance attracts both pilgrims and tourists.","Carved from a single rock, this ancient cave temple is dedicated to Lord Shiva. It showcases remarkable rock-cut architecture from the 8th century. The sanctum houses a massive Shiva lingam and stone pillars. Its peaceful environment contrasts with the busy city outside.",,,A0141,18.5269463,73.8498456
Pune,Sinhagad Fort,Historical;Adventure/Outdoor;Cultural;Natural,,,"Sinhagad Fort is a hill fortress near Pune, known for its strategic importance during the Maratha era. The fort offers panoramic views of the surrounding Sahyadri mountains and valleys. Visitors explore its battlements, gates, and historical landmarks. It is also a popular trekking destination with rich historical significance.","A historic hill fort near Pune, Sinhagad is famous for the battle of 1670 fought by Tanaji Malusare. It offers a mix of history and trekking adventure. The fort provides panoramic views of the Sahyadri ranges. Local food like “pithla-bhakri” adds to the experience.",,,A0142,18.3647205,73.757511
Pune,Raja Dinkar Kelkar Museum,Museums & Educational;Cultural;Historical;Architectural,,,"Raja Dinkar Kelkar Museum in Pune houses an extensive collection of artifacts, including sculptures, musical instruments, and decorative items. The museum reflects India’s cultural and artistic heritage. It was established by Dinkar Kelkar to preserve rare historical objects. Visitors gain insight into traditional art, craftsmanship, and history.","This museum displays a vast collection of over 20,000 artifacts. Items include ancient musical instruments, traditional lamps, and sculptures. It represents the culture and craftsmanship of India through centuries. The Mastani Mahal replica is a major highlight.",,,A0143,18.5107669,73.854442
Pune,Dagdusheth Ganapati Temple,Religious/Spiritual;Cultural;Architectural;Events & Festivals,,,"Dagdusheth Ganapati Temple is a famous Hindu temple in Pune dedicated to Lord Ganesha. Known for its lavish decorations and spiritual significance, it attracts devotees year-round, especially during Ganesh Chaturthi. The temple is associated with philanthropy and community events. It is a central religious and cultural landmark in Pune.","A highly revered temple in Pune, it is dedicated to Lord Ganesha. The idol is adorned with gold and is considered one of the richest temples. Thousands of devotees visit daily, especially during Ganesh Chaturthi. The spiritual energy and festive vibe make it unforgettable.",,,A0144,18.51639,73.85611
Pune,Osho Ashram,Religious/Spiritual;Relaxation;Luxury;Cultural,,,"Osho Ashram in Pune is a spiritual retreat established by the mystic Osho. The ashram offers meditation, wellness programs, and workshops for visitors seeking personal growth. It combines modern facilities with tranquil gardens and a serene environment. The ashram attracts spiritual seekers from across the world.","Located in Koregaon Park, the Osho International Meditation Resort is known for its unique spiritual practices. It offers meditation, wellness programs, and creative workshops. The campus has beautiful gardens, pools, and modern architecture. It attracts seekers from all over the world.",,,A0145,18.5369163,73.8886015
Nashik,Sula Vineyards,Shopping & Culinary;Relaxation;Luxury;Cultural,,,"Sula Vineyards, located near Nashik, is a prominent wine-producing estate in India. Visitors can tour the vineyards, participate in wine tastings, and enjoy the scenic landscape. The estate combines modern wine-making with eco-tourism. It is a popular destination for leisure, photography, and culinary experiences.","India’s leading wine destination, Sula Vineyards offers guided tours and wine-tasting sessions. Visitors can explore grape plantations and learn about winemaking. The vineyard has a resort and restaurants with scenic views. Annual SulaFest adds music and cultural flavor.",,,A0146,20.0064403,73.6876504
Nashik,Panchavati,Religious/Spiritual;Cultural;Historical,,,"Panchavati in Nashik is a sacred site along the Godavari River, associated with Lord Rama’s exile in the Ramayana. It features temples, ghats, and ancient pilgrimage spots. Devotees perform rituals and ceremonies on the riverbanks. The site holds religious and cultural significance in Hindu tradition.","A sacred site in Nashik, Panchavati is linked to the Ramayana. It is believed Lord Rama, Sita, and Lakshman stayed here during exile. Temples and ghats make it a spiritual hub. Devotees come here during Kumbh Mela for holy dips.",,,A0147,20.0173742,73.8363593
Nashik,Kalaram Temple,Religious/Spiritual;Architectural;Cultural;Historical,,,Kalaram Temple is a historic temple in Nashik dedicated to Lord Rama. Its black stone idol and traditional architecture attract devotees and tourists. The temple has been a center for religious and cultural activities for centuries. Visitors come to offer prayers and explore its heritage.,This ancient temple is dedicated to Lord Rama and features a black stone idol. Its architecture resembles that of a fort with tall walls and arches. The temple is significant for its association with social reforms led by Dr. B. R. Ambedkar. Festivals like Ram Navami are celebrated grandly here.,,,A0148,20.0069197,73.79548433
Nashik,Sita Gufa,Religious/Spiritual;Cultural;Historical,,,"Sita Gufa, or Sita’s Cave, is believed to be the place where Sita lived during her exile with Lord Rama. Located in Nashik, it is a small but significant pilgrimage site. The cave draws devotees interested in Hindu mythology and history. Its spiritual aura makes it a tranquil spot for reflection.","A cave shrine where Sita is believed to have stayed during exile. It is said to be the place from where Ravana abducted her. The cave has idols of Rama, Sita, and Lakshman. Devotees visit for its mythological significance.",,,A0149,19.221743,81.348553
Nashik,Kapaleshwar Temple,Religious/Spiritual;Architectural;Cultural;Historical,,,"Kapaleshwar Temple is an ancient Shiva temple near Nashik, showcasing traditional Maratha-era architecture. The temple is significant for local religious practices and festivals. Devotees visit to perform rituals and seek blessings. Its historic and cultural value adds to Nashik’s religious tourism.",A Shiva temple in Nashik with a unique feature—there is no Nandi idol at the entrance. Legends say Lord Shiva himself instructed this design. The temple is serene and holds great importance for pilgrims. It is especially busy during Maha Shivaratri.,,,A0150,20.0057564,73.7932589
Nashik,Trimbakeshwar Temple,Religious/Spiritual;Architectural;Cultural;Historical,,,"Trimbakeshwar Temple is one of the twelve Jyotirlinga shrines of Lord Shiva, located near Nashik. It features a unique three-faced Shiva linga and intricate stone carvings. The temple is a major pilgrimage site, especially during the Kumbh Mela. Its spiritual importance and architectural beauty attract devotees and tourists alike.","One of the 12 Jyotirlingas, it is dedicated to Lord Shiva. The temple has a sacred pond, Kushavarta Kund, the origin of the Godavari River. Its black stone architecture is striking and ancient. Pilgrims flock here for holy rituals and blessings.",,,A0151,19.9321202,73.5307549
Nashik,Pandav Leni Caves,Religious/Spiritual;Historical;Architectural;Cultural;Adventure/Outdoor,,,"Pandav Leni Caves are ancient Buddhist rock-cut caves near Nashik, dating from the 1st century BCE. The caves include chaityas, viharas, and carved pillars with Buddhist motifs. They were used for meditation and residence by monks. Visitors appreciate the historical, religious, and architectural significance of the site.",These are ancient rock-cut caves dating back to the 2nd century BC. They served as Buddhist monasteries with detailed carvings and stupas. The caves also offer panoramic views of Nashik city. It is a mix of history and spirituality.,,,A0152,16.7910137,74.1910919
Nashik,Anjaneri Hills,Natural;Adventure/Outdoor;Relaxation,,,"Anjaneri Hills near Nashik are considered the birthplace of Lord Hanuman and are a popular trekking destination. The hills feature forts, temples, and scenic viewpoints overlooking the surrounding landscapes. Pilgrims and trekkers visit for both spiritual and adventure experiences. The site combines mythology, history, and natural beauty.","Believed to be the birthplace of Lord Hanuman, these hills are both spiritual and trekking destinations. The trek passes through scenic landscapes and waterfalls. The temple at the top attracts devotees and adventurers alike. Its mythological link makes it very special.",,,A0153,19.982788,73.757391
Nashik,Godavari Ghats,Religious/Spiritual;Natural;Cultural;Relaxation,,,"Godavari Ghats in Nashik are sacred steps along the Godavari River, used for ritual bathing and ceremonies. The ghats play a central role during festivals like Kumbh Mela. Pilgrims perform rituals, offer prayers, and participate in cultural activities. The ghats are both a religious and social hub for the city.","The ghats along the Godavari River are used for rituals, holy dips, and festivals. During Kumbh Mela, they attract millions of devotees. The atmosphere is deeply spiritual with chants and prayers. They are the heart of Nashik’s cultural and religious life.",,,A0154,19.98689486,73.8673886
Bengaluru,Lalbagh Botanical Garden,Natural;Relaxation;Cultural;Adventure/Outdoor,5:00 AM - 7:00 PM,3.5,"Lalbagh is a historic botanical garden established in the 18th century by Hyder Ali and later expanded by Tipu Sultan. It is home to over 1,800 species of plants and trees, including rare and exotic ones. The iconic Glass House, inspired by London’s Crystal Palace, hosts the famous flower shows. Its serene lake and ancient trees make it a favorite for nature lovers.","Lalbagh Botanical Garden is a historic and sprawling garden famous for its diverse collection of tropical plants and centuries-old trees. It houses a magnificent glasshouse inspired by London’s Crystal Palace, where seasonal flower shows are held. The garden is known for its serene lakes, bonsai collection, and rich biodiversity. Visitors can enjoy walking trails, peaceful picnic spots, and guided tours showcasing the history of horticulture in Bangalore.",,,A0155,12.9488492,77.5868882
Bengaluru,Cubbon Park,Natural;Relaxation;Cultural;Adventure/Outdoor,6:00 AM - 7:00 PM,1.5,"Cubbon Park, spread across 300 acres, was created in 1870 by Major General Richard Sankey. It is named after Sir Mark Cubbon, the British Commissioner of Mysore. The park is known for its lush greenery, bamboo groves, and heritage structures like the Seshadri Iyer Memorial Hall. It is a popular spot for walkers, joggers, and families.","Cubbon Park is a lush green oasis in the heart of Bangalore, offering a tranquil escape from the city’s hustle. It is adorned with towering trees, flower beds, and well-maintained walking paths suitable for jogging and cycling. The park features several statues of famous personalities and colonial-era structures that reflect Bangalore’s heritage. Families and tourists enjoy boating, open lawns, and cultural events held frequently within the park.",,,A0156,12.9808954,77.597562
Bengaluru,Bangalore Palace,Historical;Architectural;Cultural;Museums & Educational,10:00 AM - 5:30 PM,1,"Built in 1878, Bangalore Palace is inspired by England’s Windsor Castle. It was constructed by Chamaraja Wodeyar, featuring Tudor-style architecture, wooden interiors, and stained glass windows. The palace grounds have hosted famous concerts, including those of international bands. Today, it offers a glimpse into royal heritage and opulence.","Bangalore Palace is a stunning architectural marvel inspired by England’s Windsor Castle, showcasing Tudor-style architecture. Its interiors feature elegant woodwork, intricate carvings, and lavish furniture that depict royal life. The palace grounds host concerts, exhibitions, and events, adding a modern touch to its historic charm. Tourists are drawn to the sprawling gardens, fortified walls, and vintage car collections.",,,A0157,12.9985954,77.5920086
Bengaluru,Tipu Sultan’s Summer Palace,Historical;Architectural;Cultural;Museums & Educational,8:30 AM - 5:30 PM,1.5,"This Indo-Islamic style palace was built in 1791 and served as Tipu Sultan’s summer retreat. Constructed mainly of teak wood, it features beautiful arches, balconies, and intricate floral motifs. It reflects Tipu’s love for art and architecture. The palace also houses a museum showcasing his era.","Tipu Sultan’s Summer Palace is a beautiful example of Indo-Islamic architecture, known for its teakwood construction and ornate frescoes. The palace served as the retreat of Tipu Sultan and offers a glimpse into his royal lifestyle. Visitors admire the delicate arches, floral motifs, and historical artifacts displayed inside. The palace is set amidst well-kept gardens, making it both a cultural and visual delight.",,,A0158,12.9593,77.5737
Bengaluru,Vidhana Soudha,Architectural;Cultural;Urban Exploration;Historical,10:00 AM - 5:30 PM,1.5,"Vidhana Soudha is Karnataka’s seat of legislature, built in 1956. Its grand Neo-Dravidian architecture symbolizes the state’s pride and governance. The building is illuminated beautifully on Sunday evenings. It remains one of Bangalore’s most iconic landmarks.","Vidhana Soudha is an iconic landmark and the seat of Karnataka’s legislative assembly, renowned for its grand Neo-Dravidian architecture. The massive structure features intricate granite carvings and majestic domes. Visitors are captivated by its imposing façade, well-manicured lawns, and impressive symmetry. Though public entry is limited, the exterior remains a favorite spot for photography and sightseeing.",,,A0159,12.9797454,77.5906167
Bengaluru,Attara Kacheri (High Court),Architectural;Historical;Cultural,9:00 AM - 5:30 PM,0.5,"Located opposite Vidhana Soudha, this red-colored Gothic-style building houses the Karnataka High Court. Built in 1868 under British rule, it was initially meant for 18 government offices—hence the name ""Attara Kacheri."" Its striking architecture and historical significance make it a heritage site. The building complements the grandeur of Vidhana Soudha.","Attara Kacheri, now the Karnataka High Court, is a striking red-brick building built in classical European style. Its colonial architecture, symmetrical layout, and spacious corridors make it a heritage treasure. The building is a symbol of judicial history and administrative importance in Bangalore. Visitors admire its façade, landscaped surroundings, and historic charm from outside.",,,A0160,12.9778852,77.5926731
Bengaluru,ISKCON Temple Bangalore,Religious/Spiritual;Architectural;Cultural;Events & Festivals,4:30 AM - 5:20 AM; 7:15 AM - 1:15 PM; 4:15 PM - 8:00 PM,1.25,"Built in 1997, the ISKCON temple is one of the largest of its kind in the world. It is dedicated to Lord Krishna and blends modern architecture with traditional elements. The temple promotes spiritual learning and cultural activities. Its gold-plated dhwaja stambha and kirtans attract thousands of devotees daily.","ISKCON Temple Bangalore is a magnificent spiritual complex dedicated to Lord Krishna, blending modern and traditional architecture. It features elaborate carvings, beautiful gardens, and a large prayer hall. The temple hosts vibrant cultural events, bhajans, and festivals that attract devotees and tourists alike. Its serene atmosphere, vegetarian restaurants, and spiritual exhibitions make it a holistic experience.",,,A0161,13.011855,77.5514407
Bengaluru,Bull Temple (Dodda Basavana Gudi),Religious/Spiritual;Architectural;Cultural;Historical,8:00 AM - 12:00 PM; 5:00 PM - 8:00 PM,1,"Built in the 16th century by Kempegowda, the founder of Bangalore, this temple is dedicated to Nandi, Lord Shiva’s vehicle. The massive granite Nandi statue here is one of the largest in the world. Legend says the idol grew continuously until a trident was placed on its head. The annual groundnut fair (Kadalekai Parishe) is held here.","Bull Temple is one of Bangalore’s oldest and largest temples, famous for its massive granite Nandi bull statue. Built in Dravidian style, it is an important religious site and a center of local culture. Visitors are captivated by the temple’s intricate carvings and historic significance. The temple grounds are spacious, with beautiful gardens and festive celebrations during Maha Shivaratri.",,,A0162,12.9417567,77.5687277
Bengaluru,Ulsoor Lake,Natural;Relaxation;Adventure/Outdoor;Urban Exploration,6:00 AM - 6:00 PM,1,"Ulsoor Lake, built by Kempegowda II in the 16th century, is one of Bangalore’s oldest lakes. It is spread over 120 acres and dotted with small islands. The lake is popular for boating and evening strolls. It also has ties to military history, with a nearby Gurudwara adding cultural significance.","Ulsoor Lake is a picturesque water body located in central Bangalore, ideal for boating and leisure activities. It is dotted with small islands and surrounded by lush greenery, offering a peaceful retreat. Visitors enjoy walking along the promenade, picnicking, and birdwatching. The lake is especially scenic during sunrise and sunset, making it a favorite photography spot.",,,A0163,12.9823891,77.6191669
Bengaluru,Bannerghatta National Park,Wildlife;Adventure/Outdoor;Natural;Relaxation,9:00 AM - 5:00 PM,4.5,"Established in 1971, Bannerghatta is a biological reserve located on Bangalore’s outskirts. It houses a zoo, butterfly park, and offers safaris to spot tigers, lions, and elephants. The park also supports wildlife rescue and conservation. It is a favorite among families and nature enthusiasts.","Bannerghatta National Park is a major wildlife destination featuring a safari park, zoo, and butterfly park. Visitors can see tigers, lions, elephants, and other exotic species in naturalistic enclosures. The park also offers trekking trails and a chance to explore dense forest areas. It is an ideal spot for wildlife enthusiasts and family outings.",,,A0164,12.5329059,77.5461907
Bengaluru,Nandi Hills,Natural;Adventure/Outdoor;Relaxation;Historical,6:00 AM - 6:00 PM,2.5,"Nandi Hills, once the summer retreat of Tipu Sultan, is a scenic hill station near Bangalore. It is famous for its sunrise views, Nandi Temple, and fort remnants. Tipu Sultan’s Drop, a cliff with historic significance, is a major attraction. The hill is also a popular spot for trekking and paragliding.","Nandi Hills is a scenic hill station near Bangalore, popular for sunrise views and trekking. Its cool climate, winding roads, and panoramic vistas attract tourists year-round. Key attractions include Tipu Sultan’s Fort, Nandi Temple, and Amruth Sarovar Lake. Paragliding and cycling are popular adventure activities in this area.",,,A0165,13.5221981,77.6790109
Bengaluru,Wonderla Amusement Park,Entertainment;Adventure/Outdoor;Events & Festivals,11:00 AM - 6:00 PM,7,"Wonderla, located on the Bangalore-Mysore highway, is one of India’s best amusement parks. It features high-thrill rides, water slides, and a wave pool. The park combines technology with fun, making it a family favorite. Seasonal events and 3D attractions add to its appeal.","Wonderla is a premier amusement park offering thrilling rides, water slides, and family entertainment. It is known for its safety standards, well-maintained facilities, and variety of attractions for all ages. Visitors can enjoy roller coasters, wave pools, and interactive play areas. The park also hosts seasonal events and live shows for additional fun.",,,A0166,12.8344839,77.40000535
Bengaluru,UB City Mall,Shopping & Culinary;Urban Exploration;Luxury;Entertainment,10:00 AM - 10:00 PM,2.5,"UB City, developed by Vijay Mallya, is Bangalore’s first luxury mall. It houses international brands, fine-dining restaurants, and high-end offices. The mall’s amphitheater often hosts cultural events and concerts. It is a symbol of modern luxury in the city.","UB City Mall is a luxury shopping and lifestyle destination in Bangalore, featuring high-end international brands. It houses gourmet restaurants, art galleries, and entertainment spaces. The mall’s sophisticated ambiance, open courtyards, and rooftop bars make it a city landmark. Visitors come for shopping, dining, and leisure experiences.",,,A0167,12.9723336,77.596114
Bengaluru,Orion Mall,Shopping & Culinary;Urban Exploration;Entertainment;Luxury,10:00 AM - 10:00 PM,2.5,"Orion Mall, part of the Brigade Gateway complex, is a popular shopping and entertainment hub. It has a wide range of international and Indian brands, multiplexes, and restaurants. The lakefront setting adds charm to the mall experience. It is a go-to destination for families and youngsters.","Orion Mall is a modern shopping complex with retail outlets, entertainment zones, and fine dining options. It offers a blend of shopping, cinema, and family activities under one roof. The mall is known for its spacious design, vibrant events, and convenient location. Visitors enjoy both leisure and cultural experiences here.",,,A0168,13.0109816,77.5551792
Bengaluru,Commercial Street,Shopping & Culinary;Urban Exploration;Cultural,10:00 AM - 10:00 PM,1.5,"One of Bangalore’s busiest shopping streets, Commercial Street is known for its clothing, footwear, and jewelry stores. It dates back to the colonial era and retains a lively bazaar feel. Bargain shopping and variety attract both locals and tourists. It is a blend of tradition and modern retail.","Commercial Street is a bustling shopping hub in Bangalore, famous for clothing, accessories, and street food. Tourists and locals flock here for affordable shopping and bargaining. The area is vibrant, lively, and filled with diverse retail options. It’s a must-visit for fashion enthusiasts and souvenir seekers.",,,A0169,12.9822423,77.608265
Bengaluru,Brigade Road,Shopping & Culinary;Urban Exploration;Cultural;Entertainment,10:00 AM - 10:00 PM,1.5,"Brigade Road is a vibrant shopping and nightlife hub in Bangalore. It became prominent during World War II when British soldiers frequented it. Today, it is lined with trendy stores, pubs, and restaurants. The street is especially lively during New Year’s Eve celebrations.","Brigade Road is one of Bangalore’s busiest shopping and entertainment streets, lined with shops, cafes, and pubs. It is a popular destination for nightlife and casual shopping. The street buzzes with energy and offers both international brands and local boutiques. Visitors enjoy strolling, dining, and street performances.",,,A0170,12.9736441,77.6075085
Bengaluru,MG Road,Shopping & Culinary;Urban Exploration;Cultural;Entertainment,10:00 AM - 10:00 PM,1.5,"MG Road, or Mahatma Gandhi Road, is one of Bangalore’s busiest commercial areas. It is famous for shopping arcades, restaurants, and cultural centers. During the colonial era, it was called South Parade. The boulevard remains a key landmark of the city.","MG Road is a central commercial and cultural hub of Bangalore, known for shopping, dining, and historical landmarks. It connects key areas of the city and hosts vibrant events. The road is lined with high-street stores, restaurants, and entertainment options. It is ideal for experiencing Bangalore’s urban vibe.",,,A0171,12.9755264,77.6067902
Bengaluru,Visvesvaraya Industrial & Technological Museum,Museums & Educational;Cultural;Historical,10:00 AM - 5:30 PM,2,"Established in 1962, this museum is named after Sir M. Visvesvaraya, the renowned engineer. It showcases interactive exhibits on science, space, and engineering. The museum is especially popular among students and children. It highlights India’s technological progress.","This museum showcases India’s technological advancements and industrial innovations. It features interactive exhibits on engineering, science, and robotics. Children and adults can enjoy hands-on activities and educational demonstrations. The museum emphasizes learning through play and exploration.",,,A0172,12.9752086,77.5964207
Bengaluru,Jawaharlal Nehru Planetarium,Museums & Educational;Cultural;Entertainment,10:00 AM - 5:30 PM,1.75,"Opened in 1989, this planetarium is dedicated to spreading astronomy knowledge. It features a sky theater with shows on celestial phenomena. The observatory inspires young learners to explore space science. It has become a hub for science education in Bangalore.","The planetarium provides an engaging experience in astronomy and space science with dome shows. Visitors learn about stars, planets, and the universe through interactive exhibits. It hosts workshops, sky observation events, and educational programs. The facility encourages curiosity and scientific exploration.",,,A0173,12.9845478,77.5898598
Bengaluru,HAL Aerospace Museum,Museums & Educational;Cultural;Historical,10:00 AM - 5:30 PM,1,"Opened in 2001, this is India’s first aerospace museum. It showcases the history of Hindustan Aeronautics Limited and Indian aviation. Visitors can view aircraft, helicopters, and flight simulators. It provides insights into India’s defense and space progress.","HAL Aerospace Museum displays India’s aviation history with aircraft, engines, and aerospace artifacts. Visitors can see vintage planes, helicopters, and technological exhibits. It highlights India’s achievements in aerospace engineering. Guided tours provide informative insights into aviation developments.",,,A0174,12.9556087,77.6812791
Bengaluru,National Gallery of Modern Art (NGMA),Museums & Educational;Cultural;Architectural,10:00 AM - 5:00 PM,1.25,"NGMA Bangalore, opened in 2009, is housed in the historic Manikyavelu Mansion. It displays artworks from 18th-century masters to contemporary artists. The gallery also hosts cultural events and workshops. It serves as a hub for art lovers in the city.","NGMA houses a rich collection of contemporary and modern Indian art. Visitors can explore paintings, sculptures, and art installations in a serene setting. The gallery hosts exhibitions, workshops, and cultural programs. It is a hub for art lovers and cultural enthusiasts.",,,A0175,12.98951855,77.58810445
Bengaluru,Indira Gandhi Musical Fountain Park,Entertainment;Relaxation;Natural,6:00 PM - 8:00 PM,1,"This park, inaugurated in 1995, is known for its dancing musical fountain. The synchronized water, light, and sound show narrates India’s history. The lush gardens surrounding it make it a pleasant evening destination. It remains a family-friendly attraction in central Bangalore.",This park features a colorful musical fountain show set amidst landscaped gardens. Visitors can enjoy light and water displays synchronized to music. The park offers a relaxing atmosphere for families and tourists. Evening performances are particularly popular.,,,A0176,12.9853656,77.5916724
Bengaluru,St. Mary’s Basilica,Religious/Spiritual;Architectural;Cultural,5:30 AM - 8:00 PM,0.5,"Built in 1882, this Gothic-style church is one of Bangalore’s oldest. It is famous for its towering spires, stained-glass windows, and annual feast in September. The church is dedicated to Mother Mary, drawing both Christians and tourists. Its history reflects colonial-era religious architecture.","St. Mary’s Basilica is a historic church known for its Gothic architecture and spiritual ambiance. It hosts religious ceremonies, festivals, and vibrant celebrations. The church interior features stained glass windows and intricate altar designs. Pilgrims and tourists visit for devotion and architectural beauty.",,,A0177,12.9844027,77.6042729
Bengaluru,St. Mark’s Cathedral,Religious/Spiritual;Architectural;Cultural,7:00 AM - 7:00 PM,0.5,"Established in 1808, this cathedral reflects English Renaissance architecture. It features a large dome, Corinthian columns, and beautiful stained glass. It serves as the cathedral of the Church of South India. The churchyard is a serene escape in the bustling city.","St. Mark’s Cathedral is an elegant Anglican church with colonial-era architecture. It is known for its beautiful stained glass windows, high ceilings, and serene interiors. The cathedral hosts regular services and cultural events. Its gardens and surroundings offer a peaceful retreat in the city.",,,A0178,12.9761632,77.600342
Bengaluru,Ragigudda Anjaneya Temple,Religious/Spiritual;Cultural;Architectural,6:00 AM - 12:00 PM; 5:30 PM - 9:00 PM,1,"This temple, dedicated to Lord Hanuman, was built in 1969. Legend says the hill was formed from a grain of ragi blessed by gods. The temple complex also houses shrines for Rama, Sita, and Lakshmana. It attracts devotees, especially on Hanuman Jayanti.","Ragigudda Anjaneya Temple is dedicated to Lord Hanuman and attracts devotees year-round. The temple is perched on a hill, providing panoramic city views. Festivals and religious ceremonies are celebrated with grandeur. Its spiritual ambiance and architectural simplicity appeal to visitors.",,,A0179,12.91471175,77.59406993
Bengaluru,Dodda Ganapathi Temple,Religious/Spiritual;Architectural;Cultural,6:00 AM - 12:00 PM; 5:30 PM - 9:00 PM,1,"Located near Bull Temple, this temple houses a huge monolithic idol of Lord Ganesha. The 18-foot-high idol is said to have grown over the years. The temple is centuries old and continues to be a popular place of worship. Festivals here draw large crowds.","Dodda Ganapathi Temple is famous for its massive Ganesha idol carved from a single monolith. It is a significant religious site for devotees and tourists alike. The temple hosts festivals with rituals, music, and cultural celebrations. Its peaceful surroundings enhance the spiritual experience.",,,A0180,12.9319324,77.5757973
Bengaluru,Innovative Film City,Entertainment;Adventure/Outdoor;Cultural;Events & Festivals,10:00 AM - 6:00 PM,4.5,"Situated on Bangalore’s outskirts, this theme park blends entertainment with film-based attractions. It offers museums, amusement rides, wax statues, and reality TV set tours. The park is a popular weekend getaway for families. It highlights India’s growing entertainment industry.","Innovative Film City is a theme park and entertainment hub offering movie sets, rides, and interactive experiences. Visitors can explore fantasy zones, live shows, and adventure activities. The park combines film-related attractions with recreational facilities. It is suitable for family outings and group visits.",,,A0181,12.7766553,77.41570368
Bengaluru,Sankey Tank,Natural;Relaxation;Adventure/Outdoor,6:00 AM - 6:00 PM,1,"Sankey Tank, a man-made lake, was built in the late 19th century to supply water to Bangalore. It is now a popular leisure spot for boating and jogging. Surrounded by greenery, it provides a calm escape from the city. The lake is also home to migratory birds.","Sankey Tank is a serene lake surrounded by walking paths and landscaped gardens. Visitors can enjoy boating, jogging, and birdwatching. The area is popular for evening strolls and photography. Its calm environment provides a peaceful urban retreat.",,,A0182,13.0099946,77.5737934
Bengaluru,Lumbini Gardens,Natural;Relaxation;Adventure/Outdoor;Entertainment,10:00 AM - 6:00 PM,2.5,"Located by Nagawara Lake, Lumbini Gardens is a family-friendly leisure park. It features boating, wave pools, and a floating restaurant. The park is themed around Lord Buddha, symbolizing peace. It is a popular evening and weekend hangout.","Lumbini Gardens is a waterfront park with boating, musical fountains, and recreational facilities. It offers scenic views of Ulsoor Lake and well-maintained gardens. Families and tourists enjoy picnics, boat rides, and leisure activities. Evening lights and events enhance its charm.",,,A0183,13.0432874,77.6102676
Bengaluru,JP Park (Jayaprakash Narayan Park),Natural;Relaxation;Adventure/Outdoor,6:00 AM - 6:00 PM,1,"Spread across 85 acres, JP Park is one of Bangalore’s largest green spaces. It features musical fountains, a rose garden, and jogging tracks. The park is named after freedom fighter Jayaprakash Narayan. It is a hub for morning walkers and families.","JP Park is a large urban park featuring lush lawns, walking trails, and play areas. It is ideal for morning walks, jogging, and family outings. Visitors appreciate the clean environment and greenery. Seasonal flower beds and fountains add to its aesthetic appeal.",,,A0184,13.03448085,77.55085259
Bengaluru,Hesaraghatta Lake,Natural;Relaxation;Adventure/Outdoor,6:00 AM - 6:00 PM,1.25,"Built in 1894, this artificial lake was created to supply water to Bangalore. It is surrounded by grasslands and attracts birdwatchers. The lake is also used for fishing and picnics. Though drying in recent years, it remains historically important.","Hesaraghatta Lake is a man-made reservoir surrounded by scenic landscapes and birdwatching opportunities. It is popular among nature enthusiasts, photographers, and weekend visitors. The lake area hosts migratory birds and natural flora. Boating and trekking add to the recreational experience.",,,A0185,13.1671063,77.4921957
Bengaluru,Big Banyan Tree (Dodda Alada Mara),Natural;Relaxation;Cultural,6:00 AM - 6:00 PM,1,This 400-year-old banyan tree spreads over 3 acres in Ramohalli. It is one of the largest of its kind in India. The tree is considered sacred and attracts both pilgrims and tourists. It offers a unique natural spectacle.,"The Big Banyan Tree is over 400 years old and spreads across several acres. It is one of the largest free-standing banyan trees in India. Visitors marvel at its extensive roots, aerial branches, and serene surroundings. The tree provides natural shade and a tranquil picnic spot.",,,A0186,12.9094298,77.39566933
Bengaluru,Devanahalli Fort,Historical;Architectural;Cultural,6:00 AM - 6:00 PM,1.75,"Built in 1501, this fort was later expanded by Hyder Ali and Tipu Sultan. It is the birthplace of Tipu Sultan, adding to its historic value. The fort features mud walls, temples, and bastions. Though in ruins, it narrates stories of past battles.","Devanahalli Fort is a historic structure near Bangalore, known as the birthplace of Tipu Sultan. The fort features strong walls, bastions, and ancient gates. Visitors can explore its temples, ruins, and heritage architecture. It provides insight into regional history and defense structures.",,,A0187,13.248471,77.710146
Bengaluru,Art of Living International Center (Kanakapura),Religious/Spiritual;Cultural;Relaxation;Architectural,4:00 AM - 9:00 PM,2.5,"Founded by Sri Sri Ravi Shankar in 1986, this center promotes spiritual learning and meditation. The vast ashram hosts yoga sessions, satsangs, and wellness programs. Set amidst scenic hills, it attracts visitors from across the world. It symbolizes peace and holistic living.","The Art of Living International Center is a spiritual retreat offering yoga, meditation, and wellness programs. The campus features beautiful gardens, large meditation halls, and serene surroundings. Visitors experience cultural events, workshops, and holistic activities. The center emphasizes peace, relaxation, and personal growth.",,,A0188,12.8257439,77.51063198
Bengaluru,Chunchi Falls (nearby),Natural;Adventure/Outdoor;Relaxation,6:00 AM - 6:00 PM,1.75,"""Chunchi Falls is a scenic waterfall located on the Arkavathy River near Kanakapura. Surrounded by rocky terrain and forests, it cascades from about 50 feet. The spot is popular for picnics and day trips. Its unspoiled natural beauty makes it a hidden gem near Bengaluru.""","Chunchi Falls is a scenic waterfall surrounded by rocky terrain and lush greenery. It is a popular spot for trekking, picnics, and nature photography. The falls provide a serene and refreshing environment, especially during monsoon. Visitors can enjoy the cascading water and peaceful ambiance.",,,A0189,12.35151,77.44595
Bengaluru,Bangalore Fort (Kempegowda Fort),Historical;Architectural;Cultural,6:00 AM - 6:00 PM,1,"Originally built by Kempegowda I in 1537 as a mud fort, it was later converted into a stone fort by Hyder Ali. Tipu Sultan further strengthened it during his reign. Though only remnants remain today, it reflects Bangalore’s medieval history. The fort stands as a heritage monument in the city.","Bangalore Fort is a historic structure originally built by Kempegowda, showcasing stone and granite architecture. It houses gates, watchtowers, and remnants of old fortifications. Visitors explore its history, temples, and colonial-era modifications. The fort is an important landmark reflecting Bangalore’s origin.",,,A0190,13.1976048,77.70748564
Bengaluru,Jawaharlal Nehru Planetarium,Museums & Educational;Cultural;Entertainment,10:00 AM - 5:30 PM,1.75,"Opened in 1989, this planetarium is dedicated to spreading astronomy knowledge. It features a sky theater with shows on celestial phenomena. The observatory inspires young learners to explore space science. It has become a hub for science education in Bangalore.","The planetarium provides an engaging experience in astronomy and space science with dome shows. Visitors learn about stars, planets, and the universe through interactive exhibits. It hosts workshops, sky observation events, and educational programs. The facility encourages curiosity and scientific exploration.",,,A0191,12.9845478,77.5898598
Munnar,Eravikulam National Park,Natural;Wildlife;Adventure/Outdoor;Relaxation,,,"This park is home to the endangered Nilgiri Tahr and is spread across rolling grasslands in the Western Ghats. It was once a hunting preserve for British planters before being declared a sanctuary. The park is famous for the blooming of Neelakurinji flowers once every 12 years. Today, it attracts nature lovers and wildlife enthusiasts from around the world.",Eravikulam National Park is home to the endangered Nilgiri Tahr and lush montane grasslands. The park offers breathtaking views of rolling hills and diverse flora. It is famous for the seasonal bloom of Neelakurinji flowers. Visitors can enjoy trekking and wildlife spotting. The protected area also includes dense forests and serene streams.,,,A0192,10.2243433,77.0731537
Munnar,Anamudi Peak,Natural;Adventure/Outdoor;Relaxation,,,"Known as the highest peak in South India, Anamudi stands tall inside Eravikulam National Park. The name means ""Elephant’s Forehead"" due to its shape. Historically, it has been a trekking destination for adventurers and botanists. The slopes are covered with rare flora and fauna, making it a symbol of Kerala’s natural beauty.","Anamudi Peak is the highest peak in South India, standing tall at over 2,695 meters. It provides panoramic views of the Western Ghats and misty valleys. The peak is part of the Eravikulam National Park and rich in biodiversity. It attracts trekking enthusiasts and nature photographers alike. The cool climate and unique ecosystems make it a natural wonder.",,,A0193,10.178767,77.034759
Munnar,Mattupetty Dam,Natural;Architectural;Adventure/Outdoor;Relaxation,,,"Built in the 1940s for hydroelectric power generation, this dam also helps in irrigation. The reservoir and lake created around it are popular for boating. Surrounded by tea plantations and forests, it attracts elephants to its water sources. It is a perfect blend of engineering and nature.","Mattupetty Dam is a popular spot for boating and picnics. Surrounded by rolling hills and tea plantations, it offers a serene environment. The dam also supports irrigation and hydroelectric activities. Visitors often spot elephants grazing near the reservoir. It is an ideal place for nature lovers and photography.",,,A0194,10.1050182,77.1194315
Munnar,Echo Point,Natural;Adventure/Outdoor;Relaxation;Cultural,,,"As the name suggests, Echo Point is famous for the natural echo phenomenon. Visitors shout into the valley and hear their voices bounce back. The location, surrounded by lush greenery and calm waters, makes it a popular picnic spot. It has become an iconic stop for travelers in Munnar.","Echo Point is famous for its natural echo phenomenon where voices reverberate across the valley. Located amidst lush greenery, it offers picturesque views of the hills. Tourists often enjoy shouting or singing to experience the echo. The area is also a great spot for picnics. Nearby trails allow visitors to explore the scenic surroundings.",,,A0195,10.1207524,77.1517388
Munnar,Kundala Lake,Natural;Relaxation;Adventure/Outdoor,,,"This serene lake is known for pedal boating and shikara rides. It is surrounded by cherry blossoms and the famous Neelakurinji flowers. Historically, it was part of a hydroelectric project. The calm beauty makes it a romantic getaway for couples.","Kundala Lake is a serene artificial reservoir surrounded by eucalyptus and tea plantations. Boating and pedal rides are popular activities here. The lake reflects the surrounding hills, creating a mesmerizing view. It is an ideal place for photography and relaxation. The nearby dam adds to the scenic charm.",,,A0196,10.1371,77.18539
Munnar,Attukal Waterfalls,Natural;Adventure/Outdoor;Relaxation,,,"Located between Munnar and Pallivasal, this waterfall cascades amidst dense forests. It is best visited during monsoons when the flow is strong. Trekkers often hike to the falls, enjoying the scenic views. The area is still relatively untouched, giving it a raw natural charm.","Attukal Waterfalls cascade gracefully through rocky terrains, creating a picturesque setting. The surrounding hills are lush and green, perfect for nature walks. It is a less crowded destination, offering tranquility. The falls are ideal for photography and short treks. Seasonal variations enhance the beauty and volume of water.",,,A0197,10.0675,77.0711
Munnar,Top Station,Natural;Adventure/Outdoor;Relaxation,,,"Top Station is the highest point in Munnar open to tourists. It was once part of the Kundala Valley Railway, built for transporting tea. The spot offers panoramic views of the Theni Valley and the Western Ghats. It is also a vantage point for spotting Neelakurinji blooms.",Top Station is the highest point in the Western Ghats accessible by road. It offers panoramic views of the valleys and Munnar landscapes. Tea plantations and rolling hills surround the viewpoint. It is famous for sunrise and misty mornings. Adventure enthusiasts enjoy trekking trails nearby.,,,A0198,10.0876759,77.067036
Munnar,Tea Museum,Museums & Educational;Cultural;Shopping & Culinary,,,"The museum was set up by Tata Tea to showcase Munnar’s tea-growing history. It exhibits old machinery, photographs, and documents related to tea production. Visitors can also watch live demonstrations of tea processing. It offers insight into how tea shaped the economy of the region.","Located in Ooty, it showcases the history and process of tea production. Visitors can learn about tea cultivation, processing, and tasting. The museum highlights Nilgiri tea heritage and industry techniques. It provides educational insight into local culture and economy. Tea enthusiasts find it both informative and enjoyable.",,,A0199,10.0942253,77.0506536
Munnar,Pothamedu Viewpoint,Natural;Relaxation;Adventure/Outdoor,,,"This viewpoint overlooks rolling hills, tea, coffee, and cardamom plantations. It is a favorite for trekkers and photographers. The spot is associated with Kerala’s plantation heritage. Misty mornings here create postcard-like scenery.","Pothamedu Viewpoint provides sweeping views of tea, coffee, and spice plantations. Sunrise and sunset views are particularly spectacular. The area is surrounded by rolling hills and lush greenery. It is a peaceful spot for nature photography. Short treks lead visitors through scenic landscapes.",,,A0200,10.059648,77.064075
Munnar,Chinnar Wildlife Sanctuary,Wildlife;Natural;Adventure/Outdoor,,,"Located on the Tamil Nadu border, this sanctuary is known for its dry forests. It is home to the rare grizzled giant squirrel. Ancient dolmens inside the park suggest prehistoric human settlements. Its unique ecosystem makes it different from other Kerala sanctuaries.","Chinnar Wildlife Sanctuary is a dryland sanctuary known for elephants, leopards, and rare reptiles. It preserves unique flora and fauna of the Western Ghats. Trekking and guided safaris are popular activities. The sanctuary also has indigenous tribal communities. It is an important conservation area with scenic trails.",,,A0201,10.20115,77.09064
Alleppey (Alappuzha),Alleppey Backwaters,Natural;Relaxation;Adventure/Outdoor;Cultural,,,"Known as the “Venice of the East,” the Alleppey backwaters are a network of canals, rivers, and lakes. Traditionally, these waters were lifelines for transport and trade in Kerala. Today, they are famous for houseboat cruises offering serene views of coconut groves and paddy fields. The annual Nehru Trophy Snake Boat Race also takes place here.","Alleppey Backwaters are a network of tranquil canals, lakes, and lagoons. Houseboat cruises allow visitors to experience local life and scenic beauty. The area is famous for lush paddy fields and coconut groves. Birdwatching and village visits enrich the experience. The sunset views over the water are breathtaking.",,,A0202,9.506952,76.35377
Alleppey (Alappuzha),Houseboats,Relaxation;Luxury;Cultural;Shopping & Culinary,,,"The houseboats, called ""kettuvallams,"" were once used to transport rice and spices. Today, they are converted into floating homes with modern comforts. A cruise on these boats gives travelers a chance to experience traditional Kerala life. They have become the symbol of Kerala tourism.","Houseboats in Kerala offer a unique floating stay experience on backwaters. They are equipped with modern amenities and traditional décor. Cruising through villages, canals, and paddy fields is relaxing. Visitors enjoy local cuisine prepared on board. It combines comfort with cultural immersion.",,,A0203,9.50069,76.34901
Alleppey (Alappuzha),Alappuzha Beach,Beach & Coastal;Relaxation;Adventure/Outdoor,,,This beach has been a popular picnic spot since colonial times. The old sea bridge that extends into the ocean is a reminder of Alleppey’s trading history. It is also the site for beach festivals and water sports. The golden sands and sunsets make it a favorite among visitors.,Alappuzha Beach is a scenic coastline with golden sand and gentle waves. The beach features a historic pier stretching into the sea. Sunsets here are mesmerizing and attract photographers. It is popular for leisurely walks and local snacks. The nearby lighthouse adds to its charm.,,,A0204,9.499447,76.318365
Alleppey (Alappuzha),Marari Beach,Beach & Coastal;Relaxation;Luxury;Adventure/Outdoor,,,"Marari is a tranquil fishing village beach, less commercial than Alleppey. The name comes from “Mararikulam,” a small coastal village nearby. Tourists can witness fishermen at work and enjoy Ayurvedic treatments here. It’s known for its peaceful, rustic charm.","Marari Beach is a pristine and peaceful coastline ideal for relaxation. The golden sands and swaying palms create a tropical paradise. Fishermen’s villages nearby provide cultural insight. It is less crowded than other beaches, ensuring tranquility. The beach is perfect for swimming and sunbathing.",,,A0205,9.601738,76.300788
Alleppey (Alappuzha),Pathiramanal Island,Natural;Wildlife;Relaxation;Adventure/Outdoor,,,"Known as the ""Sands of Midnight,"" this small island lies in the Vembanad Lake. Legends say it miraculously rose from the waters to give shelter to a Brahmin. It is home to migratory birds like cormorants, terns, and herons. Its untouched beauty attracts nature lovers and birdwatchers.","Pathiramanal Island is a small, serene island on Vembanad Lake. It is a haven for migratory birds and biodiversity enthusiasts. Visitors can explore the island on foot and enjoy birdwatching. The views of the lake and surrounding paddy fields are picturesque. It is accessible only by boat, adding to its charm.",,,A0206,9.498073,76.338863
Alleppey (Alappuzha),Ambalapuzha Sri Krishna Temple,Religious/Spiritual;Architectural;Cultural;Historical,,,"Built in the 15th century, this temple is famous for its deity resembling Parthasarathi (Krishna as charioteer of Arjuna). It is also renowned for the delicious sweet offering, Ambalapuzha Palpayasam. The temple has been associated with many legends of Krishna’s miracles. Its murals and cultural traditions make it significant.",Ambalapuzha Sri Krishna Temple is famous for its traditional Kerala architecture. The temple is renowned for the sweet milk pudding “Palpayasam.” Devotees visit for spiritual rituals and blessings. The temple surroundings are peaceful and scenic. Festivals here are celebrated with grandeur and devotion.,,,A0207,9.38328255,76.36959163
Alleppey (Alappuzha),St. Mary’s Forane Church,Religious/Spiritual;Architectural;Cultural;Historical,,,"One of the oldest churches in Kerala, it was established in the 9th century. It reflects Portuguese and Syrian Christian influences. The church is famous for its annual festival and elaborate rituals. Its architecture showcases Kerala’s rich Christian heritage.",St. Mary’s Forane Church is known for its colonial architecture and historic significance. The interiors feature intricate artwork and stained glass. It is a center of Christian worship in Kerala. Visitors admire its peaceful ambiance and heritage. The church is an important landmark in the region.,,,A0208,9.70757935,76.29769517
Alleppey (Alappuzha),Revi Karunakaran Museum,Museums & Educational;Cultural;Historical,,,"This museum was built in memory of Revi Karunakaran, a pioneer in Kerala’s coir industry. It displays rare crystals, ivory, Tanjore paintings, and antique furniture. The collection reflects the lifestyle of Kerala’s elite families. It has become a cultural landmark in Alleppey.","Revi Karunakaran Museum showcases traditional Kerala artifacts and antiques. The museum highlights local art, jewelry, and cultural heritage. Guided tours provide detailed historical insights. It offers a blend of art, history, and craftsmanship. Visitors often spend hours exploring the exhibits.",,,A0209,9.49918,76.328827
Kochi (Cochin),Fort Kochi,Historical;Cultural;Urban Exploration;Architectural,,,"Once occupied by Portuguese, Dutch, and British, Fort Kochi carries layers of colonial history. The streets are lined with European-style houses, churches, and spice markets. The area was one of the first European settlements in India. Today, it blends history, art, and culture.","Fort Kochi is a historic area with colonial architecture and cultural heritage. It features charming streets, cafes, and art galleries. Visitors can explore Dutch, Portuguese, and British influences. Street performances and local festivals add vibrancy. It is a hub for heritage tourism in Kerala.",,,A0210,9.967569,76.2421901
Kochi (Cochin),Chinese Fishing Nets,Cultural;Historical;Urban Exploration;Shopping & Culinary,,,"Introduced by Chinese traders in the 14th century, these nets are iconic symbols of Kochi. Locals still use them for fishing, requiring teamwork to operate. They represent the cultural exchange between India and China. Watching them at sunset is a unique tourist experience.","Chinese Fishing Nets are iconic structures along Fort Kochi’s coast. They are unique cantilevered nets used by local fishermen. The site is perfect for photography, especially at sunset. Visitors can watch traditional fishing techniques in action. It reflects the historical trade connections of Kerala.",,,A0211,9.9681914,76.2421678
Kochi (Cochin),Mattancherry Palace,Historical;Cultural;Architectural;Museums & Educational,,,"Also called the Dutch Palace, it was originally built by the Portuguese in the 16th century and later renovated by the Dutch. The palace is famous for its Kerala-style architecture combined with colonial influences. Inside, there are murals depicting episodes from the Ramayana and Mahabharata. It reflects the cultural and political exchanges of Kochi’s history.","Mattancherry Palace, also known as Dutch Palace, features Kerala-style architecture. The palace displays murals depicting Hindu epics. Visitors can explore royal artifacts and historical rooms. It reflects the rich heritage of Kochi. The courtyards and gardens enhance its scenic appeal.",,,A0212,9.9583507,76.2591812
Kochi (Cochin),Jew Town,Cultural;Shopping & Culinary;Historical;Urban Exploration,,,"Jew Town in Kochi is one of the oldest Jewish settlements in India. It is famous for antique shops, spice markets, and historic buildings. Once home to a thriving Jewish community, it still preserves synagogues and heritage homes. Walking through the lanes feels like stepping back in time.",Jew Town in Kochi is famous for antique shops and spice markets. It reflects centuries-old Jewish heritage and architecture. The streets are lined with quaint shops and cafes. Visitors enjoy exploring collectibles and souvenirs. The historic charm makes it a unique cultural spot.,,,A0213,9.9562732,76.2601161
Kochi (Cochin),Paradesi Synagogue,Religious/Spiritual;Cultural;Historical;Architectural,,,"Built in 1568, it is the oldest active synagogue in the Commonwealth nations. It was constructed by Sephardic Jews who settled in Kochi after being exiled from Spain. The interiors feature hand-painted Chinese tiles and Belgian glass chandeliers. It is a living monument to Kerala’s multicultural past.",Paradesi Synagogue is one of the oldest active synagogues in India. It features exquisite Belgian chandeliers and hand-painted tiles. The interiors showcase Jewish artifacts and heritage. Visitors admire its history and peaceful ambiance. It is a symbol of Kochi’s multicultural past.,,,A0214,9.9574826,76.2593017
Kochi (Cochin),Marine Drive,Urban Exploration;Relaxation;Shopping & Culinary;Entertainment,,,"A popular hangout in Kochi, Marine Drive is a scenic promenade along the backwaters. It became a developed urban attraction in the late 20th century. Today, it’s lined with shopping complexes and restaurants. The view of the sunset from here is especially famous.",Marine Drive in Kochi is a scenic promenade along the backwaters. It offers stunning views of the sunset and city skyline. Locals and tourists enjoy evening walks and boating. Cafes and benches line the walkway for relaxation. It is a hub for social and recreational activities.,,,A0215,9.9789,76.2774
Kochi (Cochin),Bolgatty Palace,Historical;Architectural;Luxury;Cultural,,,"Built by the Dutch in 1744, this palace is one of the oldest existing Dutch palaces outside Holland. It later served as a British residency. Surrounded by gardens and overlooking the backwaters, it is now a heritage hotel. Its blend of European architecture with Kerala’s setting makes it unique.",Bolgatty Palace is a heritage hotel and former Dutch Governor’s residence. It overlooks the backwaters and features colonial architecture. Visitors can explore its gardens and serene surroundings. Boating and recreational activities are available nearby. It is a blend of history and leisure.,,,A0216,9.94577,76.27559
Kochi (Cochin),Kerala Kathakali Centre,Cultural;Events & Festivals;Entertainment;Museums & Educational,,,"Established to preserve and promote Kerala’s classical art forms, this center is dedicated to Kathakali dance. It also showcases Kalaripayattu (martial arts) and classical music performances. The detailed makeup and costumes of performers are a major attraction. It helps keep Kerala’s performing traditions alive for global audiences.",Kerala Kathakali Centre showcases traditional dance-drama performances. Artists wear elaborate costumes and makeup to enact stories from epics. Visitors can witness the rich cultural heritage of Kerala. Workshops and demonstrations add educational value. It is a unique cultural experience.,,,A0217,9.9638866,76.242808
Kochi (Cochin),St. Francis Church,Religious/Spiritual;Historical;Architectural;Cultural,,,"Built in 1503, it is the oldest European church in India. Portuguese explorers, including Vasco da Gama, were closely associated with it, and he was first buried here. The church later came under Dutch and British control. Its simple yet historic architecture speaks of colonial legacies.",St. Francis Church is one of the oldest European churches in India. It features simple yet historic architecture. The church is known for Vasco da Gama’s burial history. Visitors appreciate its serene and spiritual ambiance. It reflects Kochi’s colonial past.,,,A0218,9.965947,76.2410658
Kochi (Cochin),Hill Palace Museum,Museums & Educational;Historical;Architectural;Cultural,,,"Located in Tripunithura, this was once the official residence of the Kochi royal family. Today, it is Kerala’s largest archaeological museum. It houses royal artifacts, weapons, paintings, and ornaments. The palace grounds also include a heritage garden and deer park.","Hill Palace Museum in Kochi was the former residence of the Cochin royal family. It houses royal artifacts, sculptures, and antiques. The sprawling gardens and museum galleries attract history enthusiasts. Visitors learn about the cultural and political heritage. It is the largest archaeological museum in Kerala.",,,A0219,15.60796685,32.52869285
Kumarakom,Kumarakom Bird Sanctuary,Wildlife;Natural;Adventure/Outdoor;Relaxation,,,"Situated on the banks of Vembanad Lake, this sanctuary is a haven for migratory birds. Species like Siberian storks, egrets, and herons flock here seasonally. It was developed by an Englishman and later managed by Kerala Tourism. Birdwatchers and photographers find it a paradise.","Kumarakom Bird Sanctuary is a haven for migratory and local birds. The sanctuary is located on Vembanad Lake, surrounded by lush greenery. Birdwatchers can spot kingfishers, herons, and waterfowl. Wooden watchtowers provide excellent viewing points. The serene environment is ideal for nature lovers.",,,A0220,9.6314953,76.4217489
Kumarakom,Vembanad Lake,Natural;Relaxation;Adventure/Outdoor;Cultural,,,"The largest lake in Kerala, it stretches across several districts. It is central to Kerala’s backwater tourism and houseboat cruises. The Nehru Trophy Boat Race is held annually here. The lake also supports rich biodiversity and fishing communities.","Vembanad Lake is the longest lake in India and a hub for backwater tourism. Houseboat cruises, birdwatching, and fishing are popular activities. The lake is surrounded by paddy fields and coconut groves. Sunsets over the water create spectacular views. It is an integral part of Kerala’s scenic landscape.",,,A0221,9.594922,76.39421134
Kumarakom,Aruvikkuzhi Waterfalls,Natural;Adventure/Outdoor;Relaxation,,,"Located near Kumarakom, this waterfall cascades through rubber plantations and rocky terrain. It is especially stunning during monsoons when the flow is strong. The falls are often visited for picnics and short treks. Its natural charm makes it a favorite getaway spot for families.","Aruvikkuzhi Waterfalls is a picturesque cascade surrounded by greenery. The falls are ideal for short treks and nature photography. During monsoon, the water flow becomes spectacular. The surrounding area is peaceful and rejuvenating. Local flora adds to its scenic charm.",,,A0222,9.6029077,76.6671319
Kumarakom,Bay Island Driftwood Museum,Museums & Educational;Cultural,,,"Situated in Kumarakom, this unique museum showcases sculptures made from driftwood and root carvings. The pieces are artistically shaped into figures of animals, birds, and mythological characters. Started by teacher Raji Punnoose, it has gained international recognition. It highlights creativity from discarded natural wood.",Bay Island Driftwood Museum displays creative driftwood art and sculptures. The museum is located near backwaters and provides cultural insight. Visitors can see innovative use of natural materials. It is unique for art enthusiasts and photographers. The exhibits reflect environmental creativity.,,,A0223,9.6169,76.4322
Kumarakom,Pathiramanal Island,Natural;Wildlife;Relaxation;Adventure/Outdoor,,,"Known as the ""Sands of Midnight,"" this small island lies in the Vembanad Lake. Legends say it miraculously rose from the waters to give shelter to a Brahmin. It is home to migratory birds like cormorants, terns, and herons. Its untouched beauty attracts nature lovers and birdwatchers.","Pathiramanal Island is a small, serene island on Vembanad Lake. It is a haven for migratory birds and biodiversity enthusiasts. Visitors can explore the island on foot and enjoy birdwatching. The views of the lake and surrounding paddy fields are picturesque. It is accessible only by boat, adding to its charm.",,,A0224,9.591494,76.43248
Thekkady,Periyar Wildlife Sanctuary,Wildlife;Natural;Adventure/Outdoor,,,"Located in Thekkady, this is one of India’s most famous tiger reserves. It was established in 1934 around the Periyar Lake created by Mullaperiyar Dam. The sanctuary shelters elephants, tigers, and rich birdlife. It remains a model for eco-tourism in Kerala.","Periyar Wildlife Sanctuary is a renowned protected area in Kerala, famous for its rich biodiversity and tiger population. Visitors can spot elephants, leopards, and various bird species in their natural habitat. The sanctuary is surrounded by scenic hills and lush forests, making it ideal for nature photography. It also offers trekking trails and guided safari tours, providing immersive wildlife experiences. Periyar is one of the most famous eco-tourism destinations in South India.",,,A0225,9.5976585,77.1729756
Thekkady,Periyar Lake (boating),Natural;Relaxation;Adventure/Outdoor,,,"The lake was formed after the construction of Mullaperiyar Dam in the late 19th century. Surrounded by forests and hills, it offers scenic boat rides. Tourists often spot elephants and deer by the lake shores. It is the centerpiece of Periyar’s tourism experience.","Periyar Lake is an artificial reservoir located within the Periyar Wildlife Sanctuary, known for its tranquil waters. Boating here offers close encounters with elephants and other wildlife along the lakeside. The lake is surrounded by dense forests and misty hills, creating a serene atmosphere. Houseboats and guided boat rides allow visitors to explore its scenic beauty fully. It is particularly popular for sunset and nature photography.",,,A0226,9.54073505,77.19985012
Thekkady,Mangala Devi Temple,Religious/Spiritual;Architectural;Cultural;Historical,,,"This ancient temple is dedicated to Goddess Mangala Devi and is located deep inside Periyar forests. Believed to be built by the Chera dynasty, it remains open only once a year during a special festival. The site also offers panoramic views of Tamil Nadu plains. It is a blend of spirituality and wilderness.",Mangala Devi Temple is an ancient hilltop shrine dedicated to Goddess Mangala. It is located within the Periyar Wildlife Sanctuary and offers panoramic views of the surrounding forests. The temple is accessible via trekking trails that pass through dense greenery. Pilgrims visit the temple for spiritual rituals and blessings. Its historical and cultural significance makes it a peaceful spot for visitors.,,,A0227,9.5804995,77.181142
Thekkady,Spice Plantations,Natural;Cultural;Shopping & Culinary;Relaxation,,,"Kerala’s spice plantations grow cardamom, pepper, cinnamon, and cloves. Historically, they attracted traders from Arabia, Europe, and China. Guided tours allow visitors to see the cultivation process and taste fresh spices. They represent Kerala’s legacy as the “Spice Garden of the World.”","Kerala’s spice plantations are famous for growing pepper, cardamom, vanilla, and cinnamon. Visitors can take guided tours to learn about the cultivation and harvesting of spices. The plantations offer a sensory experience with aromatic scents and lush greenery. Many estates provide farm-to-table experiences and spice shopping opportunities. These plantations also showcase traditional Kerala agricultural practices.",,,A0228,9.5804995,77.181142
Thekkady,Kadathanadan Kalari Centre,Cultural;Events & Festivals;Entertainment,,,"This cultural center in Thekkady showcases Kalaripayattu, Kerala’s ancient martial art. The performances demonstrate combat techniques with weapons and acrobatics. The martial art is believed to have influenced even Asian fighting styles. It connects visitors to Kerala’s warrior traditions.","Kadathanadan Kalari Centre is dedicated to showcasing Kalaripayattu, one of the oldest martial arts in the world. Visitors can watch live performances demonstrating combat techniques and agility. The center also offers workshops for beginners interested in learning the art form. It preserves Kerala’s cultural heritage and traditional martial skills. Performances are often accompanied by traditional music and storytelling.",,,A0229,9.60477835,77.1668613
Wayanad,Edakkal Caves,Historical;Natural;Adventure/Outdoor;Cultural,,,"These prehistoric caves in Wayanad are famous for ancient petroglyphs. The carvings date back to 6000 BCE and depict human figures, animals, and symbols. They were discovered by a British officer in 1890. The caves provide rare insight into early human civilization.","Edakkal Caves are famous for their prehistoric petroglyphs and rock engravings dating back thousands of years. The caves are perched on a hilltop, offering panoramic views of Wayanad. Archaeologists consider the carvings important evidence of early human civilization in the region. Visitors need to trek to reach the caves, which adds adventure to the experience. It is a blend of history, mystery, and natural beauty.",,,A0230,11.6266794,76.2354803
Wayanad,Banasura Sagar Dam,Natural;Architectural;Relaxation;Adventure/Outdoor,,,"This is India’s largest earthen dam, built across the Karamanathodu River. Surrounded by hills and islets, it is a scenic picnic spot. The dam was constructed as part of a hydroelectric project. Today, it is popular for boating and trekking.","Banasura Sagar Dam is the largest earthen dam in India, surrounded by scenic hills and water channels. It is popular for boating, trekking, and picnicking. The dam is named after the mythical king Banasura and offers a peaceful environment for nature lovers. Visitors can enjoy panoramic views of the reservoir and nearby Banasura Hill. It is an ideal spot for photography and relaxation.",,,A0231,11.5986411,75.9186854
Wayanad,Pookode Lake,Natural;Relaxation;Adventure/Outdoor,,,"A freshwater lake shaped like India’s map, it is surrounded by forests and hills. The lake is home to blue lotuses and freshwater fish. Boating is a popular activity here. It is a peaceful natural retreat in Wayanad.",Pookode Lake is a freshwater lake surrounded by forests and hills in Wayanad. Pedal boats and rowboats are available for recreational boating. The lake is home to freshwater fish and attracts many migratory birds. Walking trails around the lake offer a peaceful retreat into nature. Its scenic beauty makes it a popular spot for picnics and photography.,,,A0232,11.5423338,76.0273064
Wayanad,Soochipara Falls,Natural;Adventure/Outdoor;Relaxation,,,"Also called Sentinel Rock Waterfalls, it cascades from a height of 200 meters. The falls are surrounded by dense forests and require a short trek to reach. Rock climbing is popular in the surrounding cliffs. The pool at the base is ideal for swimming.","Soochipara Falls, also known as Sentinel Rock Falls, is a three-tiered waterfall surrounded by Deciduous, Evergreen, and Montane forests. It is ideal for rock climbing and nature walks. Visitors can take a refreshing dip in the pool at the base of the falls. The falls are especially spectacular during the monsoon season. Its natural charm makes it a must-visit in Wayanad.",,,A0233,11.5112151,76.1634288
Wayanad,Meenmutty Falls,Natural;Adventure/Outdoor;Relaxation,,,"One of Wayanad’s largest waterfalls, it drops in three tiers. The name means “fish blocked,” as fish cannot swim beyond it. It requires a trek through forested paths to access. Its raw beauty makes it a favorite for adventure seekers.","Meenmutty Falls is a three-tiered waterfall, one of the tallest in Wayanad. A trekking trail through lush forests leads to the waterfall, offering a sense of adventure. The falls create a natural pool perfect for relaxation and photography. Monsoon season enhances its dramatic flow and scenic beauty. It is surrounded by rich biodiversity, including rare flora and fauna.",,,A0234,11.5284064,76.2366763
Wayanad,Chembra Peak,Natural;Adventure/Outdoor;Relaxation,,,"The highest peak in Wayanad, Chembra is famous for its heart-shaped lake halfway up the trek. The lake is believed to have never dried up. Trekkers enjoy sweeping views of the Western Ghats from the summit. It is a symbol of romance and adventure.","Chembra Peak is the highest peak in Wayanad, famous for trekking and panoramic views. The heart-shaped lake, “Hridaya Saras,” near the summit is a unique attraction. Trekking to the peak offers sightings of flora, fauna, and tea plantations along the way. The summit provides a breathtaking view of the Western Ghats. It is a must-visit for adventure enthusiasts and nature lovers.",,,A0235,11.5122716,76.0896399
Wayanad,Wayanad Wildlife Sanctuary,Wildlife;Natural;Adventure/Outdoor,,,"Spread across four ranges, the sanctuary is part of the Nilgiri Biosphere Reserve. It shelters elephants, leopards, tigers, and rich birdlife. The forest has been home to tribal communities for centuries. It is an important ecological zone of Kerala.","Wayanad Wildlife Sanctuary is part of the Nilgiri Biosphere Reserve and hosts elephants, tigers, and diverse bird species. The sanctuary has dense forests, rivers, and grasslands. Guided jeep safaris provide a close-up wildlife experience. It is an excellent destination for eco-tourism and photography. The sanctuary also supports conservation education programs.",,,A0236,11.7645326,76.2436909
Wayanad,Kuruva Island,Natural;Wildlife;Adventure/Outdoor;Relaxation,,,"A cluster of islets in the Kabini River, it is known for bamboo groves and rich biodiversity. The uninhabited island is maintained as an ecological reserve. It is accessible by bamboo rafts and boats. Nature lovers visit for its tranquility.","Kuruva Island is a unique river delta of over 150 small islands on the Kabini River. Visitors can explore walking trails amidst bamboo groves and tropical trees. It is home to exotic birds, butterflies, and freshwater fishes. The island offers a tranquil retreat for nature lovers. Bamboo bridges and wooden pathways enhance the eco-tourism experience.",,,A0237,11.8216033,76.0923256
Wayanad,Thirunelli Temple,Religious/Spiritual;Cultural;Architectural;Historical,,,"An ancient temple dedicated to Lord Vishnu, located in Wayanad. Legends say it was built by Lord Brahma himself. The temple is known as the ""Kashi of the South"" for its rituals connected to ancestors. Surrounded by hills, it carries deep spiritual importance.","Thirunelli Temple is an ancient temple dedicated to Lord Vishnu, located in the Brahmagiri Hills. The temple is surrounded by lush forests and a mountain stream. Pilgrims believe the temple is sacred for ancestral rites. The architectural beauty and serene surroundings make it spiritually significant. Nearby trekking trails add an adventurous element for visitors.",,,A0238,11.9082694,75.9963713
Kovalam,Lighthouse Beach,Beach & Coastal;Relaxation;Adventure/Outdoor,,,"Located in Kovalam, this beach is named after the tall red-and-white Vizhinjam Lighthouse. It is the most popular among Kovalam’s beaches. Tourists flock here for sunbathing, swimming, and water sports. Its lively atmosphere makes it world-famous.","Lighthouse Beach in Kovalam is famous for its crescent-shaped coastline and clear waters. The iconic lighthouse offers panoramic views of the Arabian Sea. It is ideal for swimming, sunbathing, and water sports. Local shacks and cafes provide fresh seafood and refreshments. The beach is lively yet maintains a tranquil ambiance during sunrise and sunset.",,,A0239,8.3853176,76.9790798
Kovalam,Hawah Beach,Beach & Coastal;Relaxation;Adventure/Outdoor,,,"Adjacent to Lighthouse Beach, it was once a topless beach popular with European tourists. It is now a family-friendly beach with fishing activities. The beach offers beautiful sunset views. It is quieter compared to Lighthouse Beach.","Hawah Beach is a peaceful beach in Kovalam known for its gentle waves and scenic beauty. It is perfect for swimming and long walks along the shore. Palm-lined surroundings create a tropical coastal atmosphere. Fishermen and small boats add local cultural charm. The beach is less crowded, offering a serene retreat.",,,A0240,8.3865192,76.9815377
Kovalam,Samudra Beach,Beach & Coastal;Relaxation;Adventure/Outdoor,,,This beach in Kovalam is known for its peaceful environment. It is less commercial and mainly visited by locals. The setting with coconut palms and rocky shores is picturesque. It is ideal for solitude seekers.,"Samudra Beach is a serene spot in Kovalam, famous for calm waters and coconut groves. It is ideal for meditation and relaxing walks. The waves are gentle, making it suitable for swimming. Local seafood vendors and colorful boats enhance its charm. Visitors can enjoy picturesque sunsets over the Arabian Sea.",,,A0241,8.3962303,76.9732065
Kovalam,Kovalam Lighthouse,Architectural;Beach & Coastal;Adventure/Outdoor;Relaxation,,,"Built in 1972, the Vizhinjam Lighthouse stands on Kurumkal Hill. It offers panoramic views of the Arabian Sea. Historically, the area was a small fishing village before tourism flourished. The lighthouse remains an iconic landmark of Kovalam.","Kovalam Lighthouse stands tall at Lighthouse Beach, providing panoramic views of the coast. Visitors can climb to the top for stunning vistas of the sea and surrounding beaches. The lighthouse is an architectural landmark and popular photography spot. It is especially beautiful during sunrise and sunset. The surrounding area has cafes and walking trails.",,,A0242,8.3828903,76.9796488
Kovalam,Ayurvedic massage centres,Relaxation;Luxury;Cultural,,,Kerala is globally known for Ayurvedic treatments and therapies. Many centers in Kovalam and other parts offer rejuvenation massages. These practices are rooted in centuries-old healing traditions. They attract wellness tourists from across the world.,"Kerala’s Ayurvedic massage centres offer traditional healing therapies using herbal oils. Treatments focus on relaxation, detoxification, and wellness. Centres often provide a serene environment with natural settings. Techniques include Abhyangam, Shirodhara, and foot massages. They are popular among tourists seeking rejuvenation and holistic health experiences.",,,A0243,8.3667,76.9833
Trivandrum (Thiruvananthapuram),Padmanabhaswamy Temple,Religious/Spiritual;Architectural;Cultural;Historical,,,"Located in Thiruvananthapuram, it is dedicated to Lord Vishnu reclining on Anantha (serpent). The temple became world-famous after secret vaults revealed immense treasures. It follows strict entry traditions, allowing only Hindus inside. Its Dravidian-style architecture is magnificent.","Padmanabhaswamy Temple in Thiruvananthapuram is dedicated to Lord Vishnu and known for its intricate architecture. It features gold-plated gopurams, ornate carvings, and sacred rituals. The temple’s wealth and historical significance are legendary. Pilgrims from all over visit for spiritual blessings. Its blend of artistry, spirituality, and grandeur makes it iconic.",,,A0244,8.4827027,76.9438872
Trivandrum (Thiruvananthapuram),Napier Museum,Museums & Educational;Cultural;Historical,,,"Built in the 19th century, this museum is named after Lord Napier, the then Governor of Madras. Its Indo-Saracenic architecture is unique. The museum displays bronze idols, ancient ornaments, and ivory carvings. It reflects Kerala’s artistic and cultural legacy.","Napier Museum is a historic museum housing ancient ornaments, bronze idols, and traditional Kerala artifacts. The Indo-Saracenic architecture adds cultural and aesthetic value. Visitors can explore exhibits ranging from weaponry to temple art. The surrounding grounds are landscaped gardens ideal for walks. The museum offers insights into Kerala’s art and history.",,,A0245,8.5089307,76.9551433
Trivandrum (Thiruvananthapuram),Zoological Park,Wildlife;Entertainment;Museums & Educational,,,"Established in 1857, the Thiruvananthapuram zoo is one of India’s oldest. It was modernized with natural enclosures for animals. The zoo is part of a large botanical garden. It remains a popular educational and recreational spot.","The Trivandrum Zoological Park is one of the oldest in India, featuring a wide variety of animals and birds. It offers educational programs and interactive animal exhibits. The park is spacious and well-maintained with naturalistic enclosures. Visitors can see lions, tigers, elephants, and reptiles. It is popular with families and wildlife enthusiasts.",,,A0246,8.51173,76.955
Trivandrum (Thiruvananthapuram),Kanakakunnu Palace,Historical;Architectural;Cultural,,,"Built by the Travancore kings, this palace was once used to entertain royal guests. Its Indo-Saracenic style stands out amidst gardens. Today, it hosts cultural programs and festivals. It represents the grandeur of Travancore royalty.","Kanakakunnu Palace is a historic palace in Thiruvananthapuram set in sprawling gardens. It showcases Kerala’s royal heritage and hosts cultural events. The architecture blends traditional Kerala style with colonial influences. Visitors enjoy serene walks, musical performances, and evening cultural programs. The palace provides a glimpse into royal life and art.",,,A0247,8.5106528,76.9581002
Trivandrum (Thiruvananthapuram),Veli Tourist Village,Natural;Relaxation;Adventure/Outdoor;Entertainment,,,"This waterfront park is built around the confluence of Veli Lake and the Arabian Sea. It offers boating, gardens, and a floating café. Sculptures by artist Kanayi Kunhiraman add artistic beauty. It is a favorite weekend spot for families.","Veli Tourist Village is a recreational park at the confluence of Veli Lake and the Arabian Sea. It offers boat rides, gardens, and open-air amphitheaters. The village is ideal for family outings and evening walks. Scenic views of backwaters and bridges enhance its charm. Local food stalls and cultural events add vibrancy to the visit.",,,A0248,8.5104891,76.8902341
Trivandrum (Thiruvananthapuram),Shankumugham Beach,Beach & Coastal;Relaxation;Adventure/Outdoor,,,"Known for its giant mermaid sculpture and open-air theater, this beach is near the airport. It is a popular sunset point. The beach is also associated with religious rituals during festivals. Its vast sands make it lively and attractive.","Shankumugham Beach is a serene beach near the airport, known for its long shoreline and sunsets. Visitors enjoy beach walks, camel rides, and food stalls. The beach features statues like the massive sculpture of a mermaid. It is popular for photography and relaxing evenings. Local fishermen add a cultural touch to the ambiance.",,,A0249,8.389336,76.977351
Trivandrum (Thiruvananthapuram),Poovar Island,Natural;Relaxation;Luxury;Adventure/Outdoor,,,"A coastal village near Trivandrum, it is located where the Neyyar River meets the sea. Historically, it was a trading hub for timber, sandalwood, and spices. Today, it is famous for boat cruises through mangroves. Its golden sand beach is untouched and beautiful.","Poovar Island is where the Neyyar River meets the Arabian Sea, creating a picturesque estuary. Visitors can explore backwaters and mangroves by boat. Golden sand beaches and coconut groves enhance its natural beauty. It is ideal for birdwatching and peaceful retreats. The island offers a unique blend of riverine and coastal ecosystems.",,,A0250,8.3092539,77.082301
Trivandrum (Thiruvananthapuram),Vizhinjam Lighthouse,Architectural;Beach & Coastal;Adventure/Outdoor,,,"Located near Kovalam, this lighthouse helps guide ships along Kerala’s coast. It is surrounded by rocky shores and fishing villages. The lighthouse offers panoramic sea views. It is part of Kerala’s maritime heritage.","Vizhinjam Lighthouse is located near Kovalam, providing panoramic views of the coastline. The lighthouse is popular for photography and sightseeing. Visitors can climb to the top for spectacular sunrise and sunset views. Nearby beaches and fishing villages add cultural flavor. It is an important navigational landmark and tourist attraction.",,,A0251,8.383255,77.003503
Varkala,Varkala Beach (Papanasam),Beach & Coastal;Religious/Spiritual;Relaxation;Adventure/Outdoor,,,"Famous for its cliffs and mineral-rich waters, it is believed to wash away sins (hence “Papanasam”). The beach is also known for Ayurvedic centers and yoga retreats. Tourists enjoy paragliding and sunsets here. It is a blend of spirituality and leisure.","Varkala Beach is famous for its cliff-side views and natural springs believed to have medicinal properties. The Papanasam beach is a sacred spot for rituals and holy dips. Visitors can enjoy swimming, sunbathing, and exploring cliff-top cafes. Yoga and wellness centers enhance the beach’s relaxing vibe. The sunset view from the cliffs is breathtaking.",,,A0252,8.7329511,76.7085185
Varkala,Janardhana Swamy Temple,Religious/Spiritual;Cultural;Architectural;Historical,,,"Over 2000 years old, this temple is dedicated to Lord Vishnu. It is considered the “Dakshin Kashi” of India. The temple is closely connected with the spiritual significance of Varkala. Pilgrims combine temple visits with holy dips at Papanasam beach.","Janardhana Swamy Temple is an ancient Vishnu temple in Varkala known for its historic architecture. Pilgrims visit for prayers and rituals, especially during festivals. The temple is located near the cliff, offering scenic views. Its intricate carvings and sanctum attract devotees and tourists alike. It is a blend of spiritual significance and cultural heritage.",,,A0253,8.7319591,76.7098304
Varkala,Varkala Cliff,Natural;Adventure/Outdoor;Relaxation;Cultural,,,"This cliff formation overlooking the sea is unique to Kerala. Cafes, shops, and resorts line the cliffside, offering stunning views. Geologists consider it a rare coastal formation. It has become a hub for international tourists.","Varkala Cliff is a geological formation overlooking the Arabian Sea, dotted with cafes and shops. Visitors enjoy panoramic sunset views and beach access. The cliff provides a perfect spot for photography and leisure walks. It is lined with resorts and wellness centers. The combination of scenic beauty and vibrant atmosphere makes it iconic.",,,A0254,8.7332285,76.7054245
Varkala,Sivagiri Mutt,Religious/Spiritual;Cultural;Historical,,,"Founded by social reformer Sree Narayana Guru, this spiritual center in Varkala promotes equality and education. The mutt is visited by thousands during the annual pilgrimage. Guru’s teachings emphasized “One caste, one religion, one God for mankind.” It continues to spread his vision.","Sivagiri Mutt is a spiritual center founded by social reformer Sree Narayana Guru. It hosts annual pilgrimages and educational programs. The mutt is known for its peaceful ambiance and architectural simplicity. Visitors can explore the ashram, museum, and meditation areas. It is a center for spirituality, learning, and social reform in Kerala.",,,A0255,8.7390447,76.7325394
Varkala,Anchuthengu Fort,Historical;Architectural;Cultural,,,"Built by the British East India Company in the late 17th century, it was their first major settlement in Kerala. The fort played a role in maritime trade and colonial wars. Nearby, old churches and cemeteries still exist. It is an important colonial landmark.","Anchuthengu Fort is a historic coastal fort built by the British East India Company. It features bastions, watchtowers, and ancient cannons. Visitors can explore the ruins and learn about colonial history. The fort offers scenic views of the Arabian Sea. It is a unique mix of history, architecture, and coastal charm.",,,A0256,8.66266125,76.7648125
Thrissur,Vadakkunnathan Temple,Religious/Spiritual;Architectural;Cultural;Historical,,,"Located in Thrissur, this ancient temple is dedicated to Lord Shiva. It is believed to have been built by Parasurama, the creator of Kerala in legend. The temple is also the venue of the grand Thrissur Pooram festival. Its murals and wooden carvings are treasures of art.",Vadakkunnathan Temple in Thrissur is an ancient Shiva temple known for its classic Kerala-style architecture. The temple hosts cultural events like the Thrissur Pooram festival. It has intricately carved wooden structures and murals. Visitors can explore the sprawling temple complex and surrounding sacred ponds. It is a symbol of spiritual and architectural heritage.,,,A0257,10.5243886,76.2144851
Thrissur,Shakthan Thampuran Palace,Historical;Architectural;Cultural;Museums & Educational,,,"Built in 1795, it was the residence of Shakthan Thampuran, the ruler of Cochin. The palace is in Dutch-style architecture. It houses artifacts and relics from the royal era. It reflects the political and cultural history of Kochi.","Shakthan Thampuran Palace is a historic palace in Thrissur showcasing royal heritage. It houses a museum with artifacts, coins, and paintings. Visitors can explore the architectural grandeur and cultural exhibits. The palace courtyard hosts cultural events and exhibitions. It reflects the royal lifestyle and history of the Cochin Kingdom.",,,A0258,10.531289,76.2161449
Thrissur,Athirapally Falls,Natural;Adventure/Outdoor;Relaxation,,,"Called the “Niagara of India,” this waterfall is the largest in Kerala. It has been featured in many Indian movies. The falls are surrounded by dense forests rich in wildlife. Its roaring cascades attract thousands of visitors yearly.","Athirapally Falls is Kerala’s largest waterfall, surrounded by lush tropical forests. The waterfall is a popular picnic and photography destination. Visitors can trek nearby trails and enjoy the scenic beauty. It is often called the “Niagara of India” for its grandeur. The monsoon season enhances its breathtaking views.",,,A0259,10.3348263,76.3372938
Thrissur,Vazhachal Falls,Natural;Adventure/Outdoor;Relaxation,,,"Just downstream of Athirapally, this waterfall flows as a rushing stream over rocks. The area is part of the Sholayar ranges. Surrounded by thick forests, it is rich in flora and fauna. It offers a more serene experience compared to Athirapally.","Vazhachal Falls is located near Athirapally and offers a serene waterfall experience. Surrounded by dense forests, it is ideal for nature walks and picnics. The falls create a natural pool for relaxation. Visitors can enjoy birdwatching and photography. Its proximity to Athirapally makes it part of a scenic day trip.",,,A0260,10.300502,76.5919031
Thrissur,Kerala Kalamandalam,Cultural;Events & Festivals;Museums & Educational,,,"Established in 1930, it is the premier center for learning Kerala’s performing arts. Kathakali, Mohiniyattam, and classical percussion are taught here. It was founded by poet Vallathol Narayana Menon. It remains a living university of Kerala’s cultural traditions.","Kerala Kalamandalam is a premier center for classical performing arts, especially Kathakali and Mohiniyattam. Visitors can watch performances and learn about Kerala’s cultural heritage. The campus includes training halls, auditoriums, and museum-like exhibits. Workshops and cultural programs are conducted regularly. It preserves and promotes traditional arts and crafts.",,,A0261,10.7371278,76.279064
Thrissur,Thrissur Zoo,Wildlife;Entertainment;Museums & Educational,,,"One of Kerala’s oldest zoos, it is located near the Shakthan Thampuran Palace. It houses a variety of animals, reptiles, and birds. The zoo also includes a natural history museum. It is both recreational and educational for visitors.","Thrissur Zoo houses a variety of animals, reptiles, and birds in naturalistic enclosures. Visitors can explore educational exhibits and interactive programs. The zoo is set in landscaped gardens, ideal for family outings. Endangered species and conservation initiatives are highlighted. It is a popular destination for wildlife enthusiasts and children.",,,A0262,10.529994,76.2237786
Thrissur,Guruvayur Temple,Religious/Spiritual;Architectural;Cultural;Historical,,,"Dedicated to Lord Krishna, it is one of the most important pilgrimage sites in Kerala. The idol is believed to have been worshipped by Lord Krishna himself. The temple’s rituals and traditions have been preserved for centuries. It is often called the “Dwarka of the South.”","Guruvayur Temple is a famous Krishna temple in Kerala attracting thousands of pilgrims. The temple has intricate carvings and a unique circular sanctum. Rituals, offerings, and festivals form a vibrant spiritual experience. Visitors can also explore the elephant sanctuary nearby. It is one of the most revered pilgrimage sites in South India.",,,A0263,10.5942942,76.0394112
Chennai,Marina Beach,Beach & Coastal;Relaxation;Urban Exploration;Cultural,,,"Marina Beach in Chennai is the second longest urban beach in the world, stretching over 13 km along the Bay of Bengal. It was developed during British colonial rule and has since become a cultural hub for locals and tourists alike. The beach is lined with memorials of famous leaders like M.G. Ramachandran and C.N. Annadurai. Evening strolls, horse rides, and street food make it a vibrant experience.","Marina Beach in Chennai is one of the longest urban beaches in the world. Visitors enjoy beach walks, horse rides, and local food stalls. The beach is lined with statues and memorials, adding historical context. Sunrises and sunsets are spectacular along the coastline. It is a hub for leisure, photography, and cultural gatherings.",,,A0264,13.0532752,80.2833106
Chennai,Kapaleeshwarar Temple,Religious/Spiritual;Architectural;Cultural;Historical,,,"The Kapaleeshwarar Temple in Mylapore is a 7th-century shrine dedicated to Lord Shiva, built in Dravidian style by the Pallavas. Its towering gopuram and intricate carvings showcase Tamil architecture. The temple is linked to the legend of Goddess Parvati worshipping Shiva as a peahen (Mayil). It is also the center of the grand Arubathimoovar Festival held annually.","Kapaleeshwarar Temple is a historic Shiva temple in Mylapore, Chennai. It features Dravidian architecture with colorful gopurams and intricate carvings. Visitors can witness daily rituals, festivals, and cultural events. The temple is surrounded by vibrant streets with shops and eateries. It is a spiritual and cultural landmark of Chennai.",,,A0265,13.0334291,80.2686576
Chennai,Fort St. George,Historical;Architectural;Museums & Educational;Cultural,,,"Built in 1644 by the British East India Company, Fort St. George marks the beginning of British influence in South India. It now houses the Tamil Nadu Legislative Assembly and a museum with colonial artifacts. The fort was both a trading post and a military stronghold. Its St. Mary’s Church is the oldest Anglican church in India.","Fort St. George is a colonial-era fort in Chennai, built by the British East India Company. It houses a museum showcasing artifacts, weaponry, and historical documents. Visitors can explore the fort walls, churches, and parade grounds. The fort offers insights into colonial history and architecture. It remains a symbol of Chennai’s historical legacy.",,,A0266,13.0798616,80.2846692
Chennai,Santhome Cathedral Basilica,Religious/Spiritual;Architectural;Historical;Cultural,,,"This neo-Gothic cathedral was built by Portuguese explorers in the 16th century over the tomb of St. Thomas the Apostle. Later rebuilt by the British in the 19th century, it remains one of only three churches in the world built over an apostle’s tomb. The white spires dominate Chennai’s skyline. The basilica continues to attract pilgrims and history enthusiasts alike.","Santhome Cathedral Basilica is a prominent church built over the tomb of St. Thomas the Apostle. The Gothic-style architecture and stained glass windows attract visitors. It hosts religious services, pilgrimages, and cultural events. Visitors can explore the museum and prayer halls. It combines spiritual significance with historical charm.",,,A0267,13.0335889,80.2777851
Chennai,Government Museum,Museums & Educational;Historical;Cultural,,,"Established in 1851, Chennai’s Government Museum is India’s second oldest museum. It houses remarkable collections of archaeology, numismatics, zoology, and art. The Bronze Gallery featuring Chola bronzes is world-famous. Its sprawling campus also includes the National Art Gallery and theater halls.","The Government Museum in Chennai is one of India’s oldest museums, showcasing art, archaeology, and natural history. Visitors can explore sculptures, coins, and ancient artifacts. The museum complex includes botanical and zoological displays. Educational programs and exhibitions are conducted regularly. It offers a deep insight into India’s cultural and historical heritage.",,,A0268,13.0712808,80.2570433
Chennai,Edward Elliot’s Beach,Beach & Coastal;Relaxation;Urban Exploration,,,"Popularly called “Besant Nagar Beach,” Edward Elliot’s Beach is quieter than Marina and is popular among youth. The beach is named after British official Edward Elliot and is home to the Karl Schmidt Memorial. It offers a peaceful evening hangout spot. Cafes and eateries nearby add to its charm.","Edward Elliot’s Beach in Chennai is a tranquil urban beach ideal for evening walks. The beach features statues, shrines, and nearby food stalls. Visitors enjoy peaceful views of the Bay of Bengal. The beach is popular for photography, jogging, and leisure. Local fishermen add to the coastal cultural experience.",,,A0269,12.9994935,80.2726958
Chennai,Arignar Anna Zoological Park,Wildlife;Natural;Adventure/Outdoor;Entertainment,,,"Spread over 1,500 acres in Vandalur, this is India’s first public zoo, established in 1855. It houses over 2,500 animals and is known for its open enclosures that simulate natural habitats. Lion and elephant safaris are major highlights. The zoo also plays a key role in conservation and breeding programs.","Arignar Anna Zoological Park is a large zoo near Chennai, housing diverse wildlife including tigers, elephants, and reptiles. Visitors can take safari rides and explore educational exhibits. The park emphasizes conservation and animal welfare. Walking trails, gardens, and picnic spots enhance the visitor experience. It is a key attraction for families and wildlife enthusiasts.",,,A0270,12.8834325,80.0915303
Chennai,Valluvar Kottam,Cultural;Architectural;Historical,,,"Built in 1976, Valluvar Kottam is a monument in Chennai dedicated to the Tamil poet-saint Thiruvalluvar. Its 133-foot-high chariot-shaped structure symbolizes the 133 chapters of his work, Thirukkural. The main auditorium can seat over 4,000 people. The monument preserves Tamil literature and cultural pride.",Valluvar Kottam is a monument in Chennai dedicated to the Tamil poet-saint Thiruvalluvar. It features a grand auditorium and a chariot-shaped structure with stone carvings. Visitors can learn about Thirukkural and Tamil literary heritage. Photography and cultural appreciation are highlights. It symbolizes Tamil culture and architectural ingenuity.,,,A0271,13.0540762,80.2418275
Chennai,Guindy National Park,Wildlife;Natural;Adventure/Outdoor;Urban Exploration,,,"Located in the heart of Chennai, this is one of India’s smallest national parks. It is home to blackbucks, spotted deer, jackals, and over 130 bird species. The park also has a children’s park and snake park. It provides a unique green escape within the bustling city.","Guindy National Park is an urban wildlife park in Chennai hosting deer, snakes, birds, and reptiles. It offers walking trails, nature observation, and educational programs. Visitors can explore the park alongside the adjacent Snake Park. The park preserves green space in the urban environment. It provides a natural retreat within the city.",,,A0272,13.000005,80.2280448
Mahabalipuram,Shore Temple,Religious/Spiritual;Architectural;Historical;Cultural,,,"Dating back to the 7th century, the Shore Temple in Mahabalipuram is one of the oldest stone temples in South India. Built by the Pallava king Narasimhavarman II, it is dedicated to Lord Shiva and Vishnu. Its position by the sea gives it a stunning backdrop. The temple is a UNESCO World Heritage Site.",Shore Temple in Mahabalipuram is a UNESCO World Heritage site known for its rock-cut architecture. It overlooks the Bay of Bengal and dates back to the 8th century. Visitors admire the intricately carved sculptures of Shiva and Vishnu. It is one of the earliest examples of Dravidian temple architecture. Its coastal location adds scenic beauty to historical significance.,,,A0273,12.6164841,80.1992345
Mahabalipuram,Pancha Rathas,Historical;Architectural;Cultural;Religious/Spiritual,,,The Pancha Rathas in Mahabalipuram are monolithic rock-cut temples carved during the Pallava dynasty in the 7th century. Each ratha is dedicated to a form associated with the Pandavas from the Mahabharata. The structures are carved from a single granite boulder. They showcase the evolution of Dravidian temple architecture.,"Pancha Rathas are monolithic rock-cut structures in Mahabalipuram, each shaped like a chariot. They are named after the Pandavas from the Mahabharata. Visitors can explore the detailed carvings and architectural ingenuity. The site demonstrates early South Indian rock-cut temple architecture. It is a key cultural and historical attraction in Mahabalipuram.",,,A0274,12.608951,80.1895901
Mahabalipuram,Arjuna’s Penance,Historical;Architectural;Cultural,,,"Also known as the Descent of the Ganges, this massive open-air bas-relief is one of the largest in the world. It depicts scenes of Hindu mythology, particularly Arjuna’s penance to obtain Shiva’s weapon. Intricate carvings of gods, animals, and celestial beings fill the rock surface. It is a UNESCO World Heritage Site.","Arjuna’s Penance is a massive rock relief in Mahabalipuram depicting scenes from Hindu mythology. The intricate carvings include gods, animals, and celestial beings. Visitors admire the scale and detail of this artistic masterpiece. It is considered one of the largest bas-reliefs in the world. The monument reflects ancient Indian storytelling through stone art.",,,A0275,12.6179087,80.1926969
Mahabalipuram,Krishna’s Butterball,Natural;Historical;Cultural;Architectural,,,"This giant granite boulder rests on a slope in Mahabalipuram, defying gravity for centuries. Local legends say it represents Lord Krishna’s playful act of stealing butter. Despite natural calamities and human attempts, the rock has never moved. It remains a favorite photo spot for visitors.","Krishna’s Butterball is a gigantic balancing rock in Mahabalipuram. It appears to defy gravity, perched on a slope. Visitors enjoy taking photographs and observing its natural wonder. The rock is associated with playful tales of Lord Krishna. It adds a unique and quirky charm to the historical site.",,,A0276,12.6190832,80.1924009
Mahabalipuram,Cave Temples,Historical;Architectural;Cultural;Religious/Spiritual,9:00 AM – 5:30 PM,,"The Mahabalipuram Cave Temples, carved by the Pallavas in the 7th century, feature stunning rock-cut architecture. They contain panels depicting mythological stories, including the famous “Durga slaying Mahishasura.” These caves highlight the Pallava mastery in blending art with spirituality. Many are part of the UNESCO World Heritage Site group.",Mahabalipuram’s Cave Temples are rock-cut sanctuaries featuring elaborate carvings of Hindu deities. Visitors can explore the intricate sculptures and architecture. The caves depict stories from epics like Ramayana and Mahabharata. They are serene spaces for reflection and cultural appreciation. The craftsmanship represents early Dravidian art and devotion.,,,A0277,12.6195981,80.1936497
Mahabalipuram,Mahabalipuram Beach,Beach & Coastal;Relaxation;Adventure/Outdoor,,,"This serene beach lies along the Bay of Bengal, close to UNESCO monuments. It was once a busy seaport for the Pallavas. Today, it is known for its scenic beauty and cultural festivals. Fishing villages nearby add a rustic charm to the experience.","Mahabalipuram Beach is a scenic coastline adjacent to historical monuments. Visitors can enjoy sunbathing, swimming, and beach walks. Local fishermen and colorful boats add cultural flavor. The beach offers panoramic views of the Bay of Bengal. It is ideal for relaxation after exploring nearby heritage sites.",,,A0278,12.6092262,80.1956658
Mahabalipuram,Lighthouse,Historical;Architectural;Urban Exploration;Beach & Coastal,,,"The Mahabalipuram Lighthouse stands tall as a coastal sentinel, offering panoramic views of the Bay of Bengal. Built in 1904, it replaced an older Pallava-era lighthouse that used fire to guide sailors. The granite structure reflects both colonial engineering and the maritime heritage of the region. Surrounded by rock-cut temples, it connects visitors to the ancient seafaring history of the Pallavas. Today, it remains a popular tourist spot blending history, culture, and scenic beauty.","Mahabalipuram Lighthouse is located on a hill near the shore, offering panoramic views of the town and sea. Visitors can climb to the top for photography and sightseeing. The lighthouse guides maritime traffic and adds historical value. Surrounding areas include beaches and rock-cut temples. It combines utility with scenic and cultural appeal.",,,A0279,12.6153394,80.1917364
Kanchipuram,Ekambareswarar Temple,Religious/Spiritual;Architectural;Cultural;Historical,,,"Located in Kanchipuram, this massive temple is dedicated to Lord Shiva. It is one of the Pancha Bhoota Stalas, representing the element of earth (Prithvi). The temple’s 1,000-pillared hall and a 3,500-year-old mango tree are major highlights. It was expanded by the Chola and Vijayanagara kings.","Located in Kanchipuram, this temple is dedicated to Lord Shiva and is one of the largest in the region. Its towering gopuram and vast corridors showcase Dravidian architecture at its finest. The temple is renowned for its 1,000-pillared hall, intricate carvings, and sacred mango tree legend. Festivals like Mahashivaratri attract thousands of devotees every year, adding a vibrant atmosphere. The serene inner sanctum offers a spiritual retreat for pilgrims and visitors alike.",,,A0280,12.8472879,79.6997904
Kanchipuram,Kailasanathar Temple,Religious/Spiritual;Architectural;Historical;Cultural,,,"This 8th-century temple in Kanchipuram was built by Pallava king Rajasimha. It is considered the earliest structural temple in Tamil Nadu, dedicated to Lord Shiva. The temple is renowned for its sandstone carvings and shrines surrounding the main sanctum. Its architecture influenced later South Indian temples.","This ancient temple is famed for its detailed sandstone carvings and early Dravidian architecture. Dedicated to Lord Shiva, it features numerous shrines and mandapas with sculptural brilliance. Its compact yet richly decorated structure makes it an architectural treasure of Kanchipuram. Visitors are drawn to its intricate friezes depicting gods, dancers, and mythical creatures. The temple's peaceful surroundings enhance its spiritual and historical appeal.",,,A0281,12.81576,79.68263
Kanchipuram,Kamakshi Amman Temple,Religious/Spiritual;Architectural;Cultural;Historical,,,"The Kamakshi Amman Temple in Kanchipuram is one of the 51 Shakti Peethas. Dedicated to Goddess Kamakshi, it has been a spiritual center for centuries. The temple was patronized by the Pallavas and later expanded by the Cholas. Devotees believe worship here grants prosperity and knowledge.","A major pilgrimage center, this temple is devoted to Goddess Kamakshi, an incarnation of Parvati. Its sanctum houses the deity in a striking gold-colored idol, attracting devotees year-round. The temple is celebrated for its elaborate rituals, traditional music, and colorful festivals like Navratri. The architecture blends elegance with devotion, featuring gopurams, mandapas, and intricately carved pillars. It remains a spiritual heart of Kanchipuram, offering both religious and cultural experiences.",,,A0282,12.8405896,79.703254
Kanchipuram,Varadharaja Perumal Temple,Religious/Spiritual;Architectural;Cultural;Historical,,,"This Vishnu temple in Kanchipuram is one of the Divya Desams, sacred to Vaishnavites. It was built by the Chola dynasty in the 11th century and expanded by Vijayanagara rulers. The temple’s 100-pillared hall is a marvel of sculpture. The Athi Varadar festival, held once every 40 years, draws huge crowds.","Dedicated to Lord Vishnu, this temple is one of the most prominent Divya Desams in Tamil Nadu. The temple complex is vast, featuring multiple shrines, pillared halls, and a beautiful temple tank. Its Dravidian architecture includes detailed sculptures of deities and mythological stories. Festivals like Brahmotsavam showcase vibrant processions and traditional rituals. Pilgrims are drawn to its peaceful ambiance and spiritual significance.",,,A0283,12.8196927,79.7255709
Kanchipuram,Devarajaswami Temple,Religious/Spiritual;Architectural;Cultural;Historical,,,"Situated in Kanchipuram, this temple is dedicated to Lord Vishnu and was built by the Vijayanagara kings in the 14th century. It is famous for its grand annual marriage festival of Lord Vishnu and Goddess Lakshmi. The temple has a beautiful tank where a special idol of Lord Vishnu is immersed once every 40 years. Its architecture reflects the Dravidian style with intricate carvings and tall gopurams.","This temple is a magnificent blend of history, culture, and devotion, dedicated to Lord Vishnu. It is known for its towering gopuram, elegant mandapas, and intricate carvings. The temple celebrates colorful festivals such as Panguni Uthiram and Vaikunta Ekadasi with grandeur. Devotees flock here for blessings and to witness classical music and dance performances during festivals. Its central sanctum exudes a serene spiritual atmosphere.",,,A0284,12.841614,79.701278
Kanchipuram,Silk Weaving Centres,Cultural;Shopping & Culinary;Museums & Educational,,,"Kanchipuram is renowned worldwide for its silk weaving tradition. The city produces exquisite Kanchipuram sarees, often adorned with pure gold and silver zari work. These weaving centers have existed for centuries, supported by dynasties like the Pallavas and Cholas. Today, they are a major cultural and economic identity of Tamil Nadu.","Kanchipuram’s silk weaving centres are globally renowned for producing luxurious silk sarees. Skilled artisans follow traditional techniques, creating intricate patterns with vibrant colors. The weaving centres offer visitors insight into the entire process, from dyeing threads to finishing elaborate designs. These sarees are a cultural symbol and a significant economic activity of the region. Shopping here is both a cultural and aesthetic experience.",,,A0285,12.854216,80.040348
Madurai,Meenakshi Amman Temple,Religious/Spiritual;Architectural;Cultural;Historical,,,"Located in Madurai, this temple is one of the most iconic landmarks of Tamil Nadu. Dedicated to Goddess Meenakshi (a form of Parvati) and Lord Sundareswarar (Shiva), it was built by the Nayak dynasty in the 16th century. The temple complex is vast, with 14 towering gopurams decorated with thousands of colorful sculptures. It is both a religious center and a symbol of Tamil cultural pride.","Located in Madurai, this iconic temple is dedicated to Goddess Meenakshi and Lord Sundareswarar. It is famous for its towering gopurams adorned with thousands of colorful sculptures. The temple complex houses several shrines, halls, and sacred tanks, representing a rich Dravidian architectural heritage. Festivals like Chithirai Thiruvizha attract thousands of devotees and tourists. Its blend of spiritual significance and architectural splendor makes it a must-visit landmark.",,,A0286,9.9195433,78.1188334
Madurai,Thirumalai Nayakkar Mahal,Historical;Architectural;Cultural,,,"Built in 1636 by King Thirumalai Nayak in Madurai, this palace blends Dravidian and Islamic architectural styles. It was originally four times larger, with residential, religious, and entertainment spaces. The celestial pavilion and throne chamber are still preserved. Today, it serves as a museum and hosts cultural shows.","This 17th-century palace is an architectural masterpiece in Madurai. Built by King Thirumalai Nayak, it blends Dravidian and Islamic architectural styles. Its grand pillars, high ceilings, and intricate stucco work make it a visual delight. The palace hosts cultural events and sound-light shows that narrate its history. Visitors are impressed by its regal charm and historical significance.",,,A0287,9.507934,77.63233737
Madurai,Gandhi Memorial Museum,Museums & Educational;Historical;Cultural,,,"The Gandhi Memorial Museum in Madurai is one of the five Gandhi museums in India, dedicated to preserving the memory of Mahatma Gandhi. Established in 1959, it is housed in the historic Tamukkam Palace built by Nayak rulers. The museum showcases rare photographs, letters, and artifacts, including the blood-stained cloth worn by Gandhi at the time of his assassination. It highlights his role in India’s freedom struggle and his philosophy of non-violence. The place serves as a center of inspiration, drawing visitors to reflect on Gandhi’s life and legacy.","Situated in Madurai, this museum commemorates Mahatma Gandhi’s life and contributions. It displays photographs, letters, and relics related to India’s freedom struggle. The museum provides detailed insights into Gandhiji’s philosophy, emphasizing non-violence and social reform. Visitors can explore exhibitions showcasing pivotal events in Indian history. It is both an educational and inspirational destination.",,,A0288,9.9298787,78.1386083
Madurai,Koodal Azhagar Temple,Religious/Spiritual;Architectural;Cultural;Historical,,,"Located in Madurai, this ancient temple is dedicated to Lord Vishnu in his form as Koodal Azhagar. Built by the Pandya dynasty, it is a Divya Desam revered by Vaishnavites. The temple features three sanctums where Vishnu is seen in sitting, standing, and reclining postures. Its colorful gopuram is a highlight of the city’s skyline.","Dedicated to Lord Vishnu, this temple in Madurai is renowned for its intricate sculptures and ancient Dravidian architecture. The main deity is depicted in a unique standing posture, which attracts devotees. The temple celebrates festivals like Vaikunta Ekadasi with elaborate rituals and processions. Its sacred tank and serene ambiance enhance the spiritual experience. The temple remains a significant site for both worship and cultural appreciation.",,,A0289,9.9391,78.1217
Madurai,Alagar Kovil,Religious/Spiritual;Architectural;Cultural;Natural,,,"Situated in the Alagar Hills near Madurai, this temple is dedicated to Lord Vishnu, worshipped here as Alagar (Sundararaja Perumal). The temple is known for its beautiful hill backdrop and stone carvings. During the Chithirai Festival, the deity’s procession to Madurai is a grand event. The temple is also linked to legends of the Pandavas.","Nestled in the scenic hills near Madurai, Alagar Kovil is dedicated to Lord Kallalagar (Vishnu). The temple’s architecture features majestic gopurams, carved pillars, and a tranquil setting. Festivals like Chithirai Thiruvizha highlight traditional rituals and colorful processions. Pilgrims often visit the temple to experience its spiritual energy and natural beauty. Its hillside location offers scenic views of the surrounding landscape.",,,A0290,9.57327,77.56119
Madurai,Pazhamudhircholai Murugan Temple,Religious/Spiritual;Architectural;Cultural;Natural,,,"This temple is one of the six abodes (Arupadai Veedu) of Lord Murugan. Nestled in the lush forests of the Alagar Hills, it attracts devotees seeking blessings of knowledge and wisdom. The temple is mentioned in Tamil Sangam literature. It is a serene pilgrimage spot amidst natural greenery.","This hill temple is dedicated to Lord Murugan and is surrounded by lush greenery. It is part of the Arupadai Veedu pilgrimage circuit in Tamil Nadu. The temple is known for its peaceful environment, ancient architecture, and vibrant festivals like Thaipusam. Devotees trek uphill to reach the shrine, adding a sense of devotion and adventure. The temple offers panoramic views of the surrounding hills.",,,A0291,10.0943,78.2232579
Madurai,Mariamman Teppakulam,Religious/Spiritual;Cultural;Events & Festivals,,,"Located near Madurai, this is a large temple tank built in the 17th century by King Thirumalai Nayak. It is associated with the Vandiyur Mariamman Temple. The famous Teppam (float) festival, where deities are taken on decorated floats in the tank, is celebrated here annually. The tank remains filled by the Vaigai River through underground channels.","This large temple tank in Madurai is associated with Goddess Mariamman. It is famous for the Float Festival (Teppam) celebrated annually with grandeur. The tank is surrounded by ornate temple structures and pathways for devotees. The festival features beautifully decorated floats, traditional music, and vibrant rituals. It is a cultural highlight and a spiritual landmark in the city.",,,A0292,9.9104,78.1479
Rameswaram,Ramanathaswamy Temple,Religious/Spiritual;Architectural;Cultural;Historical,,,"Located on Rameswaram Island, this temple is dedicated to Lord Shiva and is one of the 12 Jyotirlingas. It was expanded by various rulers, including the Sethupathis of Ramanathapuram. The temple is famous for having the longest corridor among all Hindu temples in India. Pilgrims believe worship here completes the Char Dham Yatra.","Located in Rameswaram, this temple is dedicated to Lord Shiva and is one of the Char Dham pilgrimage sites. It is famous for its long corridors, massive pillars, and sacred wells. The temple architecture reflects Dravidian grandeur and spiritual significance. Pilgrims perform holy rituals and take dips in the temple tanks for purification. Its coastal setting adds to the serene and devotional atmosphere.",,,A0293,9.2880968,79.3173756
Rameswaram,Agni Theertham,Religious/Spiritual;Natural;Cultural;Beach & Coastal,,,"Located on the eastern shore of Rameswaram, Agni Theertham is one of the 64 holy water bodies of the island. Devotees take a ritual bath here before entering the Ramanathaswamy Temple. Legends say Lord Rama worshipped Shiva here after defeating Ravana, cleansing his sins. The sunrise views from the shore are also stunning.",This sacred beach at Rameswaram is believed to be a holy site for ritual baths. Pilgrims perform ceremonial cleansing before entering the Ramanathaswamy Temple. The beach offers a spiritual experience combined with natural coastal beauty. Sunrise and sunset here create a peaceful ambiance for meditation and reflection. Its mythological significance makes it a key pilgrimage spot.,,,A0294,10.0943,78.567142
Rameswaram,Dhanushkodi Beach,Beach & Coastal;Natural;Adventure/Outdoor;Relaxation,,,"Once a thriving town, Dhanushkodi was destroyed in the 1964 cyclone, leaving behind a hauntingly beautiful ghost town. The beach lies at the tip of Rameswaram Island, where the Bay of Bengal meets the Indian Ocean. It is believed that Lord Rama built the Ram Setu from here to Lanka. The abandoned ruins attract both pilgrims and history lovers.","Known as the “Ghost Town Beach,” Dhanushkodi is famed for its serene coastline and historical ruins. It was devastated by a cyclone in 1964, leaving remnants of old buildings and railways. Visitors enjoy the scenic beauty, soft sands, and the confluence of the Bay of Bengal and the Indian Ocean. It is a popular destination for photography and quiet contemplation. The unique history adds a mysterious charm to the location.",,,A0295,9.289999,79.282948
Rameswaram,Pamban Bridge,Architectural;Historical;Urban Exploration;Adventure/Outdoor,,,"Opened in 1914, Pamban Bridge is India’s first sea bridge, connecting Rameswaram Island with the mainland. It is a cantilever bridge and was once the longest of its kind in India. The railway bridge runs parallel to a road bridge, offering breathtaking sea views. It remains an engineering marvel even today.","Connecting Rameswaram to mainland India, this iconic railway bridge is an engineering marvel. It stretches across the Palk Strait, offering stunning sea views. The bridge’s cantilever design allows trains to cross while permitting the tide to flow beneath. It is a popular attraction for tourists and photography enthusiasts. The blend of utility, history, and scenic beauty makes it unforgettable.",,,A0296,9.2833884,79.2052784
Rameswaram,Gandhamadhana Parvatham,Religious/Spiritual;Natural;Cultural,,,This temple on a small hill in Rameswaram houses Lord Rama’s footprints on a chakra. It offers panoramic views of the entire island. Mythology says Rama stood here to survey the sea before building the Ram Setu. It is one of the most visited pilgrimage spots in Rameswaram.,"This hill in Rameswaram offers panoramic views of the town and surrounding seas. It is a spiritually significant location, associated with Lord Rama’s epic journey. Visitors can climb the hill to enjoy sunrise and sunset views. The serene environment and historical significance attract pilgrims and tourists alike. It is a peaceful spot for reflection and sightseeing.",,,A0297,9.3027848,79.3053004
Rameswaram,APJ Abdul Kalam Memorial,Museums & Educational;Historical;Cultural,,,"Located in Rameswaram, this memorial honors India’s “Missile Man” and former President Dr. A.P.J. Abdul Kalam. Built by the DRDO, it showcases his life, achievements, and contributions to science. The structure combines Mughal and Indian architectural styles. It inspires visitors with his legacy of knowledge and simplicity.","Located in Rameswaram, this memorial honors India’s former President and aerospace scientist. It showcases his life, achievements, and contributions to India’s space and defense programs. The modern architecture and serene gardens create a respectful environment for visitors. Educational exhibits inspire young minds about science, leadership, and national service. It is both a tribute and a learning destination.",,,A0298,9.288421,79.27098
Kanyakumari,Vivekananda Rock Memorial,Religious/Spiritual;Cultural;Architectural;Historical,,,"Situated on a rocky islet off Kanyakumari, this memorial was built in 1970. It marks the spot where Swami Vivekananda meditated before embarking on his mission to uplift India. The memorial blends traditional and modern architectural styles. It also includes the Shripada Mandapam, dedicated to the goddess.","Situated on a small island near Kanyakumari, this memorial honors Swami Vivekananda. It is accessed via ferry and offers stunning views of the ocean confluence. The monument features a meditation hall and a shrine reflecting Indian architecture. Visitors can enjoy panoramic vistas and serene surroundings. It symbolizes spiritual awakening and national pride.",,,A0299,8.0783202,77.5549562
Kanyakumari,Thiruvalluvar Statue,Cultural;Architectural;Historical,,,"Standing 133 feet tall, this statue honors Tamil poet-saint Thiruvalluvar, the author of Thirukkural. Located near the Vivekananda Memorial, it was unveiled in 2000. The height symbolizes the 133 chapters of his classic text. It stands as a cultural icon of Tamil Nadu.",This 133-foot tall statue near Kanyakumari commemorates the Tamil poet-saint Thiruvalluvar. It is made of granite and stands on a small island adjacent to the Vivekananda Rock Memorial. The statue depicts the philosopher in a seated posture with his scriptures. It is an engineering marvel and a cultural icon of Tamil heritage. Visitors enjoy scenic views and a sense of historical significance.,,,A0300,8.0777532,77.5539955
Kanyakumari,Kanyakumari Beach,Beach & Coastal;Natural;Relaxation,,,"This beach marks the southernmost tip of mainland India, where the Arabian Sea, Bay of Bengal, and Indian Ocean meet. It is famous for its spectacular sunrise and sunset views. The beach is lined with shops selling seashell artifacts. Pilgrims also visit it as part of the Kanyakumari temple circuit.","Famous for its sunrise and sunset views, this beach lies at the southernmost tip of India. It offers a panoramic view of the confluence of the Arabian Sea, Bay of Bengal, and Indian Ocean. The beach is dotted with memorials, including Gandhi and Vivekananda monuments. Visitors enjoy tranquil walks, local seafood, and photography. It is a peaceful and culturally significant destination.",,,A0301,8.088306,77.538452
Kanyakumari,Bhagavathy Amman Temple,Religious/Spiritual;Cultural;Architectural,,,"Also known as the Kanyakumari Amman Temple, this shrine is dedicated to Goddess Parvati in the form of a virgin goddess. Legends say she waited here to marry Lord Shiva, but the marriage never happened. The temple has been a pilgrimage site for centuries, visited by saints like Adi Shankaracharya. Its diamond nose ring is famous for reflecting light far into the sea.","This temple in Kanyakumari district is dedicated to Goddess Bhagavathy Amman. It features traditional Dravidian architecture with vibrant gopurams and sacred halls. Devotees celebrate festivals with rituals, music, and community gatherings. The temple’s serene surroundings enhance spiritual experiences. It serves as both a religious and cultural hub for locals and visitors.",,,A0302,8.52649,77.039342
Kanyakumari,Gandhi Memorial,Historical;Cultural;Museums & Educational,,,"Built in memory of Mahatma Gandhi, this memorial marks the spot where his ashes were kept before immersion in the sea. The structure is designed so that on Gandhi’s birthday (October 2), the sun’s rays fall exactly on the spot where the urn was placed.","Located near Kanyakumari Beach, this memorial honors Mahatma Gandhi. It displays photographs, sculptures, and inscriptions highlighting his life and teachings. The architecture is simple yet elegant, reflecting Gandhi’s ideals. Visitors can learn about India’s freedom struggle and Gandhiji’s philosophy. The memorial provides a tranquil space for reflection and learning.",,,A0303,8.0787439,77.5499525
Kanyakumari,Suchindram Temple,Religious/Spiritual;Architectural;Historical;Cultural,,,"A unique temple dedicated to the Hindu trinity—Brahma, Vishnu, and Shiva. Known for its 18-foot tall Hanuman statue, musical pillars, and intricate carvings, it is an important religious and cultural site.","This temple in Kanyakumari district is dedicated to the trinity of Shiva, Vishnu, and Brahma. It is famous for its musical pillars that produce tones when struck. The temple showcases intricate carvings, sculptures, and Dravidian architecture. Festivals and rituals attract devotees and tourists throughout the year. Its unique blend of art, music, and devotion makes it a must-visit landmark.",,,A0304,8.1547819,77.46529327
Kanyakumari,Padmanabhapuram Palace,Historical;Architectural;Cultural,,,"Located in Kanyakumari district, this wooden palace was once the seat of the Travancore kings. Built in the 16th century, it is renowned for its traditional Kerala-style architecture. The palace features intricate woodwork, murals, and antique artifacts. It remains one of the finest examples of heritage palaces in South India.","Situated near Kanyakumari, this palace is a fine example of Kerala-style architecture. It features wooden carvings, murals, and sprawling courtyards. The palace complex includes audience halls, durbar halls, and royal chambers. Visitors admire the craftsmanship, historical significance, and preserved heritage. It reflects the grandeur of Travancore kings and traditional art.",,,A0305,8.2506611,77.327101
Ooty,Ooty Lake,Natural;Relaxation;Adventure/Outdoor;Entertainment,,,"Ooty Lake was built in 1824 by John Sullivan, the founder of Ooty, as an irrigation source. Today, it is a popular boating and picnic spot surrounded by eucalyptus trees and gardens. Paddle boats, rowboats, and cycle rides enhance the visitor experience. It is one of the highlights of the “Queen of Hill Stations.”","A man-made lake in Ooty, it offers boating and scenic views of the Nilgiri hills. Surrounded by gardens and pathways, it is perfect for leisure activities. Visitors can enjoy paddle boats, rowboats, and picnic spots. The lake is popular for family outings and photography. Its serene ambiance complements Ooty’s hill station charm.",,,A0306,11.403417,76.6916789
Ooty,Botanical Gardens,Natural;Cultural;Relaxation;Museums & Educational,,,"Established in 1848, these gardens cover around 55 acres and are maintained by the Horticultural Department of Tamil Nadu. They feature a wide variety of plants, trees, orchids, and a fossilized tree estimated to be over 20 million years old.","Spread across Ooty, these gardens display diverse flora from around the world. It features themed sections, exotic plants, and well-maintained pathways. Visitors can enjoy guided tours, photography, and educational experiences. The gardens are a peaceful retreat for nature lovers. It showcases horticultural excellence and natural beauty.",,,A0307,11.408076,76.702019
Ooty,Rose Garden,Natural;Cultural;Relaxation,,,"One of the largest rose gardens in India, it hosts over 20,000 varieties of roses. Spread across the slopes of Elk Hill, it offers a colorful and fragrant experience for visitors.","Located in Ooty, it is one of Asia’s largest rose gardens. It features thousands of varieties of roses arranged in beautiful patterns. Visitors can enjoy fragrant strolls, photography, and seasonal flower festivals. The garden provides a colorful and serene environment. It is a highlight of Ooty’s botanical attractions.",,,A0308,11.4057933,76.7085657
Ooty,Doddabetta Peak,Natural;Adventure/Outdoor;Relaxation,,,"At 2,637 meters, Doddabetta is the highest peak in the Nilgiris. It offers panoramic views of Ooty, Kotagiri, and the surrounding hills. The peak is popular for trekking and photography. A telescope house maintained by the Tamil Nadu Tourism Department enhances the experience.","The highest peak in the Nilgiris, offering panoramic views of surrounding hills. Trekking to the summit rewards visitors with stunning vistas and fresh mountain air. A telescope house at the peak allows closer views of distant landscapes. The peak is a favorite spot for photography and nature enthusiasts. It represents Ooty’s natural grandeur.",,,A0309,11.4006926,76.7356752
Ooty,Avalanche Lake,Natural;Adventure/Outdoor;Relaxation,,,"About 28 km from Ooty, Avalanche Lake is a serene spot formed after a landslide in the 1800s. Surrounded by rolling hills, it is famous for trout fishing and camping. The lake is also dotted with wildflowers during summer. Its pristine setting makes it a hidden gem.","A pristine lake near Ooty, surrounded by forests and tea plantations. It is ideal for trekking, fishing, and nature walks. The area is less crowded, offering a peaceful escape into nature. Visitors enjoy the calm waters and scenic beauty. Its remote location makes it a hidden gem in the Nilgiris.",,,A0310,11.3167556,76.5986667
Ooty,Emerald Lake,Natural;Relaxation;Adventure/Outdoor,,,"Located in the Silent Valley region near Ooty, Emerald Lake is known for its calm waters and scenic beauty. It is less crowded than other tourist spots, making it ideal for peace seekers. The area is popular for bird watching, fishing, and trekking. The tea plantations nearby add to its charm.","Located near Ooty, this lake is famous for its clear waters and surrounding hills. It is a popular spot for trekking, camping, and photography. The lake provides serene natural beauty away from city crowds. Visitors often combine a trip here with other Nilgiri attractions. It is a tranquil destination for nature lovers.",,,A0311,11.408076,76.702019
Ooty,Nilgiri Mountain Railway,Historical;Cultural;Entertainment;Adventure/Outdoor,,,"Built in 1908, this UNESCO World Heritage Site is a marvel of engineering. The toy train runs between Mettupalayam and Ooty, covering steep gradients and 250 bridges. Steam and diesel locomotives take passengers through tunnels, forests, and valleys. The journey offers a nostalgic experience.","A UNESCO World Heritage Site, this railway connects Ooty to Mettupalayam. It features scenic routes, tunnels, and historic steam engines. Passengers enjoy breathtaking views of mountains, valleys, and tea plantations. It is a unique combination of engineering marvel and natural beauty. The ride offers a memorable hill station experience.",,,A0312,11.4006292,76.691917
Ooty,Tea Museum,Museums & Educational;Cultural;Shopping & Culinary,,,"The museum was set up by Tata Tea to showcase Munnar’s tea-growing history. It exhibits old machinery, photographs, and documents related to tea production. Visitors can also watch live demonstrations of tea processing. It offers insight into how tea shaped the economy of the region.","Located in Ooty, it showcases the history and process of tea production. Visitors can learn about tea cultivation, processing, and tasting. The museum highlights Nilgiri tea heritage and industry techniques. It provides educational insight into local culture and economy. Tea enthusiasts find it both informative and enjoyable.",,,A0313,11.4117173,76.7207815
Ooty,Pykara Lake,Natural;Adventure/Outdoor;Relaxation,,,"Pykara Lake, formed by the Pykara Dam, is a popular boating destination. Surrounded by lush greenery, it offers speedboats and motorboat rides. The Toda tribe considers the Pykara River sacred. It is a peaceful retreat just 20 km from Ooty.","A serene lake near Ooty, surrounded by lush greenery and hills. Boating and picnicking are popular activities here. The area includes gardens, waterfalls, and viewpoints for photography. Visitors enjoy the tranquil atmosphere and natural beauty. It is a peaceful spot away from the main town.",,,A0314,11.408076,76.702019
Ooty,Pykara Falls,Natural;Adventure/Outdoor;Relaxation,,,"A short distance from Pykara Lake, these falls cascade down in two stages. Surrounded by dense forests, they are best visited during the monsoon. The area is a popular film shooting location. Together with the lake, it forms one of Ooty’s most scenic spots.","Located near Pykara Lake, this waterfall is a scenic delight with flowing streams and rock formations. Visitors enjoy the natural surroundings and photography opportunities. The falls are accessible via short trekking trails. Its refreshing ambiance attracts nature lovers and tourists. It complements the nearby Pykara Lake attraction.",,,A0315,11.408076,76.702019
Ooty,St. Stephen’s Church,Religious/Spiritual;Architectural;Historical;Cultural,,,"One of the oldest churches in the Nilgiris, built in 1829 during British rule. Known for its colonial architecture, stained glass windows, and tranquil surroundings, it reflects Ooty’s colonial heritage.","One of the oldest churches in Ooty, known for its Gothic architecture. It features beautiful stained glass windows, high ceilings, and intricate woodwork. The church remains an active place of worship and historical interest. Visitors appreciate its serene ambiance and architectural elegance.",,,A0316,11.4147,76.70225
Kodaikanal,Kodaikanal Lake,Natural;Adventure/Outdoor;Relaxation;Entertainment,,,"This star-shaped artificial lake was created in 1863 by Sir Vere Henry Levinge, the collector of Madurai. Surrounded by lush greenery, it offers boating and cycling opportunities. The lake is the heart of Kodaikanal, drawing tourists year-round. Its misty mornings are especially enchanting.","A man-made star-shaped lake at the heart of Kodaikanal. It offers boating, cycling, and scenic walking paths. Surrounded by hills, gardens, and parks, it is a hub for tourists and families. The lake area hosts recreational activities and events throughout the year. Its charm enhances Kodaikanal’s appeal as a hill station.",,,A0317,10.234003,77.4865229
Kodaikanal,Coaker’s Walk,Natural;Relaxation;Adventure/Outdoor;Cultural,,,"Named after Lieutenant Coaker, this one-kilometer walkway offers stunning views of the valleys and plains below Kodaikanal. On clear days, visitors can see as far as Madurai. The spot is famous for its “Brachem Spectre” phenomenon, where a shadow appears with a rainbow halo. It is ideal for leisurely strolls.","A paved pedestrian path along a steep slope in Kodaikanal. It offers panoramic views of valleys, hills, and distant plains. Visitors enjoy serene walks, photography, and sunsets. The walkway is lined with gardens and seating areas for relaxation. It is a perfect spot for nature appreciation and leisure.",,,A0318,10.2300792,77.4938374
Kodaikanal,Bryant Park,Natural;Cultural;Relaxation,,,"Situated near Kodaikanal Lake, this park was established by forest officer H.D. Bryant in 1908. It showcases over 325 species of trees, shrubs, and cacti. The annual flower show held here is a major attraction. It is a favorite spot for nature lovers and families.","A botanical garden in Kodaikanal with diverse plant species and flower beds. It includes themed sections, glasshouses, and walking paths. Visitors can enjoy educational tours, photography, and seasonal flower displays. The park enhances the city’s natural beauty and leisure options.",,,A0319,10.230574,77.4924033
Kodaikanal,Pillar Rocks,Natural;Adventure/Outdoor;Relaxation,,,"These three massive rock pillars, standing 400 feet high, are a natural wonder of Kodaikanal. Surrounded by mist, they offer dramatic views of the valleys. The site also has a small garden maintained nearby. Legends and local tales add mystery to the rocks.","Three giant rock pillars standing tall amidst lush greenery. They offer panoramic views of surrounding valleys and cliffs. The site is popular for photography, trekking, and sightseeing. Misty weather adds to the scenic charm and mystique of the location.",,,A0320,10.2239131,77.4768164
Kodaikanal,Silver Cascade Falls,Natural;Adventure/Outdoor;Relaxation,,,"This waterfall is formed from the overflow of Kodaikanal Lake. Cascading from a height of 180 feet, it is located on the road leading to Madurai. The falls are especially beautiful during the monsoon. It is a popular photo stop for travelers.","A 180-feet tall waterfall near Kodaikanal, created from the outflow of Kodaikanal Lake. Visitors can enjoy its scenic beauty, photography, and picnic spots. The falls are easily accessible from the main road. The cascading water and surrounding greenery create a peaceful ambiance.",,,A0321,10.2419935,77.510299
Kodaikanal,Kurinji Andavar Temple,Religious/Spiritual;Cultural;Architectural,,,"Dedicated to Lord Murugan, this temple is famous for the Kurinji flowers that bloom once every 12 years. It offers panoramic views of the Palani Hills. The temple attracts devotees as well as nature lovers. Its connection to Tamil culture and Murugan worship makes it significant.","Dedicated to Lord Murugan, located near Kodaikanal. Famous for the Kurinji flowers that bloom once every 12 years. The temple offers panoramic views of hills and valleys. Devotees visit for blessings and to witness festivals. It is a serene spiritual site amidst natural beauty.",,,A0322,10.2532243,77.5020039
Kodaikanal,Dolphin’s Nose,Natural;Adventure/Outdoor;Relaxation,,,"Located near Coonoor, Dolphin’s Nose is a viewpoint shaped like the nose of a dolphin. It provides breathtaking views of Catherine Falls and the Nilgiri Hills. The route passes through tea plantations and winding roads. It is one of the best trekking spots in the region.","A flat rocky headland offering panoramic views of the valley and waterfalls. Accessible via trekking trails, it is popular among adventure enthusiasts. The vantage point provides dramatic scenic views, especially during sunrise and sunset. It is a must-visit for photographers and nature lovers.",,,A0323,10.2090447,77.487211
Kodaikanal,Berijam Lake,Natural;Adventure/Outdoor;Relaxation,,,"About 20 km from Kodaikanal, Berijam Lake is a serene, restricted-access reservoir. Surrounded by forests, it is rich in flora and fauna, including rare medicinal plants. Birdwatching and photography are popular here. The calm waters make it a hidden paradise.","A tranquil freshwater lake in Kodaikanal, surrounded by dense forests. Restricted entry preserves its pristine ecosystem. Visitors enjoy birdwatching, trekking, and serene picnics. The lake is a peaceful retreat for nature enthusiasts. Its calm waters reflect the surrounding greenery beautifully.",,,A0324,10.187019,77.3941148
Thanjavur,Brihadeeswarar Temple (Big Temple),Religious/Spiritual;Architectural;Historical;Cultural;Museums & Educational,,,"Built by Raja Raja Chola I in the 11th century, this UNESCO World Heritage site is one of the finest examples of Dravidian architecture. The massive Shiva lingam, towering vimana, and grand frescoes showcase the might and devotion of the Chola dynasty.","Located in Thanjavur, this UNESCO World Heritage temple is a Chola architectural masterpiece. Dedicated to Lord Shiva, it features towering vimanas, massive sculptures, and intricate carvings. The temple reflects the grandeur and sophistication of Chola art. Festivals and rituals continue to attract devotees and tourists. It is a symbol of Tamil culture and architectural brilliance.",,,A0325,10.7816355,79.1341527
Thanjavur,Thanjavur Palace,Historical;Architectural;Museums & Educational;Cultural,,,"Constructed partly by the Nayaks and later expanded by the Marathas, the palace reflects a mix of architectural styles. It houses royal halls, galleries, and art collections that narrate the cultural and political history of Thanjavur.","A historic palace complex adjoining the Big Temple in Thanjavur. It showcases royal architecture, murals, and artifacts of the Chola dynasty. Visitors explore durbar halls, courtyards, and cultural exhibits. The palace highlights the artistic and political history of the region. It offers insights into royal life and Tamil heritage.",,,A0326,10.7917809,79.1371244
Thanjavur,Saraswathi Mahal Library,Museums & Educational;Historical;Cultural,,,"Established by the Nayak kings and enriched by the Marathas, this library is among the oldest in Asia. It preserves thousands of palm-leaf manuscripts and rare works in various languages, reflecting the intellectual legacy of South India.","One of the oldest libraries in India, located within Thanjavur Palace. It houses rare manuscripts, palm-leaf documents, and historical texts. Visitors can explore collections related to art, culture, and literature. The library reflects the intellectual richness of the Chola period. Scholars and tourists alike value its historical significance.",,,A0327,10.786999,79.137825
Thanjavur,Schwartz Church,Religious/Spiritual;Historical;Architectural;Cultural,,,"Built in 1779 by Danish missionary Christian Friedrich Schwartz, this church is a simple yet historic colonial structure. It stands as a symbol of early missionary work in Thanjavur and the cultural exchanges of that era.","A historic church in Thanjavur, named after Christian missionary Schwartz. It features colonial-style architecture, stained glass windows, and serene interiors. The church is an important spiritual and cultural landmark in the city. Visitors appreciate its historical context and peaceful ambiance.",,,A0328,10.7856318,79.1312793
Thanjavur,Art Gallery,Museums & Educational;Cultural;Historical,,,"Located within the palace complex, it showcases Chola bronze statues, ancient paintings, and artifacts. The collection highlights the artistic brilliance of South Indian dynasties across centuries.","Located within Thanjavur Palace, showcasing paintings, sculptures, and artifacts. Highlights include traditional Tanjore paintings and bronze idols. The gallery offers insights into the artistic heritage of Tamil Nadu. Visitors can appreciate centuries-old craftsmanship and creativity. It complements the historical experience of the palace.",,,A0329,10.7875,79.1378
Thanjavur,Gangaikonda Cholapuram,Historical;Religious/Spiritual;Architectural;Cultural,,,"Founded by Rajendra Chola I after his victorious expedition to the Ganges, this temple town served as the Chola capital. The Brihadeeswarar-style temple here is admired for its architectural elegance and historical grandeur.","A UNESCO World Heritage site near Thanjavur, built by Chola kings. It features a massive Shiva temple with intricate carvings and detailed sculptures. The architecture exemplifies Chola engineering and artistic excellence. Visitors are awed by its grandeur, scale, and historical significance. It remains a key site for culture and heritage enthusiasts.",,,A0330,10.786999,79.137827
Tiruchirapalli (Trichy),Rockfort Temple,Religious/Spiritual;Architectural;Historical;Cultural,,,"Perched on an ancient rock over 3 billion years old, the temple complex has shrines dedicated to Shiva and Ganesha. It is both a pilgrimage site and a landmark that tells tales of battles and dynasties.","A historic fort and temple complex in Tiruchirapalli atop a rocky hill. It offers panoramic views of the city and surrounding rivers. The temple includes Ucchi Pillayar Shrine dedicated to Lord Ganesha. Visitors climb steep steps to explore the fort, enjoy scenery, and learn history. It combines spiritual significance with military architecture.",,,A0331,10.828,78.697
Tiruchirapalli (Trichy),Sri Ranganathaswamy Temple (Srirangam),Religious/Spiritual;Architectural;Cultural;Historical,,,"One of the largest functioning Hindu temples in the world, it is dedicated to Lord Vishnu. With its towering gopurams and vibrant festivals, the temple has been a center of Vaishnavite tradition for centuries.","One of the largest functioning Hindu temples in India, dedicated to Lord Vishnu. Known for its massive gopurams, intricately carved halls, and temple tanks. Festivals like Vaikunta Ekadasi are celebrated grandly. The temple is a key pilgrimage and cultural site. Its architecture and spiritual aura attract visitors worldwide.",,,A0332,10.8627169,78.68990335
Tiruchirapalli (Trichy),Jambukeswarar Temple,Religious/Spiritual;Architectural;Cultural;Historical,,,"Dedicated to Lord Shiva, this temple represents the element of water among the Pancha Bhoota Stalas. Its legend connects to Goddess Parvati performing penance here, giving it deep spiritual significance.","A temple in Tiruchirapalli dedicated to Lord Shiva, representing the element of water. It features Dravidian architecture, sacred water tanks, and detailed sculptures. The temple celebrates festivals like Aani Thirumanjanam with grandeur. Pilgrims visit for spiritual rituals and blessings. It combines devotion, architecture, and mythology beautifully.",,,A0333,10.852977,78.70564
Tiruchirapalli (Trichy),Kallanai Dam,Architectural;Historical;Natural;Adventure/Outdoor,,,"Built by the Chola king Karikalan around the 2nd century CE, it is one of the oldest water-diversion structures still in use. The dam on the Cauvery River showcases ancient engineering skills and continues to aid irrigation.","One of the oldest dams in the world, built across the Kaveri River near Tiruchirapalli. Constructed by the Chola dynasty, it is a remarkable engineering feat. The dam serves irrigation and flood control purposes while offering scenic views. Visitors admire its historical significance and tranquil surroundings. It is a landmark of both heritage and utility.",,,A0334,10.80289,78.69875
Tiruchirapalli (Trichy),St. Lourdes Church,Religious/Spiritual;Architectural;Historical;Cultural,,,"Modeled after the Basilica of Lourdes in France, this Gothic-style church was built in the 19th century. Its soaring spires and stained-glass interiors make it a major Christian pilgrimage site in Tamil Nadu.","A neo-Gothic style church in Tiruchirapalli. It features beautiful stained glass windows, tall spires, and serene interiors. The church is an active place of worship and a historical attraction. Visitors appreciate its architecture, peaceful environment, and cultural importance. It is a key landmark for both devotees and tourists.",,,A0335,10.827028,78.692903
Coimbatore,Marudamalai Temple,Religious/Spiritual;Cultural;Architectural;Natural,,,"Dedicated to Lord Murugan, this hilltop temple is surrounded by scenic beauty and legends. It has been a spiritual center for centuries and is associated with healing and divine blessings.","Located near Coimbatore, this hill temple is dedicated to Lord Murugan. It features a scenic climb, lush surroundings, and traditional Dravidian architecture. The temple hosts festivals with vibrant rituals and processions. Pilgrims visit for spiritual blessings and picturesque views. The hilltop setting adds to its serene charm.",,,A0336,11.0826071,76.9435711
Coimbatore,Dhyanalinga Temple,Religious/Spiritual;Architectural;Cultural;Relaxation,,,"Conceived by Sadhguru Jaggi Vasudev, this temple is not dedicated to any one faith but to universal meditation. The powerful linga energy space offers a serene environment for spiritual seekers.","A unique meditative temple in Coimbatore dedicated to Lord Shiva. It houses a powerful energy-filled lingam for meditation and spiritual practices. The temple architecture blends modern design with traditional elements. Visitors experience peace, reflection, and yoga programs. It is a prominent center for spiritual learning and tranquility.",,,A0337,10.9780208,76.73536977
Coimbatore,Adiyogi Shiva Statue,Religious/Spiritual;Cultural;Architectural;Events & Festivals,,,"Standing at 112 feet, this Guinness World Record-winning statue represents Shiva as the first yogi. It was established to inspire people toward inner transformation through yoga.","A 112-foot statue near Coimbatore, recognized by Guinness World Records as the world’s largest bust. It symbolizes Lord Shiva as the first yogi and promotes yoga and spiritual wellness. The site includes meditation areas and learning centers. Visitors are inspired by its scale, energy, and architectural brilliance. It attracts yoga enthusiasts and tourists alike.",,,A0338,10.9725,76.735
Coimbatore,Perur Pateeswarar Temple,Religious/Spiritual;Architectural;Historical;Cultural,,,"An ancient temple dedicated to Lord Shiva, it is famed for its exquisite carvings and cultural importance. Built during the Chola period, it has been a center of devotion and art for centuries.","A historic Shiva temple in Coimbatore with exquisite Dravidian architecture. Known for its intricate sculptures, carvings, and temple tank. Festivals like Maha Shivaratri are celebrated with devotion and grandeur. Visitors admire its artistry, peaceful ambiance, and religious significance. It is a prominent spiritual landmark in the region.",,,A0339,10.97620895,76.91534702
Coimbatore,VOC Park & Zoo,Wildlife;Entertainment;Cultural;Urban Exploration,,,"A family-friendly attraction named after freedom fighter V.O. Chidambaram Pillai. It houses a variety of animals, birds, and recreational spaces, serving as both an educational and leisure spot.","A popular recreational spot in Coimbatore with gardens, walking paths, and a small zoo. It features diverse animal species and themed play areas for children. Visitors enjoy picnics, leisure walks, and family outings. The park combines recreation with education about wildlife and nature. It is a favorite spot for both locals and tourists.",,,A0340,11.0069198,76.9709294
Coimbatore,Black Thunder Theme Park,Entertainment;Adventure/Outdoor;Relaxation,,,"One of the largest water theme parks in India, set against the backdrop of the Nilgiris. It offers thrilling rides, wave pools, and entertainment, making it a favorite destination for tourists and families.","A thrilling amusement park near Coimbatore with water rides and adventure activities. It features slides, wave pools, and family-friendly attractions. Visitors enjoy a fun-filled day with entertainment, food, and games. The park is designed for safety, excitement, and leisure. It attracts adventure seekers and families alike.",,,A0341,11.326745,76.9123061
Yercaud,Yercaud Lake,Natural;Relaxation;Adventure/Outdoor,,,"Surrounded by lush greenery, Yercaud Lake is a serene spot often called the “jewel of the South.” Boating here offers a peaceful escape, with misty hills forming a picturesque backdrop. The lake is a popular family destination and a center of local tourism.","Yercaud Lake is a serene artificial lake surrounded by hills and gardens, offering calm boating experiences. The clear water reflects the lush greenery of the Shevaroy Hills. It is a hub for picnics and family outings. Visitors enjoy the scenic walking paths and the cool, refreshing climate. The lake is especially beautiful during sunrise and sunset.",,,A0342,11.7832744,78.2104687
Yercaud,Pagoda Point,Natural;Relaxation;Adventure/Outdoor,,,"Named after the pyramid-like structures built by local tribes, Pagoda Point offers panoramic views of Yercaud. Visitors enjoy sunrise and sunset here, along with a tranquil setting. The spot reflects both natural beauty and cultural history.",Pagoda Point provides panoramic views of Yercaud and the surrounding valleys. The viewpoint is named after a small pagoda-like structure that adds charm to the location. It is an ideal spot for photography and nature observation. Cool breezes and tranquil surroundings make it perfect for relaxation. It also offers a glimpse of the distant Salem plains.,,,A0343,11.7663047,78.2390328
Yercaud,Lady’s Seat,Natural;Relaxation;Cultural,,,A viewpoint offering stunning views of Salem town and its ghat roads. Legend says it was a favorite hangout spot for a British lady during colonial times. It remains one of Yercaud’s most photographed locations.,"Lady’s Seat is a cliff-edge viewpoint overlooking the valley below. Historically, it is said that the governor’s lady enjoyed this spot, giving it its name. The site offers stunning views of sunrise and sunset over the hills. It is popular for romantic walks and scenic photography. The location provides a peaceful ambiance away from crowds.",,,A0344,11.7704885,78.1980839
Yercaud,Kiliyur Falls,Natural;Adventure/Outdoor;Relaxation,,,"Cascading from a height of 300 feet, Kiliyur Falls is a spectacular sight during monsoons. The trek to reach the falls adds an adventurous charm. It is a refreshing natural retreat in the Yercaud hills.","Kiliyur Falls is a seasonal waterfall cascading down steep rocky terrain. It becomes especially impressive during the monsoon season with roaring water and mist. Surrounded by dense forest, it is ideal for trekking and nature walks. The falls create a natural pool at the base for a refreshing experience. Photographers love capturing the waterfall against lush greenery.",,,A0345,11.7905963,78.1970883
Yercaud,Shevaroy Temple,Religious/Spiritual;Cultural;Natural,,,"Situated on the highest peak of Yercaud, this temple is dedicated to Lord Shevaroyan. Tribal festivals here highlight local traditions. The hilltop location offers cool breezes and breathtaking views.",Shevaroy Temple is dedicated to Lord Shevaroyan and sits atop the Shevaroy Hills. The temple is famous for its peaceful environment and scenic surroundings. Pilgrims visit for spiritual solace and panoramic hill views. The architecture is traditional and blends with the natural landscape. It is also a vantage point to view Yercaud town below.,,,A0346,11.815033,78.217997
Yercaud,Botanical Garden,Natural;Museums & Educational;Relaxation,,,"Home to rare species of plants, orchids, and flowers, this garden is a hub for nature lovers. It also houses a greenhouse with diverse flora. It promotes environmental awareness along with its scenic appeal.","The Botanical Garden in Yercaud showcases diverse plant species from across India. It is beautifully landscaped with flower beds, walking trails, and ornamental plants. The garden serves as an educational spot for students and plant enthusiasts. Rare species and seasonal blooms attract nature lovers and photographers. It is ideal for leisurely strolls and peaceful relaxation.",,,A0347,11.77479,78.2097
Visakhapatnam (Vizag),Kailasagiri Hill Park,Natural;Adventure/Outdoor;Relaxation;Cultural,,,"Overlooking the Bay of Bengal in Visakhapatnam, this park is famous for the massive Shiva and Parvati statues. The ropeway ride gives a thrilling bird’s-eye view of the city. It is both a pilgrimage site and a leisure destination.","Kailasagiri Hill Park in Visakhapatnam offers panoramic views of the city and the coastline. The park features massive statues of Lord Shiva and Goddess Parvati. Ropeway rides provide an aerial view of the lush surroundings and cityscape. It is well-maintained with gardens, viewpoints, and recreational areas. The park is perfect for family outings and sunset photography.",,,A0348,17.7492595,83.34178061
Visakhapatnam (Vizag),RK Beach,Beach & Coastal;Relaxation;Adventure/Outdoor;Urban Exploration,,,"Also known as Ramakrishna Beach, it is one of Vizag’s most popular seaside attractions. Visitors come here for long walks, food stalls, and cultural events. Its calm waves and open spaces make it ideal for families.","RK Beach, or Ramakrishna Beach, is a lively seafront in Visakhapatnam. It is popular for morning walks, jogs, and beachside activities. The beach is lined with cafes and food stalls offering local delicacies. Visitors enjoy views of the sunrise over the Bay of Bengal. Cultural events and festivals are occasionally hosted here, adding vibrancy.",,,A0349,17.711361,83.3177678
Visakhapatnam (Vizag),Yarada Beach,Beach & Coastal;Relaxation;Adventure/Outdoor,,,"Surrounded by hills on three sides, this golden-sand beach is quieter and less crowded. It offers pristine beauty and is perfect for relaxation. The isolation makes it one of Vizag’s hidden gems.","Yarada Beach is a pristine and less crowded beach near Visakhapatnam. Surrounded by rocky hills, it offers a peaceful atmosphere for relaxation. The beach has golden sand and clear waters ideal for photography. Fishermen can be seen performing daily routines, providing a local cultural touch. It is suitable for quiet picnics and scenic evening visits.",,,A0350,17.6857467,83.27383
Visakhapatnam (Vizag),Rushikonda Beach,Beach & Coastal;Relaxation;Adventure/Outdoor;Luxury,,,"A popular beach for water sports and swimming, Rushikonda is lively with tourists year-round. Its natural beauty blends with modern facilities for adventure seekers. It is often called the “Jewel of the East Coast.”","Rushikonda Beach is known for its golden sand and clear waters. It is a hotspot for water sports, including surfing and jet skiing. The beach is backed by coconut palms and hills, adding to its natural charm. Sunrise views over the Bay of Bengal are particularly stunning. It is also popular among fitness enthusiasts for jogging and yoga.",,,A0351,17.7831,83.3858
Visakhapatnam (Vizag),Araku Valley,Natural;Relaxation;Adventure/Outdoor;Cultural,,,"Known as Andhra Pradesh’s hill station, Araku Valley is famous for its coffee plantations and tribal culture. The scenic train ride through tunnels and bridges adds to its charm. The valley is a refreshing getaway with rich biodiversity.","Araku Valley is a scenic hill station with lush coffee plantations and waterfalls. It is famous for tribal culture, local art, and coffee estates. The valley is ideal for trekking, nature walks, and photography. Scenic viewpoints provide panoramic views of mountains and rivers. Seasonal festivals highlight the region’s vibrant culture.",,,A0352,17.761891,83.342203
Visakhapatnam (Vizag),Borra Caves,Natural;Adventure/Outdoor;Historical,,,"These million-year-old limestone caves are adorned with stalactites and stalagmites. Local legends connect them with Lord Shiva, adding spiritual importance. The caves are illuminated to highlight their natural formations.",Borra Caves are limestone caves known for stalactites and stalagmites formations. The caves are illuminated to highlight the natural rock structures and underground beauty. They are among the largest caves in India and attract adventure enthusiasts. Borra Caves also hold historical and archaeological significance. The surrounding hills enhance the overall scenic experience.,,,A0353,18.261448,83.032295
Visakhapatnam (Vizag),Submarine Museum (INS Kurusura),Museums & Educational;Historical;Entertainment;Cultural,,,"Located on RK Beach, this museum is housed in a decommissioned submarine. It showcases the life of navy personnel and their underwater missions. It is the first of its kind in South Asia.","The Submarine Museum is housed inside the decommissioned INS Kurusura in Visakhapatnam. Visitors can explore the interior to learn about submarine operations and naval life. It provides an educational experience about India’s naval history. The museum showcases artifacts, weapons, and control rooms. It is a unique maritime attraction for families and students.",,,A0354,17.71727625,83.33012256
Visakhapatnam (Vizag),Simhachalam Temple,Religious/Spiritual;Architectural;Cultural;Historical,,,"Dedicated to Lord Varaha Narasimha, this temple is an important pilgrimage site. Its architecture blends Orissan and Chalukyan styles. The deity is kept covered in sandalwood paste most of the year, revealing the idol only once annually.",Simhachalam Temple is dedicated to Lord Varaha Narasimha and features Orissan-style architecture. The temple is perched on a hill offering panoramic views of Visakhapatnam. It attracts pilgrims and history enthusiasts alike. The annual festivals highlight traditional rituals and cultural heritage. The intricate carvings and sanctum design are major attractions.,,,A0355,17.7453138,83.2207916
Visakhapatnam (Vizag),Katiki Waterfalls,Natural;Adventure/Outdoor;Relaxation,,,"Flowing from the Gosthani River near Araku, this waterfall requires a short trek to reach. The 50-foot fall is surrounded by greenery, making it a favorite picnic spot. Local bamboo chicken is also popular here.","Katiki Waterfalls is a scenic cascade located near Araku Valley. Surrounded by dense forests, it offers a serene escape into nature. Trekkers enjoy trails leading to the falls and nearby viewpoints. The waterfall is especially vibrant during monsoons. Natural pools at the base allow visitors to refresh and relax.",,,A0356,17.535822,82.380179
Visakhapatnam (Vizag),Indira Gandhi Zoological Park,Wildlife;Natural;Museums & Educational;Adventure/Outdoor,,,"Spread over 600 acres, this zoo in Vizag houses animals in natural enclosures. It is surrounded by the Eastern Ghats, giving it a scenic backdrop. It is one of the largest zoological parks in India.","Indira Gandhi Zoological Park in Visakhapatnam is home to diverse wildlife species. It houses animals, birds, and reptiles from different parts of India. The park is well-maintained with walking paths and informative signage. Educational programs and guided tours are conducted for students and tourists. It provides a family-friendly experience combining learning and leisure.",,,A0357,17.7688,83.3441
Tirupati,Tirumala Venkateswara Temple,Religious/Spiritual;Architectural;Cultural;Historical,,,"One of the richest and most visited temples in the world, dedicated to Lord Venkateswara. Pilgrims from across the globe visit for darshan. Its Dravidian architecture and spiritual energy make it a sacred center of Hindu devotion.","Tirumala Venkateswara Temple is one of the most famous pilgrimage sites in India. Dedicated to Lord Venkateswara, it draws millions of devotees annually. The temple is known for its grand architecture and spiritual significance. Devotional rituals and festivals are celebrated with grandeur. The hilltop location offers panoramic views of Tirupati town.",,,A0358,13.6833,79.3474
Tirupati,Kapila Theertham,Natural;Religious/Spiritual;Adventure/Outdoor;Cultural,,,"A sacred waterfall near Tirupati, located within a temple dedicated to Lord Shiva. During monsoon, the falls gush down with force, creating a majestic sight. The place carries mythological significance tied to Sage Kapila.",Kapila Theertham is a sacred waterfall and temple complex in Tirupati. The temple is dedicated to Lord Shiva and features traditional Dravidian architecture. The waterfall adds natural beauty and serenity to the spiritual site. Devotees often take ritualistic baths in the water. The location is tranquil and ideal for meditation.,,,A0359,13.6565756,79.4210339
Tirupati,Chandragiri Fort,Historical;Architectural;Cultural,,,"Built by the Yadava kings and later used by the Vijayanagara rulers, this fort reflects medieval history. The Raja Mahal inside is now an archaeological museum. The fort is also linked to the marriage of Sri Venkateswara and Padmavathi.","Chandragiri Fort is a historic fort near Tirupati built in the 11th century. The fort offers insights into Vijayanagara architecture and history. It houses Raja Mahal and Rani Mahal with intricate carvings. Panoramic views from the fort overlook surrounding hills and villages. It is a blend of history, architecture, and scenic beauty.",,,A0360,13.5830317,79.3052847
Tirupati,Sri Padmavathi Ammavari Temple,Religious/Spiritual;Cultural;Architectural,,,"Dedicated to Goddess Padmavathi, consort of Lord Venkateswara, this temple in Tiruchanur is a must-visit for pilgrims. Devotees believe darshan here completes the pilgrimage to Tirumala.","Sri Padmavathi Ammavari Temple in Tiruchanur is dedicated to Goddess Padmavathi. The temple features traditional Dravidian architecture with ornate gopurams. Pilgrims visit for blessings, rituals, and festive celebrations. The temple is surrounded by serene gardens and courtyards. Spiritual significance and cultural heritage make it a key attraction.",,,A0361,13.6079735,79.4500147
Tirupati,Sri Govindarajaswami Temple,Religious/Spiritual;Cultural;Architectural,,,"An ancient temple in Tirupati dedicated to Lord Vishnu. Built by Saint Ramanujacharya in 1130 AD, it is an architectural and spiritual marvel. The temple is closely associated with Tirumala traditions.",Sri Govindarajaswami Temple is a historical temple in Tirupati. It features impressive Dravidian-style architecture and intricate carvings. The temple is significant for devotees of Lord Vishnu. Festivals and rituals attract large crowds. The temple complex is peaceful and offers a spiritual experience.,,,A0362,13.6297633,79.420088
Tirupati,Akasaganga Teertham,Natural;Religious/Spiritual;Adventure/Outdoor,,,A sacred waterfall near Tirumala believed to provide holy water for temple rituals. Pilgrims visit for both religious blessings and natural beauty. Its connection to Lord Venkateswara enhances its importance.,Akasaganga Teertham is a sacred waterfall near Tirupati associated with Lord Shiva. Pilgrims perform ritualistic baths in the flowing water. The surrounding forested area adds tranquility and natural beauty. The waterfall is particularly scenic during monsoons. It combines spiritual significance with a serene landscape.,,,A0363,13.6833,79.35
Tirupati,Sila Thoranam,Natural;Historical;Religious/Spiritual;Cultural,,,"A natural rock arch near Tirumala, dating back millions of years. It is one of only three such formations in the world. Local legends link it to Lord Venkateswara’s divine presence.",Sila Thoranam is a natural rock formation near Tirumala resembling an arch. It is historically and geologically significant with unique granite patterns. The site is linked to local legends and myths. It offers a peaceful spot for photography and sightseeing. Visitors are often awed by its natural grandeur.,,,A0364,13.6863999,79.3412342
Amaravati,Amaravati Stupa,Historical;Religious/Spiritual;Cultural;Architectural,,,A massive Buddhist monument dating back to the 2nd century BCE. It reflects the artistic excellence of the Satavahana dynasty. The stupa is a vital center of Buddhist heritage in India.,Amaravati Stupa is an ancient Buddhist monument in Andhra Pradesh. It features intricate carvings depicting Jataka tales. The site reflects India’s rich Buddhist heritage and architecture. Archaeological excavations have revealed sculptures and relics. It is an important pilgrimage and historical site for Buddhists.,,,A0365,16.514,80.516
Amaravati,Amareswara Temple,Religious/Spiritual;Cultural;Architectural,,,"Dedicated to Lord Shiva, this temple stands on the banks of River Krishna in Amaravati. Its Dravidian architecture and ancient traditions draw devotees year-round. It is considered one of the Pancharama Kshetras.",Amareswara Temple is a historic temple in Amaravati dedicated to Lord Shiva. It showcases Dravidian architectural style with stone carvings. The temple has spiritual significance for devotees. Festivals and rituals are celebrated annually. Its serene environment attracts pilgrims and tourists alike.,,,A0366,16.5801871,80.3568593
Amaravati,Undavalli Caves,Historical;Architectural;Religious/Spiritual;Cultural,,,Rock-cut caves near Vijayawada dating to the 4th–5th century. The main cave features a huge reclining statue of Lord Vishnu. They represent early Indian rock-cut architecture influenced by Buddhist and Hindu styles.,Undavalli Caves are ancient rock-cut caves near Vijayawada. They exhibit Gupta-style architecture and intricate carvings. The caves include large monolithic statues of Lord Vishnu. Historical and spiritual importance make them a key attraction. The location offers a panoramic view of the Krishna River.,,,A0367,16.4966702,80.5816953
Amaravati,Kondapalli Fort,Historical;Architectural;Cultural;Adventure/Outdoor,,,"Built in the 14th century by the Reddy kings, this fort later served as a military outpost for several dynasties. It is also famous for Kondapalli toys, traditional wooden crafts. The fort offers historical and cultural insights.","Kondapalli Fort is a historic fort near Vijayawada built during the 14th century. It offers views of lush hills and surrounding plains. The fort has a rich history associated with regional rulers. Visitors can explore bastions, gates, and ancient structures. The nearby Kondapalli village is famous for traditional wooden crafts.",,,A0368,16.625283,80.53067
Amaravati,Bhavani Island (Krishna River),Natural;Relaxation;Adventure/Outdoor;Luxury,,,"Located on the Krishna River near Vijayawada, it is one of the largest river islands in India. Known for boating, water sports, and leisure activities. Its lush greenery makes it a popular weekend retreat.","Bhavani Island is located on the Krishna River near Vijayawada. It is one of the largest river islands in India and a scenic tourist spot. The island offers boating, water sports, and garden areas. It is ideal for family picnics and adventure activities. The lush greenery adds to its natural charm.",,,A0369,16.5226,80.5773
Amaravati,Prakasam Barrage,Architectural;Historical;Urban Exploration;Relaxation,,,A 19th-century engineering marvel across the Krishna River. It supplies irrigation water and connects important towns. Its scenic view is especially beautiful when lit up at night.,Prakasam Barrage is a historic dam on the Krishna River in Vijayawada. It connects the eastern and western banks of the city. The barrage is a popular spot for evening walks and photography. It provides irrigation and regulates river flow. The structure is illuminated beautifully at night.,,,A0370,16.5049745,80.6048396
Vijayawada,Kanaka Durga Temple,Religious/Spiritual;Cultural;Architectural,,,"Perched atop the Indrakeeladri hill in Vijayawada, this temple is dedicated to Goddess Kanaka Durga, a form of Durga. It overlooks the Krishna River, providing a scenic and spiritual setting. The temple is particularly crowded during the Navaratri festival, attracting thousands of devotees. Its origins date back centuries, and it remains a symbol of faith and cultural heritage in Andhra Pradesh.","Kanaka Durga Temple is located atop Indrakeeladri Hill in Vijayawada. Dedicated to Goddess Durga, it is a major pilgrimage center. The temple offers panoramic views of Vijayawada and the Krishna River. Festivals like Navaratri attract thousands of devotees. The architecture and spiritual ambiance are highly revered.",,,A0371,16.5154312,80.6062147
Vijayawada,Undavalli Caves,Historical;Architectural;Religious/Spiritual;Cultural,,,Rock-cut caves near Vijayawada dating to the 4th–5th century. The main cave features a huge reclining statue of Lord Vishnu. They represent early Indian rock-cut architecture influenced by Buddhist and Hindu styles.,Undavalli Caves are ancient rock-cut caves near Vijayawada. They exhibit Gupta-style architecture and intricate carvings. The caves include large monolithic statues of Lord Vishnu. Historical and spiritual importance make them a key attraction. The location offers a panoramic view of the Krishna River.,,,A0372,16.4966702,80.5816953
Vijayawada,Prakasam Barrage,Architectural;Historical;Urban Exploration;Relaxation,,,A 19th-century engineering marvel across the Krishna River. It supplies irrigation water and connects important towns. Its scenic view is especially beautiful when lit up at night.,Prakasam Barrage is a historic dam on the Krishna River in Vijayawada. It connects the eastern and western banks of the city. The barrage is a popular spot for evening walks and photography. It provides irrigation and regulates river flow. The structure is illuminated beautifully at night.,,,A0373,16.5049745,80.6048396
Vijayawada,Bhavani Island,Natural;Relaxation;Adventure/Outdoor;Luxury,,,"Located on the Krishna River near Vijayawada, it is one of the largest river islands in India. Known for boating, water sports, and leisure activities. Its lush greenery makes it a popular weekend retreat.","Bhavani Island is located on the Krishna River near Vijayawada. It is one of the largest river islands in India and a scenic tourist spot. The island offers boating, water sports, and garden areas. It is ideal for family picnics and adventure activities. The lush greenery adds to its natural charm.",,,A0374,16.5230101,80.5699106
Vijayawada,Victoria Jubilee Museum,Museums & Educational;Historical;Cultural,,,"Established in 1887, this museum in Vijayawada houses archaeological relics, sculptures, and coins. It reflects the history and culture of Andhra Pradesh. It is also linked to the freedom movement, where the tri-color was first unfurled.","Victoria Jubilee Museum in Vijayawada houses historical artifacts and archaeological exhibits. It displays sculptures, coins, inscriptions, and ancient relics. The museum educates visitors about regional history and culture. Beautifully maintained galleries provide a glimpse into Andhra Pradesh’s heritage. It is a must-visit for history enthusiasts.",,,A0375,16.5080008,80.627559
Vijayawada,Gandhi Hill,Historical;Cultural;Museums & Educational,,,A memorial built in honor of Mahatma Gandhi in Vijayawada. It has a Gandhi stupa and exhibits on his life. It was the first Gandhi memorial constructed after his assassination.,"Gandhi Hill in Vijayawada is a memorial dedicated to Mahatma Gandhi. It features a Gandhi statue, museum, and a planetarium. Visitors enjoy panoramic views of the city and surrounding landscapes. The hill is serene and ideal for relaxation and reflection. The site also offers insights into Gandhi’s life and philosophy.",,,A0376,16.5192544,80.6169617
Lepakshi,Veerabhadra Temple,Religious/Spiritual;Cultural;Architectural;Historical,,,"Located in Lepakshi, this 16th-century temple is renowned for its hanging pillar. Built by the Vijayanagara rulers, it features murals and sculptures. It is an architectural wonder tied to mythological legends.","Veerabhadra Temple in Lepakshi is a historic temple known for its Dravidian architecture. It houses intricate carvings, frescoes, and a monolithic Nandi statue. The temple is associated with mythological legends. Pilgrims and tourists visit for spiritual and historical significance. The hanging pillar is a unique highlight within the complex.",,,A0377,13.8011,77.6057
Lepakshi,Hanging Pillar,Historical;Architectural;Cultural,,,"A unique architectural feature of the Lepakshi temple, where one pillar hangs without touching the ground. It is a marvel of Vijayanagara engineering. Visitors often test it by passing objects underneath.","The Hanging Pillar in Lepakshi Temple is a marvel of architecture. One of the pillars does not touch the ground fully, showcasing ancient engineering skills. It attracts tourists and architecture enthusiasts from around the world. The phenomenon is a subject of curiosity and awe. The surrounding temple structures enhance the experience.",,,A0378,13.801962,77.609309
Lepakshi,Nandi Bull Statue,Historical;Cultural;Religious/Spiritual;Architectural,,,"Also in Lepakshi, this giant monolithic statue of Nandi is one of the largest in India. It faces the Veerabhadra Temple, carved with detailed craftsmanship. It is a masterpiece of Vijayanagara art.",The Nandi Bull Statue in Lepakshi is one of the largest monolithic Nandi sculptures in India. It is carved out of a single granite stone and finely polished. The statue is intricately detailed and placed in front of Veerabhadra Temple. Visitors admire the craftsmanship and scale. It is a symbol of devotion and architectural mastery.,,,A0379,13.8031581,77.6097474
Lepakshi,Lepakshi Handicrafts,Shopping & Culinary;Cultural;Historical,,,"The town of Lepakshi is famous for its traditional crafts. From Kalamkari paintings to leather puppets, the art reflects Andhra’s cultural richness. It is a hub for preserving ancient traditions.","Lepakshi Handicrafts represent traditional wood and stone art forms of the region. The crafts include carvings, sculptures, and decorative items. They reflect the cultural heritage of Andhra Pradesh. Visitors can buy souvenirs and observe artisans at work. The craftsmanship is unique to the historic town of Lepakshi.",,,A0380,13.803727,77.609496
Srisailam,Mallikarjuna Jyotirlinga Temple,Religious/Spiritual;Cultural;Architectural;Historical,,,"Located in Srisailam, it is one of the 12 Jyotirlingas of Lord Shiva. It is also one of the Shakti Peethas, making it a unique dual pilgrimage. Nestled in the Nallamala Hills, it is both scenic and sacred.","Mallikarjuna Jyotirlinga Temple in Srisailam is one of the twelve Jyotirlingas in India. The temple is a major pilgrimage site and showcases traditional South Indian architecture. Festivals like Maha Shivaratri attract thousands of devotees. Surrounded by the Nallamala hills, it offers scenic and spiritual experiences. Rituals and worship are conducted daily with grandeur.",,,A0381,16.073956,78.868066
Srisailam,Srisailam Dam,Architectural;Adventure/Outdoor;Relaxation;Natural,,,"Built across the Krishna River, it is one of India’s largest dams. Surrounded by hills, it provides hydroelectric power and irrigation. Its viewpoints make it a tourist attraction as well.",Srisailam Dam is built across the Krishna River and is one of the largest reservoirs in Andhra Pradesh. It provides irrigation and hydroelectric power to the region. The dam offers scenic views of water and surrounding hills. Boating and sightseeing are popular activities for tourists. The area is tranquil and suitable for photography.,,,A0382,16.0867989,78.8970352
Srisailam,Akkamahadevi Caves,Natural;Adventure/Outdoor;Religious/Spiritual,,,"Natural caves near Srisailam associated with the saint Akkamahadevi. They house a Shiva lingam deep inside, accessible by boat. The caves have both mythological and natural charm.","Akkamahadevi Caves are rock-cut caves near Srisailam with historical and spiritual significance. The caves offer a peaceful environment and panoramic views of the Krishna River. They are associated with ancient legends and local traditions. Visitors enjoy trekking and exploring the natural formations. The site combines nature, spirituality, and history.",,,A0383,16.0737808,78.8727065
Srisailam,Pathala Ganga (Krishna River boating),Adventure/Outdoor;Natural;Religious/Spiritual;Relaxation,,,"A sacred spot on the Krishna River, famous for boating and religious dips. Pilgrims believe a holy bath here absolves sins. It also offers scenic rides with views of Srisailam.",Pathala Ganga is a popular spot for river boating on the Krishna River. It is located near Srisailam and offers serene views of flowing water and surrounding hills. Pilgrims often visit for ritual baths and spiritual activities. The boating experience provides adventure and relaxation. Natural scenery makes it ideal for photography.,,,A0384,16.0737808,78.8727065
Srisailam,Sakshi Ganapati Temple,Religious/Spiritual;Cultural;Architectural,,,"Located on the way to Srisailam, this small temple holds mythological importance. Devotees believe Ganapati here records their visit to Mallikarjuna. It is a customary stop for pilgrims.",Sakshi Ganapati Temple in Srisailam is dedicated to Lord Ganesha. It is visited by pilgrims seeking blessings for success and prosperity. The temple is surrounded by lush greenery and peaceful surroundings. Festivals and rituals are celebrated with enthusiasm. The unique architecture and spiritual ambiance attract devotees and tourists alike.,,,A0385,16.0737808,78.8727065
Araku Valley,Borra Caves,Natural;Adventure/Outdoor;Historical,,,"These million-year-old limestone caves are adorned with stalactites and stalagmites. Local legends connect them with Lord Shiva, adding spiritual importance. The caves are illuminated to highlight their natural formations.",Borra Caves are limestone caves known for stalactites and stalagmites formations. The caves are illuminated to highlight the natural rock structures and underground beauty. They are among the largest caves in India and attract adventure enthusiasts. Borra Caves also hold historical and archaeological significance. The surrounding hills enhance the overall scenic experience.,,,A0386,18.2805572,83.0382648
Araku Valley,Coffee Plantations,Natural;Cultural;Shopping & Culinary;Relaxation,Timings vary; typically 9:00 AM – 5:00 PM,,"Araku Valley is renowned for its organic coffee plantations. Tribal communities cultivate coffee here, adding cultural richness. Visitors enjoy plantation tours and fresh brews.","Araku Valley’s Coffee Plantations are lush estates producing high-quality Arabica coffee. Visitors can take guided tours to learn about coffee cultivation and processing. The plantations provide scenic landscapes of rolling hills and greenery. Coffee tasting sessions are popular among tourists. They combine educational, cultural, and leisure experiences.",,,A0387,18.2577,82.9893
Araku Valley,Tribal Museum,Museums & Educational;Cultural;Historical,,,"This museum showcases the life, culture, and artifacts of Andhra’s tribal communities. It reflects traditions through tools, crafts, and performances. It preserves heritage while educating tourists.","Tribal Museum in Araku Valley showcases the lifestyle and culture of local tribal communities. Exhibits include traditional clothing, artifacts, tools, and crafts. Visitors learn about indigenous practices and rituals. Cultural performances are sometimes held for tourists. It is an educational and immersive cultural experience.",,,A0388,18.3231,82.8772
Araku Valley,Katiki Waterfalls,Natural;Adventure/Outdoor;Relaxation,,,"Flowing from the Gosthani River near Araku, this waterfall requires a short trek to reach. The 50-foot fall is surrounded by greenery, making it a favorite picnic spot. Local bamboo chicken is also popular here.","Katiki Waterfalls is a scenic cascade located near Araku Valley. Surrounded by dense forests, it offers a serene escape into nature. Trekkers enjoy trails leading to the falls and nearby viewpoints. The waterfall is especially vibrant during monsoons. Natural pools at the base allow visitors to refresh and relax.",,,A0389,18.3158,82.8965
Araku Valley,Padmapuram Gardens,Natural;Relaxation;Cultural,,,"Established during World War II, these gardens house rare plants and tree houses. They are a leisure destination in Araku Valley. The gardens blend beauty with a touch of history.","Padmapuram Gardens in Araku Valley are beautifully landscaped with flowers, fountains, and topiary art. It offers scenic walking paths and viewpoints. The gardens are ideal for photography and leisure walks. The climate and surrounding hills enhance the overall charm. It is family-friendly and visually appealing.",,,A0390,18.712787,82.9953
Araku Valley,Chaparai Waterfalls,Natural;Adventure/Outdoor;Relaxation,,,"A scenic cascade in Araku surrounded by forests. It is a popular picnic spot, especially after rains. Its shallow waters allow visitors to enjoy playful splashes.","Chaparai Waterfalls is a scenic waterfall in Araku Valley surrounded by dense forests. Visitors can enjoy trekking and nature photography. The water cascades into natural pools for a refreshing experience. The area is peaceful and less crowded, ideal for relaxation. Wildlife sightings are occasionally possible nearby.",,,A0391,18.29,82.928
Nagarjuna Sagar,Nagarjuna Sagar Dam,Architectural;Adventure/Outdoor;Relaxation;Natural,,,"One of the largest masonry dams in the world, built across the Krishna River. It provides irrigation and power while offering a scenic reservoir. The site is also linked to Buddhist history.","Nagarjuna Sagar Dam is a massive dam across the Krishna River. It provides irrigation, hydroelectric power, and flood control. The dam offers scenic views of the reservoir and surrounding hills. Boating and sightseeing are popular among tourists. The structure is an engineering marvel and historic landmark.",,,A0392,16.5416772,79.31831542
Nagarjuna Sagar,Nagarjuna Konda Museum & Island,Museums & Educational;Historical;Cultural,,,"An island in Nagarjuna Sagar housing Buddhist relics excavated from the valley. The museum preserves stupas, scriptures, and sculptures. It is an important Buddhist heritage site.","Nagarjuna Konda Museum is located on an island in the Nagarjuna Sagar reservoir. It displays Buddhist relics, artifacts, and sculptures. The museum provides insights into ancient Buddhist civilization. The island and museum offer scenic views and educational experiences. Visitors can combine history with leisure boating.",,,A0393,16.545544,79.227218
Nagarjuna Sagar,Ethipothala Waterfalls,Natural;Adventure/Outdoor;Relaxation,,,A 70-foot waterfall near Nagarjuna Sagar that merges into a crocodile breeding center downstream. It is a mix of scenic beauty and wildlife conservation. The falls are also considered sacred.,"Ethipothala Waterfalls is a beautiful cascade formed by Chandravanka River. The waterfall has a height of about 70 feet and creates a scenic natural pool. Surrounded by lush greenery, it is ideal for trekking and photography. Visitors enjoy the serene environment and cool climate. Local flora and fauna add to the experience.",,,A0394,16.537522,79.406374
Kurnool,Belum Caves,Natural;Adventure/Outdoor;Historical,,,"The second-largest caves in India, formed from black limestone. They stretch for over 3 kilometers with stunning stalactite formations. Ancient Buddhist relics have also been found here.","Belum Caves are the longest caves in Andhra Pradesh, featuring stalactites and stalagmites. The caves are well-lit to highlight natural rock formations. Visitors explore underground chambers and tunnels. Archaeological significance adds historical interest. It is a popular spot for adventure tourism and photography.",,,A0395,15.102175,78.1116692
Kurnool,Oravakallu Rock Garden,Natural;Adventure/Outdoor;Cultural,,,"A natural wonder near Kurnool, featuring volcanic rock formations. It is a unique geological site with landscapes ideal for photography. The garden adds facilities for picnics and leisure.","Oravakallu Rock Garden is a natural formation of granite rocks and boulders. It is ideal for trekking, photography, and adventure activities. The rocks create scenic landscapes and viewpoints. Visitors can explore the unique shapes and textures. The location is tranquil and less crowded.",,,A0396,15.6918392,78.151766
Kurnool,Konda Reddy Fort,Historical;Architectural;Cultural,,,"Built during the Vijayanagara period, this fort is linked to the legend of a warrior named Reddy who resisted invaders. Its underground tunnels add mystery. It stands as a symbol of Kurnool’s heritage.","Konda Reddy Fort in Kurnool is a historic fort known for its architecture and history. It was built as a military defense structure. Visitors can explore bastions, gates, and inner chambers. The fort offers panoramic views of the city. Historical significance attracts tourists and students alike.",,,A0397,15.833816,78.048656
Kurnool,Rollapadu Wildlife Sanctuary,Wildlife;Natural;Adventure/Outdoor,,,"A protected area home to the endangered Great Indian Bustard. It also houses foxes, jackals, and migratory birds. The sanctuary is an important site for biodiversity conservation.","Rollapadu Wildlife Sanctuary is a habitat for endangered species, including the Great Indian Bustard. The sanctuary features grasslands, forests, and water bodies. Visitors can observe wildlife through guided tours and safaris. Birdwatching is a popular activity. Conservation efforts make it an educational destination.",,,A0398,15.75,78.45
Kurnool,Yaganti Temple,Religious/Spiritual;Cultural;Architectural,,,"Dedicated to Lord Shiva, this temple is famous for its growing Nandi statue. Legends say the idol is still increasing in size. The caves around the temple add to its spiritual appeal.",Yaganti Temple is an ancient temple dedicated to Lord Shiva in Kurnool district. It is famous for a unique growing Nandi statue. The temple is surrounded by scenic hills and forests. Pilgrims visit for spiritual blessings and rituals. The architecture and natural setting make it a unique attraction.,,,A0399,15.290928,78.193571
Anantapur,Lepakshi,Historical;Architectural;Religious/Spiritual;Cultural;Museums & Educational,,,"A heritage town known for its temples, murals, and Vijayanagara architecture. The Veerabhadra Temple here is filled with mythological carvings. The town is steeped in history and cultural artistry.","Lepakshi Handicrafts represent traditional wood and stone art forms of the region. The crafts include carvings, sculptures, and decorative items. They reflect the cultural heritage of Andhra Pradesh. Visitors can buy souvenirs and observe artisans at work. The craftsmanship is unique to the historic town of Lepakshi.",,,A0400,14.6321073,77.6250314
Anantapur,Penukonda Fort,Historical;Architectural;Cultural;Adventure/Outdoor,,,"Once the second capital of the Vijayanagara Empire, this fort is spread across hills and plains. It houses temples, mosques, and palaces inside. It is a blend of strategic and cultural significance.","Penukonda Fort is a historic fort in Anantapur district known for its strategic location. It offers panoramic views of surrounding plains. The fort contains temples, gateways, and bastions. Visitors explore the historic architecture and scenic surroundings. The site reflects regional history and military significance.",,,A0401,14.0704493,77.5834465
Anantapur,Dharmavaram Silk Weaving,Shopping & Culinary;Cultural;Museums & Educational,,,Famous for producing high-quality silk sarees with broad borders and intricate designs. The weaving tradition here is centuries old. It supports artisans and showcases Andhra’s textile heritage.,"Dharmavaram Silk Weaving is famous for its handwoven silk sarees. The traditional weaving techniques create vibrant and durable fabrics. Visitors can observe artisans at work and purchase authentic products. The craft is a cultural heritage of Andhra Pradesh. It showcases skill, artistry, and tradition.",,,A0402,14.416539,77.711879
Anantapur,ISKCON Temple,Religious/Spiritual;Cultural;Architectural,,,These temples across cities like Tirupati and Rajahmundry spread Krishna consciousness. They combine devotion with cultural education. Their architecture and spiritual activities attract visitors worldwide.,"ISKCON Temple in Vijayawada is a spiritual and architectural landmark. It is dedicated to Lord Krishna and hosts religious rituals and festivals. The temple features intricate carvings, gardens, and a peaceful ambiance. Devotees and tourists alike visit for worship and meditation. Cultural programs and community activities are conducted regularly.",,,A0403,14.7191,77.604
Rajahmundry,Godavari Bridge,Architectural;Urban Exploration;Historical,,,A massive rail-cum-road bridge over the Godavari River at Rajahmundry. It is one of the longest of its kind in Asia. The bridge is both an engineering marvel and a scenic viewpoint.,"Godavari Bridge in Rajahmundry spans the Godavari River, connecting key regions. It is one of the longest bridges in India and an engineering marvel. The bridge offers scenic views of the river and surroundings. Both road and rail traffic pass over the bridge. It is a significant landmark and popular photography spot.",,,A0404,16.9974248,81.7679612
Rajahmundry,Dowleswaram Barrage,Architectural;Historical;Adventure/Outdoor;Relaxation,,,"Built by Sir Arthur Cotton in the 19th century, it revolutionized irrigation in the Godavari delta. It still supports farming in the region. The site honors his contribution with a memorial.",Dowleswaram Barrage across the Godavari River regulates water flow and irrigation. The barrage is historically significant and associated with Sir Arthur Cotton. Visitors enjoy panoramic river views and walking paths. It is ideal for photography and sightseeing. The structure combines utility and heritage.,,,A0405,16.9363,81.7562
Rajahmundry,ISKCON Temple,Religious/Spiritual;Cultural;Architectural,,,These temples across cities like Tirupati and Rajahmundry spread Krishna consciousness. They combine devotion with cultural education. Their architecture and spiritual activities attract visitors worldwide.,"ISKCON Temple in Vijayawada is a spiritual and architectural landmark. It is dedicated to Lord Krishna and hosts religious rituals and festivals. The temple features intricate carvings, gardens, and a peaceful ambiance. Devotees and tourists alike visit for worship and meditation. Cultural programs and community activities are conducted regularly.",,,A0406,16.9903884,81.7755398
Rajahmundry,Papikondalu boat cruise,Natural;Adventure/Outdoor;Relaxation;Cultural,,,"A scenic ride through the Papikondalu hills along the Godavari River. The lush green hills resemble a woman’s hair partition, giving the place its name. It is a breathtaking blend of nature and mythology.","Papikondalu boat cruise offers scenic river journeys along the Godavari River. Tourists experience dense forests, hills, and tribal villages. The cruise highlights natural beauty and local culture. Wildlife sightings and photography opportunities abound. It is a relaxing and immersive adventure.",,,A0407,17.48,81.75
Rajahmundry,Kotilingeshwara Temple,Religious/Spiritual;Cultural;Architectural,,,"Famous for housing millions of Shiva lingams, making it one of the largest of its kind. The temple reflects immense devotion and spiritual grandeur. Pilgrims from across the country visit for blessings.",Kotilingeshwara Temple in Andhra Pradesh houses one of the largest collections of Shiva Lingas. Devotees perform rituals and prayers amidst thousands of Lingas. The temple complex is spacious and serene. Festivals and special occasions attract large crowds. It is a unique spiritual and cultural landmark.,,,A0408,17.0227,81.769
,Iskcon Temple,,9:00 AM - 1:00 PM,,,,,,,,
,Lalbagh Garden,,6:00 AM - 10:00 AM & 4:00 PM - 7:00 PM,,,,,,,,
,Tungabhadra River & Coracle Rides,,Typically available from 06:00 AM to 06:00 PM,,,,,,,,
,Art Gallery (Jayachamarajendra Art Gallery),,8:30 AM – 5:00 PM,,,,,,,,
,Watkins Platform Viewpoint,,6:00 AM – 6:00 PM,,,,,,,,
,Trekking Trails,,6:00 AM – 6:00 PM,,,,,,,,
,"Lalbagh Botanical Garden	5",,"00 AM	7:00 PM	Open daily",,,,,,,,
,"Cubbon Park	6",,"00 AM	7:00 PM	Open daily",,,,,,,,
,"Bangalore Palace	10",,"00 AM	5:30 PM	Open daily",,,,,,,,
,"Tipu Sultan’s Summer Palace	8",,"30 AM	5:30 PM	Open daily",,,,,,,,
,"Vidhana Soudha	10",,"00 AM	5:30 PM	Closed on weekends & public holidays",,,,,,,,
,"Attara Kacheri (High Court)	9",,"00 AM	5:30 PM	Closed on weekends & public holidays",,,,,,,,
,"ISKCON Temple Bangalore	4",,"30 AM & 7:15 AM	5:20 AM & 1:15 PM & 8:00 PM	Multiple timings daily",,,,,,,,
,"Bull Temple (Dodda Basavana Gudi)	8",,"00 AM & 5:00 PM	12:00 PM & 8:00 PM	Open daily",,,,,,,,
,"Ulsoor Lake	6",,"00 AM	6:00 PM	Open daily",,,,,,,,
,"Bannerghatta National Park	9",,"00 AM	5:00 PM	Open daily",,,,,,,,
,"Nandi Hills	6",,"00 AM	6:00 PM	Open daily",,,,,,,,
,"Wonderla Amusement Park	11",,"00 AM	6:00 PM	Open daily",,,,,,,,
,"UB City Mall	10",,"00 AM	10:00 PM	Open daily",,,,,,,,
,"Orion Mall	10",,"00 AM	10:00 PM	Open daily",,,,,,,,
,"Commercial Street	10",,"00 AM	10:00 PM	Open daily",,,,,,,,
,"Brigade Road	10",,"00 AM	10:00 PM	Open daily",,,,,,,,
,"MG Road	10",,"00 AM	10:00 PM	Open daily",,,,,,,,
,"Visvesvaraya Industrial & Technological Museum	10",,"00 AM	5:30 PM	Closed on Mondays",,,,,,,,
,"Jawaharlal Nehru Planetarium	10",,"00 AM	5:30 PM	Closed on Mondays",,,,,,,,
,"HAL Aerospace Museum	10",,"00 AM	5:30 PM	Closed on Mondays",,,,,,,,
,"National Gallery of Modern Art (NGMA)	10",,"00 AM	5:00 PM	Closed on Mondays",,,,,,,,
,"Indira Gandhi Musical Fountain Park	6",,"00 PM	8:00 PM	Open daily",,,,,,,,
,"St. Mary’s Basilica	5",,"30 AM	8:00 PM	Open daily",,,,,,,,
,"St. Mark’s Cathedral	7",,"00 AM	7:00 PM	Open daily",,,,,,,,
,"Ragigudda Anjaneya Temple	6",,"00 AM & 5:30 PM	12:00 PM & 9:00 PM	Open daily",,,,,,,,
,"Dodda Ganapathi Temple	6",,"00 AM & 5:30 PM	12:00 PM & 9:00 PM	Open daily",,,,,,,,
,"Innovative Film City	10",,"00 AM	6:00 PM	Open daily",,,,,,,,
,"Sankey Tank	6",,"00 AM	6:00 PM	Open daily",,,,,,,,
,"Lumbini Gardens	10",,"00 AM	6:00 PM	Open daily",,,,,,,,
,"JP Park (Jayaprakash Narayan Park)	6",,"00 AM	6:00 PM	Open daily",,,,,,,,
,"Hesaraghatta Lake	6",,"00 AM	6:00 PM	Open daily",,,,,,,,
,"Big Banyan Tree (Dodda Alada Mara)	6",,"00 AM	6:00 PM	Open daily",,,,,,,,
,"Devanahalli Fort	6",,"00 AM	6:00 PM	Open daily",,,,,,,,
,"Art of Living International Center (Kanakapura)	4",,"00 AM	9:00 PM	Open daily",,,,,,,,
,"Chunchi Falls (nearby)	6",,"00 AM	6:00 PM	Open daily",,,,,,,,
,"Bangalore Fort (Kempegowda Fort)	6",,"00 AM	6:00 PM	Open daily",,,,,,,,
