Place,Attraction1,Attraction2,Distance_km
Aihole,Durga Temple,Lad Khan Temple,0.1082422859568435
Aihole,Durga Temple,Meguti Jain Temple,0.4359371329474097
Aihole,Lad Khan Temple,Meguti Jain Temple,0.4213587344219687
Ajanta & Ellora Caves,Ajanta Caves,Ellora Caves,81.93297942444988
Ajanta & Ellora Caves,Ajanta Caves,Kailasa Temple,82.0243539517236
Ajanta & Ellora Caves,Ajanta Caves,Grishneshwar Temple,82.64678294901182
Ajanta & Ellora Caves,Ajanta Caves,Aurangabad Caves,84.67789622132999
Ajanta & Ellora Caves,Ajanta Caves,Bibi ka Maqbara,83.18666276719952
Ajanta & Ellora Caves,Ajanta Caves,Daulatabad Fort,86.15529679276821
Ajanta & Ellora Caves,Ellora Caves,Kailasa Temple,0.3841963015063919
Ajanta & Ellora Caves,Ellora Caves,Grishneshwar Temple,0.8178704980968846
Ajanta & Ellora Caves,Ellora Caves,Aurangabad Caves,25.002603076057405
Ajanta & Ellora Caves,Ellora Caves,Bibi ka Maqbara,20.411241962268424
Ajanta & Ellora Caves,Ellora Caves,Daulatabad Fort,11.076749257755168
Ajanta & Ellora Caves,Kailasa Temple,Grishneshwar Temple,0.9934263532112786
Ajanta & Ellora Caves,Kailasa Temple,Aurangabad Caves,24.633470614636504
Ajanta & Ellora Caves,Kailasa Temple,Bibi ka Maqbara,20.04459172650362
Ajanta & Ellora Caves,Kailasa Temple,Daulatabad Fort,10.694217021681892
Ajanta & Ellora Caves,Grishneshwar Temple,Aurangabad Caves,25.44195091809941
Ajanta & Ellora Caves,Grishneshwar Temple,Bibi ka Maqbara,20.867389876905456
Ajanta & Ellora Caves,Grishneshwar Temple,Daulatabad Fort,11.254407071364918
Ajanta & Ellora Caves,Aurangabad Caves,Bibi ka Maqbara,4.617564517898708
Ajanta & Ellora Caves,Aurangabad Caves,Daulatabad Fort,15.21421048820986
Ajanta & Ellora Caves,Bibi ka Maqbara,Daulatabad Fort,11.019943614630808
Alibaug,Alibaug Beach,Kolaba Fort,2.398880394877958
Alibaug,Alibaug Beach,Nagaon Beach,7.199297075328086
Alibaug,Alibaug Beach,Kashid Beach,23.7400880993495
Alibaug,Alibaug Beach,Murud-Janjira Fort,40.81379389674722
Alibaug,Alibaug Beach,Varsoli Beach,0.726713959680918
Alibaug,Kolaba Fort,Nagaon Beach,5.459946303759541
Alibaug,Kolaba Fort,Kashid Beach,21.47762310153915
Alibaug,Kolaba Fort,Murud-Janjira Fort,38.63027056342664
Alibaug,Kolaba Fort,Varsoli Beach,2.881704724895127
Alibaug,Nagaon Beach,Kashid Beach,17.04166881809649
Alibaug,Nagaon Beach,Murud-Janjira Fort,33.8283957679942
Alibaug,Nagaon Beach,Varsoli Beach,7.893328357974359
Alibaug,Kashid Beach,Murud-Janjira Fort,17.317120174494345
Alibaug,Kashid Beach,Varsoli Beach,24.330773902261623
Alibaug,Murud-Janjira Fort,Varsoli Beach,41.43963162251013
Alleppey (Alappuzha),Alleppey Backwaters,Houseboats,0.8702560152488729
Alleppey (Alappuzha),Alleppey Backwaters,Alappuzha Beach,3.971495569803989
Alleppey (Alappuzha),Alleppey Backwaters,Marari Beach,12.034836561370902
Alleppey (Alappuzha),Alleppey Backwaters,Pathiramanal Island,1.9098314472762232
Alleppey (Alappuzha),Alleppey Backwaters,Ambalapuzha Sri Krishna Temple,13.86048912309561
Alleppey (Alappuzha),Alleppey Backwaters,St. Mary’s Forane Church,23.140338675339887
Alleppey (Alappuzha),Alleppey Backwaters,Revi Karunakaran Museum,2.86873966191011
Alleppey (Alappuzha),Houseboats,Alappuzha Beach,3.3636759717424254
Alleppey (Alappuzha),Houseboats,Marari Beach,12.41805704089155
Alleppey (Alappuzha),Houseboats,Pathiramanal Island,1.1502410417573643
Alleppey (Alappuzha),Houseboats,Ambalapuzha Sri Krishna Temple,13.248870899973856
Alleppey (Alappuzha),Houseboats,St. Mary’s Forane Church,23.68298321526073
Alleppey (Alappuzha),Houseboats,Revi Karunakaran Museum,2.219828243251861
Alleppey (Alappuzha),Alappuzha Beach,Marari Beach,11.536383576776483
Alleppey (Alappuzha),Alappuzha Beach,Pathiramanal Island,2.253208636287669
Alleppey (Alappuzha),Alappuzha Beach,Ambalapuzha Sri Krishna Temple,14.086134350901208
Alleppey (Alappuzha),Alappuzha Beach,St. Mary’s Forane Church,23.25394739509902
Alleppey (Alappuzha),Alappuzha Beach,Revi Karunakaran Museum,1.1477534197105066
Alleppey (Alappuzha),Marari Beach,Pathiramanal Island,12.259831558769893
Alleppey (Alappuzha),Marari Beach,Ambalapuzha Sri Krishna Temple,25.436179756428142
Alleppey (Alappuzha),Marari Beach,St. Mary’s Forane Church,11.773903525859309
Alleppey (Alappuzha),Marari Beach,Revi Karunakaran Museum,11.811124070821364
Alleppey (Alappuzha),Pathiramanal Island,Ambalapuzha Sri Krishna Temple,13.20164832937088
Alleppey (Alappuzha),Pathiramanal Island,St. Mary’s Forane Church,23.729251684348743
Alleppey (Alappuzha),Pathiramanal Island,Revi Karunakaran Museum,1.1075138122989734
Alleppey (Alappuzha),Ambalapuzha Sri Krishna Temple,St. Mary’s Forane Church,36.91191811210223
Alleppey (Alappuzha),Ambalapuzha Sri Krishna Temple,Revi Karunakaran Museum,13.64088459197019
Alleppey (Alappuzha),St. Mary’s Forane Church,Revi Karunakaran Museum,23.422969146058136
Amaravati,Amaravati Stupa,Amareswara Temple,18.49056387251519
Amaravati,Amaravati Stupa,Undavalli Caves,7.264218099001078
Amaravati,Amaravati Stupa,Kondapalli Fort,12.472488833169928
Amaravati,Amaravati Stupa,Bhavani Island (Krishna River),6.604532142085446
Amaravati,Amaravati Stupa,Prakasam Barrage,9.524270876578052
Amaravati,Amareswara Temple,Undavalli Caves,25.70265349212993
Amaravati,Amareswara Temple,Kondapalli Fort,19.18791405231361
Amaravati,Amareswara Temple,Bhavani Island (Krishna River),24.3531524438866
Amaravati,Amareswara Temple,Prakasam Barrage,27.72431234434984
Amaravati,Undavalli Caves,Kondapalli Fort,15.30023747931748
Amaravati,Undavalli Caves,Bhavani Island (Krishna River),2.92109111559238
Amaravati,Undavalli Caves,Prakasam Barrage,2.6346559833212644
Amaravati,Kondapalli Fort,Bhavani Island (Krishna River),12.452456414666774
Amaravati,Kondapalli Fort,Prakasam Barrage,15.53871165278175
Amaravati,Bhavani Island (Krishna River),Prakasam Barrage,3.5299965116543066
Anantapur,Lepakshi,Penukonda Fort,62.61397604511788
Anantapur,Lepakshi,Dharmavaram Silk Weaving,25.72854374666073
Anantapur,Lepakshi,ISKCON Temple,9.934169675341494
Anantapur,Penukonda Fort,Dharmavaram Silk Weaving,40.89712127785611
Anantapur,Penukonda Fort,ISKCON Temple,72.16062969060165
Anantapur,Dharmavaram Silk Weaving,ISKCON Temple,35.59014779482094
Araku Valley,Borra Caves,Coffee Plantations,5.761136946869189
Araku Valley,Borra Caves,Tribal Museum,17.64941322894891
Araku Valley,Borra Caves,Katiki Waterfalls,15.470998383092036
Araku Valley,Borra Caves,Padmapuram Gardens,48.27483542980679
Araku Valley,Borra Caves,Chaparai Waterfalls,11.689040766615308
Araku Valley,Coffee Plantations,Tribal Museum,13.89086120527141
Araku Valley,Coffee Plantations,Katiki Waterfalls,11.735982555712056
Araku Valley,Coffee Plantations,Padmapuram Gardens,50.60732135169614
Araku Valley,Coffee Plantations,Chaparai Waterfalls,7.402214078498789
Araku Valley,Tribal Museum,Katiki Waterfalls,2.193051264995879
Araku Valley,Tribal Museum,Padmapuram Gardens,45.08492832519208
Araku Valley,Tribal Museum,Chaparai Waterfalls,6.504328600610577
Araku Valley,Katiki Waterfalls,Padmapuram Gardens,45.35550979509161
Araku Valley,Katiki Waterfalls,Chaparai Waterfalls,4.391893949017203
Araku Valley,Padmapuram Gardens,Chaparai Waterfalls,47.54438486966777
Aurangabad,Aurangabad Caves,Bibi ka Maqbara,2.2535417679231973
Aurangabad,Aurangabad Caves,Daulatabad Fort,10.263395808194929
Aurangabad,Aurangabad Caves,Panchakki,3.585457182612288
Aurangabad,Aurangabad Caves,Soneri Mahal,1.921499829283953
Aurangabad,Bibi ka Maqbara,Daulatabad Fort,11.019938717627763
Aurangabad,Bibi ka Maqbara,Panchakki,1.4172328399850185
Aurangabad,Bibi ka Maqbara,Soneri Mahal,1.2790848417720495
Aurangabad,Daulatabad Fort,Panchakki,11.105977203318318
Aurangabad,Daulatabad Fort,Soneri Mahal,9.749803140270854
Aurangabad,Panchakki,Soneri Mahal,2.0087789940979115
Badami,Cave Temples,Agastya Lake,0.0810378621709055
Badami,Cave Temples,Bhutanatha Temples,0.4502380197273075
Badami,Cave Temples,Badami Fort,0.6763867134361936
Badami,Agastya Lake,Bhutanatha Temples,0.4481846318539891
Badami,Agastya Lake,Badami Fort,0.6210114767017142
Badami,Bhutanatha Temples,Badami Fort,1.016273239541159
Bengaluru,Lalbagh Botanical Garden,Cubbon Park,3.74638517438621
Bengaluru,Lalbagh Botanical Garden,Bangalore Palace,5.559280896522463
Bengaluru,Lalbagh Botanical Garden,Tipu Sultan’s Summer Palace,1.841971892052909
Bengaluru,Lalbagh Botanical Garden,Vidhana Soudha,3.4591760727655907
Bengaluru,Lalbagh Botanical Garden,Attara Kacheri (High Court),3.2889464994802102
Bengaluru,Lalbagh Botanical Garden,ISKCON Temple Bangalore,7.98969461775161
Bengaluru,Lalbagh Botanical Garden,Bull Temple (Dodda Basavana Gudi),2.120169772586734
Bengaluru,Lalbagh Botanical Garden,Ulsoor Lake,5.113019249293252
Bengaluru,Lalbagh Botanical Garden,Bannerghatta National Park,46.460927295466455
Bengaluru,Lalbagh Botanical Garden,Nandi Hills,64.52857314245263
Bengaluru,Lalbagh Botanical Garden,Wonderla Amusement Park,23.917541248082134
Bengaluru,Lalbagh Botanical Garden,UB City Mall,2.796173174279538
Bengaluru,Lalbagh Botanical Garden,Orion Mall,7.715975157531377
Bengaluru,Lalbagh Botanical Garden,Commercial Street,4.376425348989605
Bengaluru,Lalbagh Botanical Garden,Brigade Road,3.5488318650421657
Bengaluru,Lalbagh Botanical Garden,MG Road,3.667467132573177
Bengaluru,Lalbagh Botanical Garden,Visvesvaraya Industrial & Technological Museum,3.107723478389224
Bengaluru,Lalbagh Botanical Garden,Jawaharlal Nehru Planetarium,3.982541961159389
Bengaluru,Lalbagh Botanical Garden,HAL Aerospace Museum,10.256325652773818
Bengaluru,Lalbagh Botanical Garden,National Gallery of Modern Art (NGMA),4.524145370504884
Bengaluru,Lalbagh Botanical Garden,Indira Gandhi Musical Fountain Park,4.093398585439532
Bengaluru,Lalbagh Botanical Garden,St. Mary’s Basilica,4.379248961656668
Bengaluru,Lalbagh Botanical Garden,St. Mark’s Cathedral,3.368952689460677
Bengaluru,Lalbagh Botanical Garden,Ragigudda Anjaneya Temple,3.874883351475333
Bengaluru,Lalbagh Botanical Garden,Dodda Ganapathi Temple,2.2322712907726494
Bengaluru,Lalbagh Botanical Garden,Innovative Film City,26.664209010933284
Bengaluru,Lalbagh Botanical Garden,Sankey Tank,6.945530638098242
Bengaluru,Lalbagh Botanical Garden,Lumbini Gardens,10.80224624528264
Bengaluru,Lalbagh Botanical Garden,JP Park (Jayaprakash Narayan Park),10.29121866989894
Bengaluru,Lalbagh Botanical Garden,Hesaraghatta Lake,26.347588775392165
Bengaluru,Lalbagh Botanical Garden,Big Banyan Tree (Dodda Alada Mara),21.18198710084236
Bengaluru,Lalbagh Botanical Garden,Devanahalli Fort,35.891231084624884
Bengaluru,Lalbagh Botanical Garden,Art of Living International Center (Kanakapura),15.990688992527923
Bengaluru,Lalbagh Botanical Garden,Chunchi Falls (nearby),68.15848472503782
Bengaluru,Lalbagh Botanical Garden,Bangalore Fort (Kempegowda Fort),30.589507935181185
Bengaluru,Lalbagh Botanical Garden,Jawaharlal Nehru Planetarium,3.982541961159389
Bengaluru,Cubbon Park,Bangalore Palace,2.058073796649276
Bengaluru,Cubbon Park,Tipu Sultan’s Summer Palace,3.528706449560177
Bengaluru,Cubbon Park,Vidhana Soudha,0.763335187926963
Bengaluru,Cubbon Park,Attara Kacheri (High Court),0.6266200075648846
Bengaluru,Cubbon Park,ISKCON Temple Bangalore,6.068114797927644
Bengaluru,Cubbon Park,Bull Temple (Dodda Basavana Gudi),5.357505147420389
Bengaluru,Cubbon Park,Ulsoor Lake,2.3468408382599617
Bengaluru,Cubbon Park,Bannerghatta National Park,50.12473311397703
Bengaluru,Cubbon Park,Nandi Hills,60.83225387786884
Bengaluru,Cubbon Park,Wonderla Amusement Park,26.898473542801604
Bengaluru,Cubbon Park,UB City Mall,0.964870861207332
Bengaluru,Cubbon Park,Orion Mall,5.681439149884018
Bengaluru,Cubbon Park,Commercial Street,1.169333525462018
Bengaluru,Cubbon Park,Brigade Road,1.3459874095509536
Bengaluru,Cubbon Park,MG Road,1.164581413750639
Bengaluru,Cubbon Park,Visvesvaraya Industrial & Technological Museum,0.6443222122852067
Bengaluru,Cubbon Park,Jawaharlal Nehru Planetarium,0.9281265614507472
Bengaluru,Cubbon Park,HAL Aerospace Museum,9.497255402180166
Bengaluru,Cubbon Park,National Gallery of Modern Art (NGMA),1.4033834553872984
Bengaluru,Cubbon Park,Indira Gandhi Musical Fountain Park,0.8088944884378937
Bengaluru,Cubbon Park,St. Mary’s Basilica,0.8251258647177974
Bengaluru,Cubbon Park,St. Mark’s Cathedral,0.6063163296535141
Bengaluru,Cubbon Park,Ragigudda Anjaneya Temple,7.3690094015447665
Bengaluru,Cubbon Park,Dodda Ganapathi Temple,5.933335118843247
Bengaluru,Cubbon Park,Innovative Film City,30.072709359595667
Bengaluru,Cubbon Park,Sankey Tank,4.135407179511841
Bengaluru,Cubbon Park,Lumbini Gardens,7.072915178188457
Bengaluru,Cubbon Park,JP Park (Jayaprakash Narayan Park),7.817435834068755
Bengaluru,Cubbon Park,Hesaraghatta Lake,23.64257426563321
Bengaluru,Cubbon Park,Big Banyan Tree (Dodda Alada Mara),23.2773325645577
Bengaluru,Cubbon Park,Devanahalli Fort,32.15423236926661
Bengaluru,Cubbon Park,Art of Living International Center (Kanakapura),19.657295521842126
Bengaluru,Cubbon Park,Chunchi Falls (nearby),71.89134754842728
Bengaluru,Cubbon Park,Bangalore Fort (Kempegowda Fort),26.87754834170648
Bengaluru,Cubbon Park,Jawaharlal Nehru Planetarium,0.9281265614507472
Bengaluru,Bangalore Palace,Tipu Sultan’s Summer Palace,4.798708328697654
Bengaluru,Bangalore Palace,Vidhana Soudha,2.101442934161632
Bengaluru,Bangalore Palace,Attara Kacheri (High Court),2.303994405651162
Bengaluru,Bangalore Palace,ISKCON Temple Bangalore,4.635942539969748
Bengaluru,Bangalore Palace,Bull Temple (Dodda Basavana Gudi),6.805033929509997
Bengaluru,Bangalore Palace,Ulsoor Lake,3.4505339954154333
Bengaluru,Bangalore Palace,Bannerghatta National Park,52.02015256658426
Bengaluru,Bangalore Palace,Nandi Hills,58.97849289686346
Bengaluru,Bangalore Palace,Wonderla Amusement Park,27.67743848432181
Bengaluru,Bangalore Palace,UB City Mall,2.9538643826196167
Bengaluru,Bangalore Palace,Orion Mall,4.221213123066158
Bengaluru,Bangalore Palace,Commercial Street,2.5315861753213134
Bengaluru,Bangalore Palace,Brigade Road,3.2431627066797697
Bengaluru,Bangalore Palace,MG Road,3.0240922399125005
Bengaluru,Bangalore Palace,Visvesvaraya Industrial & Technological Museum,2.6440692761395126
Bengaluru,Bangalore Palace,Jawaharlal Nehru Planetarium,1.5792774477759
Bengaluru,Bangalore Palace,HAL Aerospace Museum,10.789464789762537
Bengaluru,Bangalore Palace,National Gallery of Modern Art (NGMA),1.0943579388488207
Bengaluru,Bangalore Palace,Indira Gandhi Musical Fountain Park,1.4715375677731872
Bengaluru,Bangalore Palace,St. Mary’s Basilica,2.063090600024253
Bengaluru,Bangalore Palace,St. Mark’s Cathedral,2.65274299833188
Bengaluru,Bangalore Palace,Ragigudda Anjaneya Temple,9.33011060564851
Bengaluru,Bangalore Palace,Dodda Ganapathi Temple,7.617893548717916
Bengaluru,Bangalore Palace,Innovative Film City,31.212812531509798
Bengaluru,Bangalore Palace,Sankey Tank,2.345487243523217
Bengaluru,Bangalore Palace,Lumbini Gardens,5.3487439979739
Bengaluru,Bangalore Palace,JP Park (Jayaprakash Narayan Park),5.983543521707465
Bengaluru,Bangalore Palace,Hesaraghatta Lake,21.63250314791843
Bengaluru,Bangalore Palace,Big Banyan Tree (Dodda Alada Mara),23.47304736035913
Bengaluru,Bangalore Palace,Devanahalli Fort,30.588661090235597
Bengaluru,Bangalore Palace,Art of Living International Center (Kanakapura),21.14725364663471
Bengaluru,Bangalore Palace,Chunchi Falls (nearby),73.67662742062005
Bengaluru,Bangalore Palace,Bangalore Fort (Kempegowda Fort),25.41840169576613
Bengaluru,Bangalore Palace,Jawaharlal Nehru Planetarium,1.5792774477759
Bengaluru,Tipu Sultan’s Summer Palace,Vidhana Soudha,2.9203744099582165
Bengaluru,Tipu Sultan’s Summer Palace,Attara Kacheri (High Court),2.915043661307924
Bengaluru,Tipu Sultan’s Summer Palace,ISKCON Temple Bangalore,6.321983116096543
Bengaluru,Tipu Sultan’s Summer Palace,Bull Temple (Dodda Basavana Gudi),2.023776341194798
Bengaluru,Tipu Sultan’s Summer Palace,Ulsoor Lake,5.555516766487943
Bengaluru,Tipu Sultan’s Summer Palace,Bannerghatta National Park,47.50663819881841
Bengaluru,Tipu Sultan’s Summer Palace,Nandi Hills,63.62086962536297
Bengaluru,Tipu Sultan’s Summer Palace,Wonderla Amusement Park,23.38953110654761
Bengaluru,Tipu Sultan’s Summer Palace,UB City Mall,2.828312537271283
Bengaluru,Tipu Sultan’s Summer Palace,Orion Mall,6.087035074521601
Bengaluru,Tipu Sultan’s Summer Palace,Commercial Street,4.53165080722081
Bengaluru,Tipu Sultan’s Summer Palace,Brigade Road,3.995629641524421
Bengaluru,Tipu Sultan’s Summer Palace,MG Road,4.014000951771721
Bengaluru,Tipu Sultan’s Summer Palace,Visvesvaraya Industrial & Technological Museum,3.031607184514902
Bengaluru,Tipu Sultan’s Summer Palace,Jawaharlal Nehru Planetarium,3.308739819976042
Bengaluru,Tipu Sultan’s Summer Palace,HAL Aerospace Museum,11.664876897604762
Bengaluru,Tipu Sultan’s Summer Palace,National Gallery of Modern Art (NGMA),3.704960904671694
Bengaluru,Tipu Sultan’s Summer Palace,Indira Gandhi Musical Fountain Park,3.4918497368880024
Bengaluru,Tipu Sultan’s Summer Palace,St. Mary’s Basilica,4.331966724861981
Bengaluru,Tipu Sultan’s Summer Palace,St. Mark’s Cathedral,3.442414105990689
Bengaluru,Tipu Sultan’s Summer Palace,Ragigudda Anjaneya Temple,5.427233687130656
Bengaluru,Tipu Sultan’s Summer Palace,Dodda Ganapathi Temple,3.0516139200319787
Bengaluru,Tipu Sultan’s Summer Palace,Innovative Film City,26.56693276921912
Bengaluru,Tipu Sultan’s Summer Palace,Sankey Tank,5.636991412507127
Bengaluru,Tipu Sultan’s Summer Palace,Lumbini Gardens,10.14460601906582
Bengaluru,Tipu Sultan’s Summer Palace,JP Park (Jayaprakash Narayan Park),8.718534409926663
Bengaluru,Tipu Sultan’s Summer Palace,Hesaraghatta Lake,24.73606771132505
Bengaluru,Tipu Sultan’s Summer Palace,Big Banyan Tree (Dodda Alada Mara),20.07491126398464
Bengaluru,Tipu Sultan’s Summer Palace,Devanahalli Fort,35.38731676475891
Bengaluru,Tipu Sultan’s Summer Palace,Art of Living International Center (Kanakapura),16.34859876025707
Bengaluru,Tipu Sultan’s Summer Palace,Chunchi Falls (nearby),68.98972988150342
Bengaluru,Tipu Sultan’s Summer Palace,Bangalore Fort (Kempegowda Fort),30.201502203123177
Bengaluru,Tipu Sultan’s Summer Palace,Jawaharlal Nehru Planetarium,3.308739819976042
Bengaluru,Vidhana Soudha,Attara Kacheri (High Court),0.3040285859607589
Bengaluru,Vidhana Soudha,ISKCON Temple Bangalore,5.546577796915555
Bengaluru,Vidhana Soudha,Bull Temple (Dodda Basavana Gudi),4.844537199246918
Bengaluru,Vidhana Soudha,Ulsoor Lake,3.1074433834323547
Bengaluru,Vidhana Soudha,Bannerghatta National Park,49.91933612482471
Bengaluru,Vidhana Soudha,Nandi Hills,61.07202309118181
Bengaluru,Vidhana Soudha,Wonderla Amusement Park,26.224271385237568
Bengaluru,Vidhana Soudha,UB City Mall,1.016879788401352
Bengaluru,Vidhana Soudha,Orion Mall,5.177450066045138
Bengaluru,Vidhana Soudha,Commercial Street,1.9323020841007883
Bengaluru,Vidhana Soudha,Brigade Road,1.9520044004408768
Bengaluru,Vidhana Soudha,MG Road,1.81418178613758
Bengaluru,Vidhana Soudha,Visvesvaraya Industrial & Technological Museum,0.8062217857584999
Bengaluru,Vidhana Soudha,Jawaharlal Nehru Planetarium,0.5402635402939141
Bengaluru,Vidhana Soudha,HAL Aerospace Museum,10.184108614335043
Bengaluru,Vidhana Soudha,National Gallery of Modern Art (NGMA),1.1202977264840377
Bengaluru,Vidhana Soudha,Indira Gandhi Musical Fountain Park,0.6353201906533015
Bengaluru,Vidhana Soudha,St. Mary’s Basilica,1.5676937421113937
Bengaluru,Vidhana Soudha,St. Mark’s Cathedral,1.1265503370128829
Bengaluru,Vidhana Soudha,Ragigudda Anjaneya Temple,7.241088245315741
Bengaluru,Vidhana Soudha,Dodda Ganapathi Temple,5.553803683111731
Bengaluru,Vidhana Soudha,Innovative Film City,29.486648626775374
Bengaluru,Vidhana Soudha,Sankey Tank,3.82569824672657
Bengaluru,Vidhana Soudha,Lumbini Gardens,7.379330325054929
Bengaluru,Vidhana Soudha,JP Park (Jayaprakash Narayan Park),7.456741299599586
Bengaluru,Vidhana Soudha,Hesaraghatta Lake,23.402545826581424
Bengaluru,Vidhana Soudha,Big Banyan Tree (Dodda Alada Mara),22.526702014516943
Bengaluru,Vidhana Soudha,Devanahalli Fort,32.564202798691184
Bengaluru,Vidhana Soudha,Art of Living International Center (Kanakapura),19.193617045400316
Bengaluru,Vidhana Soudha,Chunchi Falls (nearby),71.59794602383039
Bengaluru,Vidhana Soudha,Bangalore Fort (Kempegowda Fort),27.332382447046715
Bengaluru,Vidhana Soudha,Jawaharlal Nehru Planetarium,0.5402635402939141
Bengaluru,Attara Kacheri (High Court),ISKCON Temple Bangalore,5.850263108022567
Bengaluru,Attara Kacheri (High Court),Bull Temple (Dodda Basavana Gudi),4.782431407005222
Bengaluru,Attara Kacheri (High Court),Ulsoor Lake,2.914057832031453
Bengaluru,Attara Kacheri (High Court),Bannerghatta National Park,49.7355719764597
Bengaluru,Attara Kacheri (High Court),Nandi Hills,61.24197176103176
Bengaluru,Attara Kacheri (High Court),Wonderla Amusement Park,26.274234347734648
Bengaluru,Attara Kacheri (High Court),UB City Mall,0.7211672905479913
Bengaluru,Attara Kacheri (High Court),Orion Mall,5.481455114131972
Bengaluru,Attara Kacheri (High Court),Commercial Street,1.7575369145630182
Bengaluru,Attara Kacheri (High Court),Brigade Road,1.6752453377344871
Bengaluru,Attara Kacheri (High Court),MG Road,1.5519846194093656
Bengaluru,Attara Kacheri (High Court),Visvesvaraya Industrial & Technological Museum,0.503462798259906
Bengaluru,Attara Kacheri (High Court),Jawaharlal Nehru Planetarium,0.8011093038996723
Bengaluru,Attara Kacheri (High Court),HAL Aerospace Museum,9.915679654320932
Bengaluru,Attara Kacheri (High Court),National Gallery of Modern Art (NGMA),1.3850522476191636
Bengaluru,Attara Kacheri (High Court),Indira Gandhi Musical Fountain Park,0.8388200021956164
Bengaluru,Attara Kacheri (High Court),St. Mary’s Basilica,1.4508431064803853
Bengaluru,Attara Kacheri (High Court),St. Mark’s Cathedral,0.8527395127681566
Bengaluru,Attara Kacheri (High Court),Ragigudda Anjaneya Temple,7.026197907623106
Bengaluru,Attara Kacheri (High Court),Dodda Ganapathi Temple,5.427108926493476
Bengaluru,Attara Kacheri (High Court),Innovative Film City,29.47317915964921
Bengaluru,Attara Kacheri (High Court),Sankey Tank,4.114867491455264
Bengaluru,Attara Kacheri (High Court),Lumbini Gardens,7.518063314885363
Bengaluru,Attara Kacheri (High Court),JP Park (Jayaprakash Narayan Park),7.754550670400636
Bengaluru,Attara Kacheri (High Court),Hesaraghatta Lake,23.688391359640327
Bengaluru,Attara Kacheri (High Court),Big Banyan Tree (Dodda Alada Mara),22.665604315082373
Bengaluru,Attara Kacheri (High Court),Devanahalli Fort,32.666756088222805
Bengaluru,Attara Kacheri (High Court),Art of Living International Center (Kanakapura),19.11199782535242
Bengaluru,Attara Kacheri (High Court),Chunchi Falls (nearby),71.4455329850796
Bengaluru,Attara Kacheri (High Court),Bangalore Fort (Kempegowda Fort),27.414157479345796
Bengaluru,Attara Kacheri (High Court),Jawaharlal Nehru Planetarium,0.8011093038996723
Bengaluru,ISKCON Temple Bangalore,Bull Temple (Dodda Basavana Gudi),8.016485445427154
Bengaluru,ISKCON Temple Bangalore,Ulsoor Lake,8.036147906546857
Bengaluru,ISKCON Temple Bangalore,Bannerghatta National Park,53.25975307068752
Bengaluru,ISKCON Temple Bangalore,Nandi Hills,58.40296181475806
Bengaluru,ISKCON Temple Bangalore,Wonderla Amusement Park,25.658367000572078
Bengaluru,ISKCON Temple Bangalore,UB City Mall,6.537634604601968
Bengaluru,ISKCON Temple Bangalore,Orion Mall,0.416509861476005
Bengaluru,ISKCON Temple Bangalore,Commercial Street,6.981933622761851
Bengaluru,ISKCON Temple Bangalore,Brigade Road,7.413266479830655
Bengaluru,ISKCON Temple Bangalore,MG Road,7.230626077401529
Bengaluru,ISKCON Temple Bangalore,Visvesvaraya Industrial & Technological Museum,6.352607217936494
Bengaluru,ISKCON Temple Bangalore,Jawaharlal Nehru Planetarium,5.152345429444586
Bengaluru,ISKCON Temple Bangalore,HAL Aerospace Museum,15.395854596096962
Bengaluru,ISKCON Temple Bangalore,National Gallery of Modern Art (NGMA),4.684881785873145
Bengaluru,ISKCON Temple Bangalore,Indira Gandhi Musical Fountain Park,5.260812500690771
Bengaluru,ISKCON Temple Bangalore,St. Mary’s Basilica,6.487216180869359
Bengaluru,ISKCON Temple Bangalore,St. Mark’s Cathedral,6.619921057850077
Bengaluru,ISKCON Temple Bangalore,Ragigudda Anjaneya Temple,11.748107519962169
Bengaluru,ISKCON Temple Bangalore,Dodda Ganapathi Temple,9.270598771706718
Bengaluru,ISKCON Temple Bangalore,Innovative Film City,30.007372465815227
Bengaluru,ISKCON Temple Bangalore,Sankey Tank,2.4305162788665187
Bengaluru,ISKCON Temple Bangalore,Lumbini Gardens,7.26840012385618
Bengaluru,ISKCON Temple Bangalore,JP Park (Jayaprakash Narayan Park),2.516686342292664
Bengaluru,ISKCON Temple Bangalore,Hesaraghatta Lake,18.417085217568687
Bengaluru,ISKCON Temple Bangalore,Big Banyan Tree (Dodda Alada Mara),20.362661186447426
Bengaluru,ISKCON Temple Bangalore,Devanahalli Fort,31.426036594851837
Bengaluru,ISKCON Temple Bangalore,Art of Living International Center (Kanakapura),21.161960860727504
Bengaluru,ISKCON Temple Bangalore,Chunchi Falls (nearby),74.31343714488189
Bengaluru,ISKCON Temple Bangalore,Bangalore Fort (Kempegowda Fort),26.68706479528952
Bengaluru,ISKCON Temple Bangalore,Jawaharlal Nehru Planetarium,5.152345429444586
Bengaluru,Bull Temple (Dodda Basavana Gudi),Ulsoor Lake,7.09132711007151
Bengaluru,Bull Temple (Dodda Basavana Gudi),Bannerghatta National Park,45.52779824919975
Bengaluru,Bull Temple (Dodda Basavana Gudi),Nandi Hills,65.6367809437785
Bengaluru,Bull Temple (Dodda Basavana Gudi),Wonderla Amusement Park,21.834566727070158
Bengaluru,Bull Temple (Dodda Basavana Gudi),UB City Mall,4.512993218471124
Bengaluru,Bull Temple (Dodda Basavana Gudi),Orion Mall,7.836200037490144
Bengaluru,Bull Temple (Dodda Basavana Gudi),Commercial Street,6.2146258754493005
Bengaluru,Bull Temple (Dodda Basavana Gudi),Brigade Road,5.498404513852442
Bengaluru,Bull Temple (Dodda Basavana Gudi),MG Road,5.577833890632929
Bengaluru,Bull Temple (Dodda Basavana Gudi),Visvesvaraya Industrial & Technological Museum,4.7792706745801965
Bengaluru,Bull Temple (Dodda Basavana Gudi),Jawaharlal Nehru Planetarium,5.280497149262846
Bengaluru,Bull Temple (Dodda Basavana Gudi),HAL Aerospace Museum,12.293769938615116
Bengaluru,Bull Temple (Dodda Basavana Gudi),National Gallery of Modern Art (NGMA),5.710865785955142
Bengaluru,Bull Temple (Dodda Basavana Gudi),Indira Gandhi Musical Fountain Park,5.449347373530471
Bengaluru,Bull Temple (Dodda Basavana Gudi),St. Mary’s Basilica,6.109211608628361
Bengaluru,Bull Temple (Dodda Basavana Gudi),St. Mark’s Cathedral,5.135482871240167
Bengaluru,Bull Temple (Dodda Basavana Gudi),Ragigudda Anjaneya Temple,4.072696882451435
Bengaluru,Bull Temple (Dodda Basavana Gudi),Dodda Ganapathi Temple,1.334297937730461
Bengaluru,Bull Temple (Dodda Basavana Gudi),Innovative Film City,24.743048699511142
Bengaluru,Bull Temple (Dodda Basavana Gudi),Sankey Tank,7.607536030977557
Bengaluru,Bull Temple (Dodda Basavana Gudi),Lumbini Gardens,12.15377633984947
Bengaluru,Bull Temple (Dodda Basavana Gudi),JP Park (Jayaprakash Narayan Park),10.490784851817644
Bengaluru,Bull Temple (Dodda Basavana Gudi),Hesaraghatta Lake,26.393456915904544
Bengaluru,Bull Temple (Dodda Basavana Gudi),Big Banyan Tree (Dodda Alada Mara),19.09696761561421
Bengaluru,Bull Temple (Dodda Basavana Gudi),Devanahalli Fort,37.38632811433151
Bengaluru,Bull Temple (Dodda Basavana Gudi),Art of Living International Center (Kanakapura),14.355036713218537
Bengaluru,Bull Temple (Dodda Basavana Gudi),Chunchi Falls (nearby),66.9706296821765
Bengaluru,Bull Temple (Dodda Basavana Gudi),Bangalore Fort (Kempegowda Fort),32.175014791658434
Bengaluru,Bull Temple (Dodda Basavana Gudi),Jawaharlal Nehru Planetarium,5.280497149262846
Bengaluru,Ulsoor Lake,Bannerghatta National Park,50.60297059367221
Bengaluru,Ulsoor Lake,Nandi Hills,60.37247943884272
Bengaluru,Ulsoor Lake,Wonderla Amusement Park,28.891576528850653
Bengaluru,Ulsoor Lake,UB City Mall,2.736726042212842
Bengaluru,Ulsoor Lake,Orion Mall,7.627088829769386
Bengaluru,Ulsoor Lake,Commercial Street,1.1813633310402445
Bengaluru,Ulsoor Lake,Brigade Road,1.5941579160483703
Bengaluru,Ulsoor Lake,MG Road,1.542977343951024
Bengaluru,Ulsoor Lake,Visvesvaraya Industrial & Technological Museum,2.590750163727263
Bengaluru,Ulsoor Lake,Jawaharlal Nehru Planetarium,3.1845486627702804
Bengaluru,Ulsoor Lake,HAL Aerospace Museum,7.35973226587486
Bengaluru,Ulsoor Lake,National Gallery of Modern Art (NGMA),3.4577562220600493
Bengaluru,Ulsoor Lake,Indira Gandhi Musical Fountain Park,2.9974140567704697
Bengaluru,Ulsoor Lake,St. Mary’s Basilica,1.6292567527027817
Bengaluru,Ulsoor Lake,St. Mark’s Cathedral,2.154033478061535
Bengaluru,Ulsoor Lake,Ragigudda Anjaneya Temple,8.001752817306615
Bengaluru,Ulsoor Lake,Dodda Ganapathi Temple,7.318819267045137
Bengaluru,Ulsoor Lake,Innovative Film City,31.77662229542261
Bengaluru,Ulsoor Lake,Sankey Tank,5.795697773698858
Bengaluru,Ulsoor Lake,Lumbini Gardens,6.839875579572211
Bengaluru,Ulsoor Lake,JP Park (Jayaprakash Narayan Park),9.398397189247444
Bengaluru,Ulsoor Lake,Hesaraghatta Lake,24.71857567681304
Bengaluru,Ulsoor Lake,Big Banyan Tree (Dodda Alada Mara),25.542703568609166
Bengaluru,Ulsoor Lake,Devanahalli Fort,31.18429287223837
Bengaluru,Ulsoor Lake,Art of Living International Center (Kanakapura),21.018506546592
Bengaluru,Ulsoor Lake,Chunchi Falls (nearby),72.6239464606957
Bengaluru,Ulsoor Lake,Bangalore Fort (Kempegowda Fort),25.771780726767947
Bengaluru,Ulsoor Lake,Jawaharlal Nehru Planetarium,3.1845486627702804
Bengaluru,Bannerghatta National Park,Nandi Hills,110.9412997310646
Bengaluru,Bannerghatta National Park,Wonderla Amusement Park,37.09465570092945
Bengaluru,Bannerghatta National Park,UB City Mall,49.161185007079645
Bengaluru,Bannerghatta National Park,Orion Mall,53.16852816534913
Bengaluru,Bannerghatta National Park,Commercial Street,50.41540425900823
Bengaluru,Bannerghatta National Park,Brigade Road,49.456971819616825
Bengaluru,Bannerghatta National Park,MG Road,49.654007278416906
Bengaluru,Bannerghatta National Park,Visvesvaraya Industrial & Technological Museum,49.4825856070393
Bengaluru,Bannerghatta National Park,Jawaharlal Nehru Planetarium,50.44309477199718
Bengaluru,Bannerghatta National Park,HAL Aerospace Museum,49.2329114447864
Bengaluru,Bannerghatta National Park,National Gallery of Modern Art (NGMA),50.97607064174215
Bengaluru,Bannerghatta National Park,Indira Gandhi Musical Fountain Park,50.55242954428444
Bengaluru,Bannerghatta National Park,St. Mary’s Basilica,50.59776625689511
Bengaluru,Bannerghatta National Park,St. Mark’s Cathedral,49.63660490428767
Bengaluru,Bannerghatta National Park,Ragigudda Anjaneya Temple,42.77131483167727
Bengaluru,Bannerghatta National Park,Dodda Ganapathi Temple,44.48576971767795
Bengaluru,Bannerghatta National Park,Innovative Film City,30.57828338133879
Bengaluru,Bannerghatta National Park,Sankey Tank,53.13422529031004
Bengaluru,Bannerghatta National Park,Lumbini Gardens,57.17559794170487
Bengaluru,Bannerghatta National Park,JP Park (Jayaprakash Narayan Park),55.77488079506558
Bengaluru,Bannerghatta National Park,Hesaraghatta Lake,70.76239054038902
Bengaluru,Bannerghatta National Park,Big Banyan Tree (Dodda Alada Mara),44.93818785132776
Bengaluru,Bannerghatta National Park,Devanahalli Fort,81.52768389098027
Bengaluru,Bannerghatta National Park,Art of Living International Center (Kanakapura),32.789797695753215
Bengaluru,Bannerghatta National Park,Chunchi Falls (nearby),22.91970378972615
Bengaluru,Bannerghatta National Park,Bangalore Fort (Kempegowda Fort),75.95114625840138
Bengaluru,Bannerghatta National Park,Jawaharlal Nehru Planetarium,50.44309477199718
Bengaluru,Nandi Hills,Wonderla Amusement Park,82.22019661056731
Bengaluru,Nandi Hills,UB City Mall,61.79696961697527
Bengaluru,Nandi Hills,Orion Mall,58.40316520053771
Bengaluru,Nandi Hills,Commercial Street,60.52663698733807
Bengaluru,Nandi Hills,Brigade Road,61.485419922007445
Bengaluru,Nandi Hills,MG Road,61.28765153023777
Bengaluru,Nandi Hills,Visvesvaraya Industrial & Technological Museum,61.47584585165827
Bengaluru,Nandi Hills,Jawaharlal Nehru Planetarium,60.55765581404244
Bengaluru,Nandi Hills,HAL Aerospace Museum,63.00234512216978
Bengaluru,Nandi Hills,National Gallery of Modern Art (NGMA),60.04288327793488
Bengaluru,Nandi Hills,Indira Gandhi Musical Fountain Park,60.43688632820031
Bengaluru,Nandi Hills,St. Mary’s Basilica,60.344743520057726
Bengaluru,Nandi Hills,St. Mark’s Cathedral,61.310444506334186
Bengaluru,Nandi Hills,Ragigudda Anjaneya Temple,68.17231247630167
Bengaluru,Nandi Hills,Dodda Ganapathi Temple,66.57863494258027
Bengaluru,Nandi Hills,Innovative Film City,87.66615681425127
Bengaluru,Nandi Hills,Sankey Tank,58.0816671575482
Bengaluru,Nandi Hills,Lumbini Gardens,53.76957258797157
Bengaluru,Nandi Hills,JP Park (Jayaprakash Narayan Park),55.97713211399456
Bengaluru,Nandi Hills,Hesaraghatta Lake,44.35698986313788
Bengaluru,Nandi Hills,Big Banyan Tree (Dodda Alada Mara),74.72187098071929
Bengaluru,Nandi Hills,Devanahalli Fort,30.62284178296551
Bengaluru,Nandi Hills,Art of Living International Center (Kanakapura),79.55893161772805
Bengaluru,Nandi Hills,Chunchi Falls (nearby),132.60215244222684
Bengaluru,Nandi Hills,Bangalore Fort (Kempegowda Fort),36.22435270834505
Bengaluru,Nandi Hills,Jawaharlal Nehru Planetarium,60.55765581404244
Bengaluru,Wonderla Amusement Park,UB City Mall,26.20601018772301
Bengaluru,Wonderla Amusement Park,Orion Mall,25.845602624536
Bengaluru,Wonderla Amusement Park,Commercial Street,27.918597230737987
Bengaluru,Wonderla Amusement Park,Brigade Road,27.299599684368545
Bengaluru,Wonderla Amusement Park,MG Road,27.354884355978943
Bengaluru,Wonderla Amusement Park,Visvesvaraya Industrial & Technological Museum,26.420950398868865
Bengaluru,Wonderla Amusement Park,Jawaharlal Nehru Planetarium,26.492588579618342
Bengaluru,Wonderla Amusement Park,HAL Aerospace Museum,33.32991459051363
Bengaluru,Wonderla Amusement Park,National Gallery of Modern Art (NGMA),26.698440877738665
Bengaluru,Wonderla Amusement Park,Indira Gandhi Musical Fountain Park,26.702482264540265
Bengaluru,Wonderla Amusement Park,St. Mary’s Basilica,27.713703182239357
Bengaluru,Wonderla Amusement Park,St. Mark’s Cathedral,26.82675440761152
Bengaluru,Wonderla Amusement Park,Ragigudda Anjaneya Temple,22.84988663825091
Bengaluru,Wonderla Amusement Park,Dodda Ganapathi Temple,21.92056039650385
Bengaluru,Wonderla Amusement Park,Innovative Film City,6.651722976726898
Bengaluru,Wonderla Amusement Park,Sankey Tank,27.12241392438008
Bengaluru,Wonderla Amusement Park,Lumbini Gardens,32.53140895487332
Bengaluru,Wonderla Amusement Park,JP Park (Jayaprakash Narayan Park),27.600892036491683
Bengaluru,Wonderla Amusement Park,Hesaraghatta Lake,38.31089898921611
Bengaluru,Wonderla Amusement Park,Big Banyan Tree (Dodda Alada Mara),8.34684843690174
Bengaluru,Wonderla Amusement Park,Devanahalli Fort,56.98934059719134
Bengaluru,Wonderla Amusement Park,Art of Living International Center (Kanakapura),12.033303717901587
Bengaluru,Wonderla Amusement Park,Chunchi Falls (nearby),53.93519565475678
Bengaluru,Wonderla Amusement Park,Bangalore Fort (Kempegowda Fort),52.34491344634252
Bengaluru,Wonderla Amusement Park,Jawaharlal Nehru Planetarium,26.492588579618342
Bengaluru,UB City Mall,Orion Mall,6.175713899490342
Bengaluru,UB City Mall,Commercial Street,1.7168129538992585
Bengaluru,UB City Mall,Brigade Road,1.24324097135392
Bengaluru,UB City Mall,MG Road,1.2100856112485712
Bengaluru,UB City Mall,Visvesvaraya Industrial & Technological Museum,0.3214081379149334
Bengaluru,UB City Mall,Jawaharlal Nehru Planetarium,1.5178364489742489
Bengaluru,UB City Mall,HAL Aerospace Museum,9.414070777968869
Bengaluru,UB City Mall,National Gallery of Modern Art (NGMA),2.098724121578451
Bengaluru,UB City Mall,Indira Gandhi Musical Fountain Park,1.5269202890063636
Bengaluru,UB City Mall,St. Mary’s Basilica,1.60703911883841
Bengaluru,UB City Mall,St. Mark’s Cathedral,0.6254728059582941
Bengaluru,UB City Mall,Ragigudda Anjaneya Temple,6.411085407737008
Bengaluru,UB City Mall,Dodda Ganapathi Temple,5.002892992059258
Bengaluru,UB City Mall,Innovative Film City,29.25545457539101
Bengaluru,UB City Mall,Sankey Tank,4.835870923417841
Bengaluru,UB City Mall,Lumbini Gardens,8.037337530083988
Bengaluru,UB City Mall,JP Park (Jayaprakash Narayan Park),8.473576727793269
Bengaluru,UB City Mall,Hesaraghatta Lake,24.40802575878175
Bengaluru,UB City Mall,Big Banyan Tree (Dodda Alada Mara),22.820697189768502
Bengaluru,UB City Mall,Devanahalli Fort,33.09540987192434
Bengaluru,UB City Mall,Art of Living International Center (Kanakapura),18.749314712545047
Bengaluru,UB City Mall,Chunchi Falls (nearby),70.92872296002609
Bengaluru,UB City Mall,Bangalore Fort (Kempegowda Fort),27.802064772444076
Bengaluru,UB City Mall,Jawaharlal Nehru Planetarium,1.5178364489742489
Bengaluru,Orion Mall,Commercial Street,6.579807116093114
Bengaluru,Orion Mall,Brigade Road,7.027340334950615
Bengaluru,Orion Mall,MG Road,6.84197930817828
Bengaluru,Orion Mall,Visvesvaraya Industrial & Technological Museum,5.982442036391663
Bengaluru,Orion Mall,Jawaharlal Nehru Planetarium,4.770570674438051
Bengaluru,Orion Mall,HAL Aerospace Museum,14.986471292940584
Bengaluru,Orion Mall,National Gallery of Modern Art (NGMA),4.29200208064269
Bengaluru,Orion Mall,Indira Gandhi Musical Fountain Park,4.873029312638536
Bengaluru,Orion Mall,St. Mary’s Basilica,6.085023820135831
Bengaluru,Orion Mall,St. Mark’s Cathedral,6.23969603904313
Bengaluru,Orion Mall,Ragigudda Anjaneya Temple,11.50438501063889
Bengaluru,Orion Mall,Dodda Ganapathi Temple,9.069350994426005
Bengaluru,Orion Mall,Innovative Film City,30.124088473388493
Bengaluru,Orion Mall,Sankey Tank,2.0196545142814126
Bengaluru,Orion Mall,Lumbini Gardens,6.965631603985667
Bengaluru,Orion Mall,JP Park (Jayaprakash Narayan Park),2.654704717591724
Bengaluru,Orion Mall,Hesaraghatta Lake,18.65239504707264
Bengaluru,Orion Mall,Big Banyan Tree (Dodda Alada Mara),20.64647040561825
Bengaluru,Orion Mall,Devanahalli Fort,31.28842744874083
Bengaluru,Orion Mall,Art of Living International Center (Kanakapura),21.155773564812737
Bengaluru,Orion Mall,Chunchi Falls (nearby),74.28109772714448
Bengaluru,Orion Mall,Bangalore Fort (Kempegowda Fort),26.50851087489716
Bengaluru,Orion Mall,Jawaharlal Nehru Planetarium,4.770570674438051
Bengaluru,Commercial Street,Brigade Road,0.9595836917306904
Bengaluru,Commercial Street,MG Road,0.763680374962314
Bengaluru,Commercial Street,Visvesvaraya Industrial & Technological Museum,1.5029187617922397
Bengaluru,Commercial Street,Jawaharlal Nehru Planetarium,2.010654875771453
Bengaluru,Commercial Street,HAL Aerospace Museum,8.447818888579068
Bengaluru,Commercial Street,National Gallery of Modern Art (NGMA),2.3294421763988
Bengaluru,Commercial Street,Indira Gandhi Musical Fountain Park,1.8310794640678467
Bengaluru,Commercial Street,St. Mary’s Basilica,0.4947833169862449
Bengaluru,Commercial Street,St. Mark’s Cathedral,1.092672318986166
Bengaluru,Commercial Street,Ragigudda Anjaneya Temple,7.664999447621186
Bengaluru,Commercial Street,Dodda Ganapathi Temple,6.608609144420474
Bengaluru,Commercial Street,Innovative Film City,30.956062937136927
Bengaluru,Commercial Street,Sankey Tank,4.844814821046411
Bengaluru,Commercial Street,Lumbini Gardens,6.791371865645848
Bengaluru,Commercial Street,JP Park (Jayaprakash Narayan Park),8.510620965965016
Bengaluru,Commercial Street,Hesaraghatta Lake,24.095538485369
Bengaluru,Commercial Street,Big Banyan Tree (Dodda Alada Mara),24.419926158269643
Bengaluru,Commercial Street,Devanahalli Fort,31.59247148997892
Bengaluru,Commercial Street,Art of Living International Center (Kanakapura),20.36676125721055
Bengaluru,Commercial Street,Chunchi Falls (nearby),72.31110078708446
Bengaluru,Commercial Street,Bangalore Fort (Kempegowda Fort),26.247835288335285
Bengaluru,Commercial Street,Jawaharlal Nehru Planetarium,2.010654875771453
Bengaluru,Brigade Road,MG Road,0.2233053150245711
Bengaluru,Brigade Road,Visvesvaraya Industrial & Technological Museum,1.2139609391779058
Bengaluru,Brigade Road,Jawaharlal Nehru Planetarium,2.2642722594013387
Bengaluru,Brigade Road,HAL Aerospace Museum,8.241533228803442
Bengaluru,Brigade Road,National Gallery of Modern Art (NGMA),2.7452211276949967
Bengaluru,Brigade Road,Indira Gandhi Musical Fountain Park,2.154786121155311
Bengaluru,Brigade Road,St. Mary’s Basilica,1.2466160983208958
Bengaluru,Brigade Road,St. Mark’s Cathedral,0.8255093342002803
Bengaluru,Brigade Road,Ragigudda Anjaneya Temple,6.712854710219903
Bengaluru,Brigade Road,Dodda Ganapathi Temple,5.772443770136464
Bengaluru,Brigade Road,Innovative Film City,30.20062854898388
Bengaluru,Brigade Road,Sankey Tank,5.448116926756268
Bengaluru,Brigade Road,Lumbini Gardens,7.749748861107341
Bengaluru,Brigade Road,JP Park (Jayaprakash Narayan Park),9.134561409631797
Bengaluru,Brigade Road,Hesaraghatta Lake,24.875029044515184
Bengaluru,Brigade Road,Big Banyan Tree (Dodda Alada Mara),24.041897073010954
Bengaluru,Brigade Road,Devanahalli Fort,32.51804278769488
Bengaluru,Brigade Road,Art of Living International Center (Kanakapura),19.51202875832967
Bengaluru,Brigade Road,Chunchi Falls (nearby),71.3640582511644
Bengaluru,Brigade Road,Bangalore Fort (Kempegowda Fort),27.15557752254659
Bengaluru,Brigade Road,Jawaharlal Nehru Planetarium,2.2642722594013387
Bengaluru,MG Road,Visvesvaraya Industrial & Technological Museum,1.124150525545632
Bengaluru,MG Road,Jawaharlal Nehru Planetarium,2.090828609778743
Bengaluru,MG Road,HAL Aerospace Museum,8.369954161941381
Bengaluru,MG Road,National Gallery of Modern Art (NGMA),2.5534088260318915
Bengaluru,MG Road,Indira Gandhi Musical Fountain Park,1.969835303840422
Bengaluru,MG Road,St. Mary’s Basilica,1.0239948627484066
Bengaluru,MG Road,St. Mark’s Cathedral,0.7022770833620774
Bengaluru,MG Road,Ragigudda Anjaneya Temple,6.901351337771724
Bengaluru,MG Road,Dodda Ganapathi Temple,5.897241503400246
Bengaluru,MG Road,Innovative Film City,30.29943891946957
Bengaluru,MG Road,Sankey Tank,5.24129281998203
Bengaluru,MG Road,Lumbini Gardens,7.54409242625693
Bengaluru,MG Road,JP Park (Jayaprakash Narayan Park),8.927634047309208
Bengaluru,MG Road,Hesaraghatta Lake,24.654963757500298
Bengaluru,MG Road,Big Banyan Tree (Dodda Alada Mara),24.03068062866875
Bengaluru,MG Road,Devanahalli Fort,32.34824602023057
Bengaluru,MG Road,Art of Living International Center (Kanakapura),19.647329745081635
Bengaluru,MG Road,Chunchi Falls (nearby),71.54790658503825
Bengaluru,MG Road,Bangalore Fort (Kempegowda Fort),26.99508352237593
Bengaluru,MG Road,Jawaharlal Nehru Planetarium,2.090828609778743
Bengaluru,Visvesvaraya Industrial & Technological Museum,Jawaharlal Nehru Planetarium,1.258491101589499
Bengaluru,Visvesvaraya Industrial & Technological Museum,HAL Aerospace Museum,9.450010612151123
Bengaluru,Visvesvaraya Industrial & Technological Museum,National Gallery of Modern Art (NGMA),1.8286218047901897
Bengaluru,Visvesvaraya Industrial & Technological Museum,Indira Gandhi Musical Fountain Park,1.24107430435622
Bengaluru,Visvesvaraya Industrial & Technological Museum,St. Mary’s Basilica,1.3300605637342056
Bengaluru,Visvesvaraya Industrial & Technological Museum,St. Mark’s Cathedral,0.4379529232967895
Bengaluru,Visvesvaraya Industrial & Technological Museum,Ragigudda Anjaneya Temple,6.731764794555636
Bengaluru,Visvesvaraya Industrial & Technological Museum,Dodda Ganapathi Temple,5.305737016070133
Bengaluru,Visvesvaraya Industrial & Technological Museum,Innovative Film City,29.5159714065536
Bengaluru,Visvesvaraya Industrial & Technological Museum,Sankey Tank,4.579531703148132
Bengaluru,Visvesvaraya Industrial & Technological Museum,Lumbini Gardens,7.717235217829476
Bengaluru,Visvesvaraya Industrial & Technological Museum,JP Park (Jayaprakash Narayan Park),8.23480858564631
Bengaluru,Visvesvaraya Industrial & Technological Museum,Hesaraghatta Lake,24.140299463545112
Bengaluru,Visvesvaraya Industrial & Technological Museum,Big Banyan Tree (Dodda Alada Mara),22.952084388571624
Bengaluru,Visvesvaraya Industrial & Technological Museum,Devanahalli Fort,32.78651261814056
Bengaluru,Visvesvaraya Industrial & Technological Museum,Art of Living International Center (Kanakapura),19.044077422534837
Bengaluru,Visvesvaraya Industrial & Technological Museum,Chunchi Falls (nearby),71.24749462528996
Bengaluru,Visvesvaraya Industrial & Technological Museum,Bangalore Fort (Kempegowda Fort),27.49980797897928
Bengaluru,Visvesvaraya Industrial & Technological Museum,Jawaharlal Nehru Planetarium,1.258491101589499
Bengaluru,Jawaharlal Nehru Planetarium,HAL Aerospace Museum,10.415562417157542
Bengaluru,Jawaharlal Nehru Planetarium,National Gallery of Modern Art (NGMA),0.584529996827545
Bengaluru,Jawaharlal Nehru Planetarium,Indira Gandhi Musical Fountain Park,0.2164287642960169
Bengaluru,Jawaharlal Nehru Planetarium,St. Mary’s Basilica,1.5617684046478797
Bengaluru,Jawaharlal Nehru Planetarium,St. Mark’s Cathedral,1.4694335207665956
Bengaluru,Jawaharlal Nehru Planetarium,Ragigudda Anjaneya Temple,7.778805541812891
Bengaluru,Jawaharlal Nehru Planetarium,Dodda Ganapathi Temple,6.045763731702302
Bengaluru,Jawaharlal Nehru Planetarium,Innovative Film City,29.845511810697797
Bengaluru,Jawaharlal Nehru Planetarium,Sankey Tank,3.3221280001465305
Bengaluru,Jawaharlal Nehru Planetarium,Lumbini Gardens,6.895609242765322
Bengaluru,Jawaharlal Nehru Planetarium,JP Park (Jayaprakash Narayan Park),6.977661433189409
Bengaluru,Jawaharlal Nehru Planetarium,Hesaraghatta Lake,22.89040391587311
Bengaluru,Jawaharlal Nehru Planetarium,Big Banyan Tree (Dodda Alada Mara),22.64112080234803
Bengaluru,Jawaharlal Nehru Planetarium,Devanahalli Fort,32.10802031281354
Bengaluru,Jawaharlal Nehru Planetarium,Art of Living International Center (Kanakapura),19.635470132445743
Bengaluru,Jawaharlal Nehru Planetarium,Chunchi Falls (nearby),72.10119829185649
Bengaluru,Jawaharlal Nehru Planetarium,Bangalore Fort (Kempegowda Fort),26.89890048997218
Bengaluru,Jawaharlal Nehru Planetarium,Jawaharlal Nehru Planetarium,0.0
Bengaluru,HAL Aerospace Museum,National Gallery of Modern Art (NGMA),10.777251289058762
Bengaluru,HAL Aerospace Museum,Indira Gandhi Musical Fountain Park,10.257896269610717
Bengaluru,HAL Aerospace Museum,St. Mary’s Basilica,8.937426760772016
Bengaluru,HAL Aerospace Museum,St. Mark’s Cathedral,9.06325183776576
Bengaluru,HAL Aerospace Museum,Ragigudda Anjaneya Temple,10.488284720474876
Bengaluru,HAL Aerospace Museum,Dodda Ganapathi Temple,11.730260863835523
Bengaluru,HAL Aerospace Museum,Innovative Film City,34.996808626463924
Bengaluru,HAL Aerospace Museum,Sankey Tank,13.122836361336196
Bengaluru,HAL Aerospace Museum,Lumbini Gardens,12.41955021371953
Bengaluru,HAL Aerospace Museum,JP Park (Jayaprakash Narayan Park),16.631624473900345
Bengaluru,HAL Aerospace Museum,Hesaraghatta Lake,31.185710039353093
Bengaluru,HAL Aerospace Museum,Big Banyan Tree (Dodda Alada Mara),31.375811407429108
Bengaluru,HAL Aerospace Museum,Devanahalli Fort,32.71452298346908
Bengaluru,HAL Aerospace Museum,Art of Living International Center (Kanakapura),23.46607431182755
Bengaluru,HAL Aerospace Museum,Chunchi Falls (nearby),71.86126833324985
Bengaluru,HAL Aerospace Museum,Bangalore Fort (Kempegowda Fort),27.058032145061485
Bengaluru,HAL Aerospace Museum,Jawaharlal Nehru Planetarium,10.415562417157542
Bengaluru,National Gallery of Modern Art (NGMA),Indira Gandhi Musical Fountain Park,0.6022444318523333
Bengaluru,National Gallery of Modern Art (NGMA),St. Mary’s Basilica,1.841906943493356
Bengaluru,National Gallery of Modern Art (NGMA),St. Mark’s Cathedral,1.9908689128543415
Bengaluru,National Gallery of Modern Art (NGMA),Ragigudda Anjaneya Temple,8.34321882948702
Bengaluru,National Gallery of Modern Art (NGMA),Dodda Ganapathi Temple,6.54069260397677
Bengaluru,National Gallery of Modern Art (NGMA),Innovative Film City,30.157245377180804
Bengaluru,National Gallery of Modern Art (NGMA),Sankey Tank,2.754653967061206
Bengaluru,National Gallery of Modern Art (NGMA),Lumbini Gardens,6.442953271291997
Bengaluru,National Gallery of Modern Art (NGMA),JP Park (Jayaprakash Narayan Park),6.42525828873998
Bengaluru,National Gallery of Modern Art (NGMA),Hesaraghatta Lake,22.312500233001263
Bengaluru,National Gallery of Modern Art (NGMA),Big Banyan Tree (Dodda Alada Mara),22.67555247385451
Bengaluru,National Gallery of Modern Art (NGMA),Devanahalli Fort,31.68239434652981
Bengaluru,National Gallery of Modern Art (NGMA),Art of Living International Center (Kanakapura),20.053543212752327
Bengaluru,National Gallery of Modern Art (NGMA),Chunchi Falls (nearby),72.60018257706112
Bengaluru,National Gallery of Modern Art (NGMA),Bangalore Fort (Kempegowda Fort),26.505548271335595
Bengaluru,National Gallery of Modern Art (NGMA),Jawaharlal Nehru Planetarium,0.584529996827545
Bengaluru,Indira Gandhi Musical Fountain Park,St. Mary’s Basilica,1.369476295796013
Bengaluru,Indira Gandhi Musical Fountain Park,St. Mark’s Cathedral,1.3890634941445277
Bengaluru,Indira Gandhi Musical Fountain Park,Ragigudda Anjaneya Temple,7.860644546245325
Bengaluru,Indira Gandhi Musical Fountain Park,Dodda Ganapathi Temple,6.185529363026317
Bengaluru,Indira Gandhi Musical Fountain Park,Innovative Film City,30.040352400949825
Bengaluru,Indira Gandhi Musical Fountain Park,Sankey Tank,3.354469659381514
Bengaluru,Indira Gandhi Musical Fountain Park,Lumbini Gardens,6.748332842718236
Bengaluru,Indira Gandhi Musical Fountain Park,JP Park (Jayaprakash Narayan Park),7.027414189536378
Bengaluru,Indira Gandhi Musical Fountain Park,Hesaraghatta Lake,22.901499184324216
Bengaluru,Indira Gandhi Musical Fountain Park,Big Banyan Tree (Dodda Alada Mara),22.85721155761307
Bengaluru,Indira Gandhi Musical Fountain Park,Devanahalli Fort,31.94557799864334
Bengaluru,Indira Gandhi Musical Fountain Park,Art of Living International Center (Kanakapura),19.80363355829025
Bengaluru,Indira Gandhi Musical Fountain Park,Chunchi Falls (nearby),72.2327562611548
Bengaluru,Indira Gandhi Musical Fountain Park,Bangalore Fort (Kempegowda Fort),26.726140827075728
Bengaluru,Indira Gandhi Musical Fountain Park,Jawaharlal Nehru Planetarium,0.2164287642960169
Bengaluru,St. Mary’s Basilica,St. Mark’s Cathedral,1.0103559737176118
Bengaluru,St. Mary’s Basilica,Ragigudda Anjaneya Temple,7.8277606528862655
Bengaluru,St. Mary’s Basilica,Dodda Ganapathi Temple,6.600165303497343
Bengaluru,St. Mary’s Basilica,Innovative Film City,30.845379282303327
Bengaluru,St. Mary’s Basilica,Sankey Tank,4.359287860907838
Bengaluru,St. Mary’s Basilica,Lumbini Gardens,6.579810766146868
Bengaluru,St. Mary’s Basilica,JP Park (Jayaprakash Narayan Park),8.031427961547658
Bengaluru,St. Mary’s Basilica,Hesaraghatta Lake,23.66622855899143
Bengaluru,St. Mary’s Basilica,Big Banyan Tree (Dodda Alada Mara),24.09417402776013
Bengaluru,St. Mary’s Basilica,Devanahalli Fort,31.52212736833675
Bengaluru,St. Mary’s Basilica,Art of Living International Center (Kanakapura),20.35318539893639
Bengaluru,St. Mary’s Basilica,Chunchi Falls (nearby),72.44019042074716
Bengaluru,St. Mary’s Basilica,Bangalore Fort (Kempegowda Fort),26.210293706621258
Bengaluru,St. Mary’s Basilica,Jawaharlal Nehru Planetarium,1.5617684046478797
Bengaluru,St. Mark’s Cathedral,Ragigudda Anjaneya Temple,6.866811424875402
Bengaluru,St. Mark’s Cathedral,Dodda Ganapathi Temple,5.591382481256401
Bengaluru,St. Mark’s Cathedral,Innovative Film City,29.878481155262108
Bengaluru,St. Mark’s Cathedral,Sankey Tank,4.735602083159715
Bengaluru,St. Mark’s Cathedral,Lumbini Gardens,7.540937202925586
Bengaluru,St. Mark’s Cathedral,JP Park (Jayaprakash Narayan Park),8.414240755634095
Bengaluru,St. Mark’s Cathedral,Hesaraghatta Lake,24.24881120991635
Bengaluru,St. Mark’s Cathedral,Big Banyan Tree (Dodda Alada Mara),23.3886927359894
Bengaluru,St. Mark’s Cathedral,Devanahalli Fort,32.53053380655038
Bengaluru,St. Mark’s Cathedral,Art of Living International Center (Kanakapura),19.3468558635436
Bengaluru,St. Mark’s Cathedral,Chunchi Falls (nearby),71.4493470589789
Bengaluru,St. Mark’s Cathedral,Bangalore Fort (Kempegowda Fort),27.220636363601315
Bengaluru,St. Mark’s Cathedral,Jawaharlal Nehru Planetarium,1.4694335207665956
Bengaluru,Ragigudda Anjaneya Temple,Dodda Ganapathi Temple,2.754716810715879
Bengaluru,Ragigudda Anjaneya Temple,Innovative Film City,24.68966355509124
Bengaluru,Ragigudda Anjaneya Temple,Sankey Tank,10.820399132478308
Bengaluru,Ragigudda Anjaneya Temple,Lumbini Gardens,14.404283615604012
Bengaluru,Ragigudda Anjaneya Temple,JP Park (Jayaprakash Narayan Park),14.117037693119205
Bengaluru,Ragigudda Anjaneya Temple,Hesaraghatta Lake,30.156777516425027
Bengaluru,Ragigudda Anjaneya Temple,Big Banyan Tree (Dodda Alada Mara),21.51132411151359
Bengaluru,Ragigudda Anjaneya Temple,Devanahalli Fort,39.18396348969223
Bengaluru,Ragigudda Anjaneya Temple,Art of Living International Center (Kanakapura),13.404296391559049
Bengaluru,Ragigudda Anjaneya Temple,Chunchi Falls (nearby),64.65448125818267
Bengaluru,Ragigudda Anjaneya Temple,Bangalore Fort (Kempegowda Fort),33.77016131894819
Bengaluru,Ragigudda Anjaneya Temple,Jawaharlal Nehru Planetarium,7.778805541812891
Bengaluru,Dodda Ganapathi Temple,Innovative Film City,24.48117301153107
Bengaluru,Dodda Ganapathi Temple,Sankey Tank,8.682836089219279
Bengaluru,Dodda Ganapathi Temple,Lumbini Gardens,12.933133134090252
Bengaluru,Dodda Ganapathi Temple,JP Park (Jayaprakash Narayan Park),11.7188141423957
Bengaluru,Dodda Ganapathi Temple,Hesaraghatta Lake,27.67383525645929
Bengaluru,Dodda Ganapathi Temple,Big Banyan Tree (Dodda Alada Mara),19.681884282472154
Bengaluru,Dodda Ganapathi Temple,Devanahalli Fort,38.08655089289479
Bengaluru,Dodda Ganapathi Temple,Art of Living International Center (Kanakapura),13.759242474897816
Bengaluru,Dodda Ganapathi Temple,Chunchi Falls (nearby),66.05977886565293
Bengaluru,Dodda Ganapathi Temple,Bangalore Fort (Kempegowda Fort),32.80484914245499
Bengaluru,Dodda Ganapathi Temple,Jawaharlal Nehru Planetarium,6.045763731702302
Bengaluru,Innovative Film City,Sankey Tank,31.0938837450735
Bengaluru,Innovative Film City,Lumbini Gardens,36.38268911632333
Bengaluru,Innovative Film City,JP Park (Jayaprakash Narayan Park),32.19435621642656
Bengaluru,Innovative Film City,Hesaraghatta Lake,44.20025127030269
Bengaluru,Innovative Film City,Big Banyan Tree (Dodda Alada Mara),14.922761568720125
Bengaluru,Innovative Film City,Devanahalli Fort,61.40038046594342
Bengaluru,Innovative Film City,Art of Living International Center (Kanakapura),11.650914132305138
Bengaluru,Innovative Film City,Chunchi Falls (nearby),47.38783782674001
Bengaluru,Innovative Film City,Bangalore Fort (Kempegowda Fort),56.48384566626491
Bengaluru,Innovative Film City,Jawaharlal Nehru Planetarium,29.845511810697797
Bengaluru,Sankey Tank,Lumbini Gardens,5.414617265520855
Bengaluru,Sankey Tank,JP Park (Jayaprakash Narayan Park),3.686470218720945
Bengaluru,Sankey Tank,Hesaraghatta Lake,19.578145106147133
Bengaluru,Sankey Tank,Big Banyan Tree (Dodda Alada Mara),22.307176270443627
Bengaluru,Sankey Tank,Devanahalli Fort,30.351065080639398
Bengaluru,Sankey Tank,Art of Living International Center (Kanakapura),21.601115612866472
Bengaluru,Sankey Tank,Chunchi Falls (nearby),74.52201676959717
Bengaluru,Sankey Tank,Bangalore Fort (Kempegowda Fort),25.39349329887994
Bengaluru,Sankey Tank,Jawaharlal Nehru Planetarium,3.3221280001465305
Bengaluru,Lumbini Gardens,JP Park (Jayaprakash Narayan Park),6.510376313402585
Bengaluru,Lumbini Gardens,Hesaraghatta Lake,18.79009029033361
Bengaluru,Lumbini Gardens,Big Banyan Tree (Dodda Alada Mara),27.60864618957646
Bengaluru,Lumbini Gardens,Devanahalli Fort,25.24883994946056
Bengaluru,Lumbini Gardens,Art of Living International Center (Kanakapura),26.490317063626872
Bengaluru,Lumbini Gardens,Chunchi Falls (nearby),78.96025442043587
Bengaluru,Lumbini Gardens,Bangalore Fort (Kempegowda Fort),20.13156041074985
Bengaluru,Lumbini Gardens,Jawaharlal Nehru Planetarium,6.895609242765322
Bengaluru,JP Park (Jayaprakash Narayan Park),Hesaraghatta Lake,16.05732127821067
Bengaluru,JP Park (Jayaprakash Narayan Park),Big Banyan Tree (Dodda Alada Mara),21.819761818926025
Bengaluru,JP Park (Jayaprakash Narayan Park),Devanahalli Fort,29.388824719471582
Bengaluru,JP Park (Jayaprakash Narayan Park),Art of Living International Center (Kanakapura),23.616245514001687
Bengaluru,JP Park (Jayaprakash Narayan Park),Chunchi Falls (nearby),76.79072793020626
Bengaluru,JP Park (Jayaprakash Narayan Park),Bangalore Fort (Kempegowda Fort),24.834075534032262
Bengaluru,JP Park (Jayaprakash Narayan Park),Jawaharlal Nehru Planetarium,6.977661433189409
Bengaluru,Hesaraghatta Lake,Big Banyan Tree (Dodda Alada Mara),30.500726715426755
Bengaluru,Hesaraghatta Lake,Devanahalli Fort,25.26907991552498
Bengaluru,Hesaraghatta Lake,Art of Living International Center (Kanakapura),38.01028940823167
Bengaluru,Hesaraghatta Lake,Chunchi Falls (nearby),90.8287392509385
Bengaluru,Hesaraghatta Lake,Bangalore Fort (Kempegowda Fort),23.553749191926983
Bengaluru,Hesaraghatta Lake,Jawaharlal Nehru Planetarium,22.89040391587311
Bengaluru,Big Banyan Tree (Dodda Alada Mara),Devanahalli Fort,50.8076698530178
Bengaluru,Big Banyan Tree (Dodda Alada Mara),Art of Living International Center (Kanakapura),15.553095669938264
Bengaluru,Big Banyan Tree (Dodda Alada Mara),Chunchi Falls (nearby),62.27727447776263
Bengaluru,Big Banyan Tree (Dodda Alada Mara),Bangalore Fort (Kempegowda Fort),46.55789057361453
Bengaluru,Big Banyan Tree (Dodda Alada Mara),Jawaharlal Nehru Planetarium,22.64112080234803
Bengaluru,Devanahalli Fort,Art of Living International Center (Kanakapura),51.73590979591901
Bengaluru,Devanahalli Fort,Chunchi Falls (nearby),103.77000894712975
Bengaluru,Devanahalli Fort,Bangalore Fort (Kempegowda Fort),5.663389693008515
Bengaluru,Devanahalli Fort,Jawaharlal Nehru Planetarium,32.10802031281354
Bengaluru,Art of Living International Center (Kanakapura),Chunchi Falls (nearby),53.19753874777568
Bengaluru,Art of Living International Center (Kanakapura),Bangalore Fort (Kempegowda Fort),46.52512447617833
Bengaluru,Art of Living International Center (Kanakapura),Jawaharlal Nehru Planetarium,19.635470132445743
Bengaluru,Chunchi Falls (nearby),Bangalore Fort (Kempegowda Fort),98.2633330372075
Bengaluru,Chunchi Falls (nearby),Jawaharlal Nehru Planetarium,72.10119829185649
Bengaluru,Bangalore Fort (Kempegowda Fort),Jawaharlal Nehru Planetarium,26.89890048997218
Chennai,Marina Beach,Kapaleeshwarar Temple,2.718350463449012
Chennai,Marina Beach,Fort St. George,2.959933160581122
Chennai,Marina Beach,Santhome Cathedral Basilica,2.269374937632758
Chennai,Marina Beach,Government Museum,3.479048462442245
Chennai,Marina Beach,Edward Elliot’s Beach,6.089809025326956
Chennai,Marina Beach,Arignar Anna Zoological Park,28.080611336056776
Chennai,Marina Beach,Valluvar Kottam,4.494395370509934
Chennai,Marina Beach,Guindy National Park,8.422120111431745
Chennai,Kapaleeshwarar Temple,Fort St. George,5.446581182935675
Chennai,Kapaleeshwarar Temple,Santhome Cathedral Basilica,0.9889450103038436
Chennai,Kapaleeshwarar Temple,Government Museum,4.392921722176007
Chennai,Kapaleeshwarar Temple,Edward Elliot’s Beach,3.7987428339345457
Chennai,Kapaleeshwarar Temple,Arignar Anna Zoological Park,25.42825976021241
Chennai,Kapaleeshwarar Temple,Valluvar Kottam,3.703790802294628
Chennai,Kapaleeshwarar Temple,Guindy National Park,5.75952616146365
Chennai,Fort St. George,Santhome Cathedral Basilica,5.199043465508062
Chennai,Fort St. George,Government Museum,3.1406579520956885
Chennai,Fort St. George,Edward Elliot’s Beach,9.030161583371084
Chennai,Fort St. George,Arignar Anna Zoological Park,30.24922927835615
Chennai,Fort St. George,Valluvar Kottam,5.454763568398682
Chennai,Fort St. George,Guindy National Park,10.792307233580276
Chennai,Santhome Cathedral Basilica,Government Museum,4.755397817068419
Chennai,Santhome Cathedral Basilica,Edward Elliot’s Beach,3.83111841387515
Chennai,Santhome Cathedral Basilica,Arignar Anna Zoological Park,26.19420827452636
Chennai,Santhome Cathedral Basilica,Valluvar Kottam,4.512400666691336
Chennai,Santhome Cathedral Basilica,Guindy National Park,6.556221905055813
Chennai,Government Museum,Edward Elliot’s Beach,8.160490271611346
Chennai,Government Museum,Arignar Anna Zoological Park,27.530571599602844
Chennai,Government Museum,Valluvar Kottam,2.525109044131659
Chennai,Government Museum,Guindy National Park,8.525374004584087
Chennai,Edward Elliot’s Beach,Arignar Anna Zoological Park,23.494757015610546
Chennai,Edward Elliot’s Beach,Valluvar Kottam,6.929603597007985
Chennai,Edward Elliot’s Beach,Guindy National Park,4.83805215868167
Chennai,Arignar Anna Zoological Park,Valluvar Kottam,25.005465222161803
Chennai,Arignar Anna Zoological Park,Guindy National Park,19.66943463719353
Chennai,Valluvar Kottam,Guindy National Park,6.195069889600019
Chikkamagaluru,Mullayanagiri Peak,Baba Budangiri Hills,5.414649563398258
Chikkamagaluru,Mullayanagiri Peak,Kudremukh National Park,60.20459986422605
Chikkamagaluru,Mullayanagiri Peak,Hebbe Falls,16.738198786507876
Chikkamagaluru,Mullayanagiri Peak,Bhadra Wildlife Sanctuary,9.89687723721029
Chikkamagaluru,Mullayanagiri Peak,Hirekolale Lake,3.680797499460056
Chikkamagaluru,Mullayanagiri Peak,Coffee estates,10.249532467551948
Chikkamagaluru,Baba Budangiri Hills,Kudremukh National Park,65.19909332265486
Chikkamagaluru,Baba Budangiri Hills,Hebbe Falls,13.91306705257862
Chikkamagaluru,Baba Budangiri Hills,Bhadra Wildlife Sanctuary,11.549628169936636
Chikkamagaluru,Baba Budangiri Hills,Hirekolale Lake,8.17868170023106
Chikkamagaluru,Baba Budangiri Hills,Coffee estates,12.1446240483866
Chikkamagaluru,Kudremukh National Park,Hebbe Falls,66.7997905356311
Chikkamagaluru,Kudremukh National Park,Bhadra Wildlife Sanctuary,64.32939786737582
Chikkamagaluru,Kudremukh National Park,Hirekolale Lake,59.46146733609838
Chikkamagaluru,Kudremukh National Park,Coffee estates,63.9417306998985
Chikkamagaluru,Hebbe Falls,Bhadra Wildlife Sanctuary,25.387574838435185
Chikkamagaluru,Hebbe Falls,Hirekolale Lake,20.41567522784571
Chikkamagaluru,Hebbe Falls,Coffee estates,25.9441953773105
Chikkamagaluru,Bhadra Wildlife Sanctuary,Hirekolale Lake,7.137509857523472
Chikkamagaluru,Bhadra Wildlife Sanctuary,Coffee estates,0.7107865140488911
Chikkamagaluru,Hirekolale Lake,Coffee estates,7.310200263056839
Coimbatore,Marudamalai Temple,Dhyanalinga Temple,25.52626277779791
Coimbatore,Marudamalai Temple,Adiyogi Shiva Statue,25.847450144316724
Coimbatore,Marudamalai Temple,Perur Pateeswarar Temple,12.22537969192174
Coimbatore,Marudamalai Temple,VOC Park & Zoo,8.92997987384123
Coimbatore,Marudamalai Temple,Black Thunder Theme Park,27.36025776754054
Coimbatore,Dhyanalinga Temple,Adiyogi Shiva Statue,0.6152105544866632
Coimbatore,Dhyanalinga Temple,Perur Pateeswarar Temple,19.6474264044701
Coimbatore,Dhyanalinga Temple,VOC Park & Zoo,25.912472817593148
Coimbatore,Dhyanalinga Temple,Black Thunder Theme Park,43.31520176303134
Coimbatore,Adiyogi Shiva Statue,Perur Pateeswarar Temple,19.691260949871893
Coimbatore,Adiyogi Shiva Statue,VOC Park & Zoo,26.035900194491536
Coimbatore,Adiyogi Shiva Statue,Black Thunder Theme Park,43.8834599573853
Coimbatore,Perur Pateeswarar Temple,VOC Park & Zoo,6.962124169266638
Coimbatore,Perur Pateeswarar Temple,Black Thunder Theme Park,38.97924214443658
Coimbatore,VOC Park & Zoo,Black Thunder Theme Park,36.13337977353694
Coorg,Abbey Falls,Raja’s Seat,5.349212246017965
Coorg,Abbey Falls,Dubare Elephant Camp,28.520999261178694
Coorg,Abbey Falls,Namdroling Monastery,27.03540202056205
Coorg,Abbey Falls,Nagarhole National Park,64.73791488175753
Coorg,Abbey Falls,Talacauvery,61.90783664147669
Coorg,Abbey Falls,Iruppu Falls,61.788103508757104
Coorg,Abbey Falls,Coffee plantations,4.7924932959112825
Coorg,Abbey Falls,Madikeri Fort,4.778454487590331
Coorg,Abbey Falls,Omkareshwara Temple,4.898780115258643
Coorg,Raja’s Seat,Dubare Elephant Camp,26.844876264518273
Coorg,Raja’s Seat,Namdroling Monastery,25.05322542462724
Coorg,Raja’s Seat,Nagarhole National Park,59.87125732160101
Coorg,Raja’s Seat,Talacauvery,56.56849859734122
Coorg,Raja’s Seat,Iruppu Falls,56.48428394772738
Coorg,Raja’s Seat,Coffee plantations,0.7963586457050206
Coorg,Raja’s Seat,Madikeri Fort,0.5714034112127099
Coorg,Raja’s Seat,Omkareshwara Temple,0.852872883409587
Coorg,Dubare Elephant Camp,Namdroling Monastery,2.3192015355697437
Coorg,Dubare Elephant Camp,Nagarhole National Park,48.01087854353435
Coorg,Dubare Elephant Camp,Talacauvery,55.273329018963764
Coorg,Dubare Elephant Camp,Iruppu Falls,53.27043378204824
Coorg,Dubare Elephant Camp,Coffee plantations,26.460612750013603
Coorg,Dubare Elephant Camp,Madikeri Fort,26.953296179973364
Coorg,Dubare Elephant Camp,Omkareshwara Temple,26.290483110435805
Coorg,Namdroling Monastery,Nagarhole National Park,47.06657335677331
Coorg,Namdroling Monastery,Talacauvery,53.54443451853918
Coorg,Namdroling Monastery,Iruppu Falls,51.650358235015474
Coorg,Namdroling Monastery,Coffee plantations,24.71014695902384
Coorg,Namdroling Monastery,Madikeri Fort,25.1936478836405
Coorg,Namdroling Monastery,Omkareshwara Temple,24.53752813699154
Coorg,Nagarhole National Park,Talacauvery,22.376532572904306
Coorg,Nagarhole National Park,Iruppu Falls,18.2613196670807
Coorg,Nagarhole National Park,Coffee plantations,60.173120078711776
Coorg,Nagarhole National Park,Madikeri Fort,60.37572180137182
Coorg,Nagarhole National Park,Omkareshwara Temple,60.029345306021405
Coorg,Talacauvery,Iruppu Falls,4.115516232883859
Coorg,Talacauvery,Coffee plantations,57.12303771052944
Coorg,Talacauvery,Madikeri Fort,57.13657488742144
Coorg,Talacauvery,Omkareshwara Temple,57.02759154840862
Coorg,Iruppu Falls,Coffee plantations,56.995989961587846
Coorg,Iruppu Falls,Madikeri Fort,57.0464133151839
Coorg,Iruppu Falls,Omkareshwara Temple,56.89009043319141
Coorg,Coffee plantations,Madikeri Fort,0.5127219245317863
Coorg,Coffee plantations,Omkareshwara Temple,0.1764571531514855
Coorg,Madikeri Fort,Omkareshwara Temple,0.6694761662979378
Gokarna,Om Beach,Kudle Beach,1.46747666793803
Gokarna,Om Beach,Half Moon Beach,0.6857482774121291
Gokarna,Om Beach,Paradise Beach,1.315499157130548
Gokarna,Om Beach,Gokarna Main Beach,2.9485721043001463
Gokarna,Om Beach,Mahabaleshwar Temple,3.572915518173997
Gokarna,Om Beach,Mirjan Fort,11.174705689149915
Gokarna,Om Beach,Yana Caves,27.155017352194992
Gokarna,Kudle Beach,Half Moon Beach,2.059059877274344
Gokarna,Kudle Beach,Paradise Beach,2.6095632449185104
Gokarna,Kudle Beach,Gokarna Main Beach,1.6604825766883837
Gokarna,Kudle Beach,Mahabaleshwar Temple,2.987768497711439
Gokarna,Kudle Beach,Mirjan Fort,12.467061502347578
Gokarna,Kudle Beach,Yana Caves,27.87090172546725
Gokarna,Half Moon Beach,Paradise Beach,0.6334770874616051
Gokarna,Half Moon Beach,Gokarna Main Beach,3.3681131500379564
Gokarna,Half Moon Beach,Mahabaleshwar Temple,3.6176393228837207
Gokarna,Half Moon Beach,Mirjan Fort,10.493767437893124
Gokarna,Half Moon Beach,Yana Caves,26.538000144295328
Gokarna,Paradise Beach,Gokarna Main Beach,3.7581554299777533
Gokarna,Paradise Beach,Mahabaleshwar Temple,3.67879695144742
Gokarna,Paradise Beach,Mirjan Fort,9.885187649043749
Gokarna,Paradise Beach,Yana Caves,25.934785531310805
Gokarna,Gokarna Main Beach,Mahabaleshwar Temple,2.0163592409159836
Gokarna,Gokarna Main Beach,Mirjan Fort,13.236912786255123
Gokarna,Gokarna Main Beach,Yana Caves,27.672772508711358
Gokarna,Mahabaleshwar Temple,Mirjan Fort,12.015741098645949
Gokarna,Mahabaleshwar Temple,Yana Caves,25.71348700397465
Gokarna,Mirjan Fort,Yana Caves,18.6638697875664
Hampi,Virupaksha Temple,Vittala Temple & Stone Chariot,98.18801646999643
Hampi,Virupaksha Temple,Lotus Mahal,99.06146601601286
Hampi,Virupaksha Temple,Elephant Stables,99.10178690968533
Hampi,Virupaksha Temple,Hemakuta Hill Temples,97.15421375673506
Hampi,Virupaksha Temple,Matanga Hill,97.95884581336004
Hampi,Virupaksha Temple,Hampi Bazaar,97.27512919767402
Hampi,Virupaksha Temple,Achyutaraya Temple,98.0475630285886
Hampi,Virupaksha Temple,Tungabhadra River & Coracle rides,98.89449009506372
Hampi,Virupaksha Temple,Hazara Rama Temple,99.0660187019047
Hampi,Virupaksha Temple,Malyavanta Raghunatha Temple,99.98562590576383
Hampi,Virupaksha Temple,Royal Enclosure,97.87022871097811
Hampi,Vittala Temple & Stone Chariot,Lotus Mahal,2.8
Hampi,Vittala Temple & Stone Chariot,Elephant Stables,2.9
Hampi,Vittala Temple & Stone Chariot,Hemakuta Hill Temples,1.8
Hampi,Vittala Temple & Stone Chariot,Matanga Hill,1.2
Hampi,Vittala Temple & Stone Chariot,Hampi Bazaar,1.9
Hampi,Vittala Temple & Stone Chariot,Achyutaraya Temple,1.1
Hampi,Vittala Temple & Stone Chariot,Tungabhadra River & Coracle rides,3.2
Hampi,Vittala Temple & Stone Chariot,Hazara Rama Temple,2.7
Hampi,Vittala Temple & Stone Chariot,Malyavanta Raghunatha Temple,3.1
Hampi,Vittala Temple & Stone Chariot,Royal Enclosure,1.0
Hampi,Lotus Mahal,Elephant Stables,0.1748141243299323
Hampi,Lotus Mahal,Hemakuta Hill Temples,1.9090180855265368
Hampi,Lotus Mahal,Matanga Hill,1.274626449495473
Hampi,Lotus Mahal,Hampi Bazaar,1.8483976736587877
Hampi,Lotus Mahal,Achyutaraya Temple,1.3060857913192037
Hampi,Lotus Mahal,Tungabhadra River & Coracle rides,3.57304707331799
Hampi,Lotus Mahal,Hazara Rama Temple,0.3870828879027922
Hampi,Lotus Mahal,Malyavanta Raghunatha Temple,1.8223285117643315
Hampi,Lotus Mahal,Royal Enclosure,1.3365387767496764
Hampi,Elephant Stables,Hemakuta Hill Temples,1.949486381735069
Hampi,Elephant Stables,Matanga Hill,1.235970010013799
Hampi,Elephant Stables,Hampi Bazaar,1.8521908224921115
Hampi,Elephant Stables,Achyutaraya Temple,1.2407454047832187
Hampi,Elephant Stables,Tungabhadra River & Coracle rides,3.4062524203867808
Hampi,Elephant Stables,Hazara Rama Temple,0.5583856511545553
Hampi,Elephant Stables,Malyavanta Raghunatha Temple,1.655682385187513
Hampi,Elephant Stables,Royal Enclosure,1.3068229207011073
Hampi,Hemakuta Hill Temples,Matanga Hill,0.975569380554134
Hampi,Hemakuta Hill Temples,Hampi Bazaar,0.4073650823097411
Hampi,Hemakuta Hill Temples,Achyutaraya Temple,1.1560167274812414
Hampi,Hemakuta Hill Temples,Tungabhadra River & Coracle rides,3.866405461212048
Hampi,Hemakuta Hill Temples,Hazara Rama Temple,1.9676380697465945
Hampi,Hemakuta Hill Temples,Malyavanta Raghunatha Temple,3.191624134276703
Hampi,Hemakuta Hill Temples,Royal Enclosure,0.8840869844896048
Hampi,Matanga Hill,Hampi Bazaar,0.7025009494369326
Hampi,Matanga Hill,Achyutaraya Temple,0.2029719269169324
Hampi,Matanga Hill,Tungabhadra River & Coracle rides,3.057096125325665
Hampi,Matanga Hill,Hazara Rama Temple,1.5083594660259243
Hampi,Matanga Hill,Malyavanta Raghunatha Temple,2.2255743119789666
Hampi,Matanga Hill,Royal Enclosure,0.0945396928107928
Hampi,Hampi Bazaar,Achyutaraya Temple,0.8453097659970151
Hampi,Hampi Bazaar,Tungabhadra River & Coracle rides,3.4641378309080406
Hampi,Hampi Bazaar,Hazara Rama Temple,1.9860309450408205
Hampi,Hampi Bazaar,Malyavanta Raghunatha Temple,2.917455141555941
Hampi,Hampi Bazaar,Royal Enclosure,0.6088092795807101
Hampi,Achyutaraya Temple,Tungabhadra River & Coracle rides,2.856736142605277
Hampi,Achyutaraya Temple,Hazara Rama Temple,1.5803482116413847
Hampi,Achyutaraya Temple,Malyavanta Raghunatha Temple,2.072899657382819
Hampi,Achyutaraya Temple,Royal Enclosure,0.2790254001429371
Hampi,Tungabhadra River & Coracle rides,Hazara Rama Temple,3.959602539068833
Hampi,Tungabhadra River & Coracle rides,Malyavanta Raghunatha Temple,2.2928800790736545
Hampi,Tungabhadra River & Coracle rides,Royal Enclosure,3.115359964784112
Hampi,Hazara Rama Temple,Malyavanta Raghunatha Temple,2.164547044859022
Hampi,Hazara Rama Temple,Royal Enclosure,1.552917628208749
Hampi,Malyavanta Raghunatha Temple,Royal Enclosure,2.3198599342893766
Jog Falls,"Raja, Rani, Rocket, Roarer Cascades",Watkins Platform viewpoint,1111.9492664455872
Jog Falls,"Raja, Rani, Rocket, Roarer Cascades",Linganamakki Dam,6.986693854488381
Jog Falls,"Raja, Rani, Rocket, Roarer Cascades",trekking trails,1.0636647906469638
Jog Falls,Watkins Platform viewpoint,Linganamakki Dam,1106.0175483667997
Jog Falls,Watkins Platform viewpoint,trekking trails,1110.915182480512
Jog Falls,Linganamakki Dam,trekking trails,6.284754407381457
Kabini & Bandipur,Kabini River,Backwaters Safari,4.171229261805711
Kabini & Bandipur,Kabini River,Nagarhole National Park Safari,46.957715357139485
Kabini & Bandipur,Kabini River,Bandipur Tiger Reserve Safari,11.644547736365883
Kabini & Bandipur,Kabini River,Elephant sightings,57.99040792803946
Kabini & Bandipur,Kabini River,Bird watching,57.99040792803946
Kabini & Bandipur,Kabini River,Jungle lodges,89.87435577640574
Kabini & Bandipur,Backwaters Safari,Nagarhole National Park Safari,45.514096850541264
Kabini & Bandipur,Backwaters Safari,Bandipur Tiger Reserve Safari,15.23574774222812
Kabini & Bandipur,Backwaters Safari,Elephant sightings,58.739413636760055
Kabini & Bandipur,Backwaters Safari,Bird watching,58.739413636760055
Kabini & Bandipur,Backwaters Safari,Jungle lodges,87.54279957068388
Kabini & Bandipur,Nagarhole National Park Safari,Bandipur Tiger Reserve Safari,45.80812711398875
Kabini & Bandipur,Nagarhole National Park Safari,Elephant sightings,29.975808213348024
Kabini & Bandipur,Nagarhole National Park Safari,Bird watching,29.975808213348024
Kabini & Bandipur,Nagarhole National Park Safari,Jungle lodges,121.59968088049472
Kabini & Bandipur,Bandipur Tiger Reserve Safari,Elephant sightings,50.637160774099954
Kabini & Bandipur,Bandipur Tiger Reserve Safari,Bird watching,50.637160774099954
Kabini & Bandipur,Bandipur Tiger Reserve Safari,Jungle lodges,100.92865078782285
Kabini & Bandipur,Elephant sightings,Bird watching,0.0
Kabini & Bandipur,Elephant sightings,Jungle lodges,144.03722551096925
Kabini & Bandipur,Bird watching,Jungle lodges,144.03722551096925
Kanchipuram,Ekambareswarar Temple,Kailasanathar Temple,3.968838951793644
Kanchipuram,Ekambareswarar Temple,Kamakshi Amman Temple,0.8341171047942271
Kanchipuram,Ekambareswarar Temple,Varadharaja Perumal Temple,4.1506229313194885
Kanchipuram,Ekambareswarar Temple,Devarajaswami Temple,0.6511954268424835
Kanchipuram,Ekambareswarar Temple,Silk Weaving Centres,36.92781394759851
Kanchipuram,Kailasanathar Temple,Kamakshi Amman Temple,3.552830511347118
Kanchipuram,Kailasanathar Temple,Varadharaja Perumal Temple,4.676316930867673
Kanchipuram,Kailasanathar Temple,Devarajaswami Temple,3.514592027233578
Kanchipuram,Kailasanathar Temple,Silk Weaving Centres,39.01759131944458
Kanchipuram,Kamakshi Amman Temple,Varadharaja Perumal Temple,3.354633649971759
Kanchipuram,Kamakshi Amman Temple,Devarajaswami Temple,0.2426269247587887
Kanchipuram,Kamakshi Amman Temple,Silk Weaving Centres,36.57617378752181
Kanchipuram,Varadharaja Perumal Temple,Devarajaswami Temple,3.588660624631392
Kanchipuram,Varadharaja Perumal Temple,Silk Weaving Centres,34.34202193598566
Kanchipuram,Devarajaswami Temple,Silk Weaving Centres,36.78562147458066
Kanyakumari,Vivekananda Rock Memorial,Thiruvalluvar Statue,0.1231309328684146
Kanyakumari,Vivekananda Rock Memorial,Kanyakumari Beach,2.1293731335167747
Kanyakumari,Vivekananda Rock Memorial,Bhagavathy Amman Temple,75.51186777758687
Kanyakumari,Vivekananda Rock Memorial,Gandhi Memorial,0.5528757281566593
Kanyakumari,Vivekananda Rock Memorial,Suchindram Temple,13.027174716192905
Kanyakumari,Vivekananda Rock Memorial,Padmanabhapuram Palace,31.562956227545367
Kanyakumari,Thiruvalluvar Statue,Kanyakumari Beach,2.07486691889242
Kanyakumari,Thiruvalluvar Statue,Bhagavathy Amman Temple,75.47418032363383
Kanyakumari,Thiruvalluvar Statue,Gandhi Memorial,0.4585297474469553
Kanyakumari,Thiruvalluvar Statue,Suchindram Temple,12.988726346279662
Kanyakumari,Thiruvalluvar Statue,Padmanabhapuram Palace,31.51743531664021
Kanyakumari,Kanyakumari Beach,Bhagavathy Amman Temple,73.41512901705106
Kanyakumari,Kanyakumari Beach,Gandhi Memorial,1.653330766667719
Kanyakumari,Kanyakumari Beach,Suchindram Temple,10.93132895921332
Kanyakumari,Kanyakumari Beach,Padmanabhapuram Palace,29.44595968293808
Kanyakumari,Bhagavathy Amman Temple,Gandhi Memorial,75.06783410194636
Kanyakumari,Bhagavathy Amman Temple,Suchindram Temple,62.485514380506025
Kanyakumari,Bhagavathy Amman Temple,Padmanabhapuram Palace,44.076459639652384
Kanyakumari,Gandhi Memorial,Suchindram Temple,12.58325963083626
Kanyakumari,Gandhi Memorial,Padmanabhapuram Palace,31.098142616983655
Kanyakumari,Suchindram Temple,Padmanabhapuram Palace,18.57360422629652
Kochi (Cochin),Fort Kochi,Chinese Fishing Nets,0.0692507996576681
Kochi (Cochin),Fort Kochi,Mattancherry Palace,2.1244720018769394
Kochi (Cochin),Fort Kochi,Jew Town,2.3306410237180115
Kochi (Cochin),Fort Kochi,Paradesi Synagogue,2.184006765794277
Kochi (Cochin),Fort Kochi,Marine Drive,4.056624691591449
Kochi (Cochin),Fort Kochi,Bolgatty Palace,4.388185746117697
Kochi (Cochin),Fort Kochi,Kerala Kathakali Centre,0.4150183686428258
Kochi (Cochin),Fort Kochi,St. Francis Church,0.2183804136647707
Kochi (Cochin),Fort Kochi,Hill Palace Museum,4773.33974831704
Kochi (Cochin),Chinese Fishing Nets,Mattancherry Palace,2.1608191310227856
Kochi (Cochin),Chinese Fishing Nets,Jew Town,2.370679236511299
Kochi (Cochin),Chinese Fishing Nets,Paradesi Synagogue,2.2224016252409573
Kochi (Cochin),Chinese Fishing Nets,Marine Drive,4.03799562766772
Kochi (Cochin),Chinese Fishing Nets,Bolgatty Palace,4.428805982585363
Kochi (Cochin),Chinese Fishing Nets,Kerala Kathakali Centre,0.483779509929291
Kochi (Cochin),Chinese Fishing Nets,St. Francis Church,0.2772157750447458
Kochi (Cochin),Chinese Fishing Nets,Hill Palace Museum,4773.32267911806
Kochi (Cochin),Mattancherry Palace,Jew Town,0.2526820253824307
Kochi (Cochin),Mattancherry Palace,Paradesi Synagogue,0.097426280246182
Kochi (Cochin),Mattancherry Palace,Marine Drive,3.033506260982402
Kochi (Cochin),Mattancherry Palace,Bolgatty Palace,2.277408807375884
Kochi (Cochin),Mattancherry Palace,Kerala Kathakali Centre,1.895885956048084
Kochi (Cochin),Mattancherry Palace,St. Francis Church,2.1562930867474384
Kochi (Cochin),Mattancherry Palace,Hill Palace Museum,4775.375734364704
Kochi (Cochin),Jew Town,Paradesi Synagogue,0.1613693454643933
Kochi (Cochin),Jew Town,Marine Drive,3.1485154727220146
Kochi (Cochin),Jew Town,Bolgatty Palace,2.0581835043196275
Kochi (Cochin),Jew Town,Kerala Kathakali Centre,2.076019358848865
Kochi (Cochin),Jew Town,St. Francis Church,2.3473384236481056
Kochi (Cochin),Jew Town,Hill Palace Museum,4775.524838913458
Kochi (Cochin),Paradesi Synagogue,Marine Drive,3.098407845690724
Kochi (Cochin),Paradesi Synagogue,Bolgatty Palace,2.208752553787076
Kochi (Cochin),Paradesi Synagogue,Kerala Kathakali Centre,1.9416621265512504
Kochi (Cochin),Paradesi Synagogue,St. Francis Church,2.207835192545222
Kochi (Cochin),Paradesi Synagogue,Hill Palace Museum,4775.409125096982
Kochi (Cochin),Marine Drive,Bolgatty Palace,3.689217341035593
Kochi (Cochin),Marine Drive,Kerala Kathakali Centre,4.139873273317384
Kochi (Cochin),Marine Drive,St. Francis Church,4.231786162729391
Kochi (Cochin),Marine Drive,Hill Palace Museum,4776.840904283578
Kochi (Cochin),Bolgatty Palace,Kerala Kathakali Centre,4.116848429500906
Kochi (Cochin),Bolgatty Palace,St. Francis Church,4.396637143463667
Kochi (Cochin),Bolgatty Palace,Hill Palace Museum,4777.428991452455
Kochi (Cochin),Kerala Kathakali Centre,St. Francis Church,0.298152131997484
Kochi (Cochin),Kerala Kathakali Centre,Hill Palace Museum,4773.492762430025
Kochi (Cochin),St. Francis Church,Hill Palace Museum,4773.257689077448
Kodaikanal,Kodaikanal Lake,Coaker’s Walk,0.9115943275730104
Kodaikanal,Kodaikanal Lake,Bryant Park,0.7479541103441651
Kodaikanal,Kodaikanal Lake,Pillar Rocks,1.5449736930101348
Kodaikanal,Kodaikanal Lake,Silver Cascade Falls,2.74922067683073
Kodaikanal,Kodaikanal Lake,Kurinji Andavar Temple,2.727202573767134
Kodaikanal,Kodaikanal Lake,Dolphin’s Nose,2.776257670404076
Kodaikanal,Kodaikanal Lake,Berijam Lake,11.382376597994048
Kodaikanal,Coaker’s Walk,Bryant Park,0.1662948136176339
Kodaikanal,Coaker’s Walk,Pillar Rocks,1.9847669305690203
Kodaikanal,Coaker’s Walk,Silver Cascade Falls,2.2360343452957228
Kodaikanal,Coaker’s Walk,Kurinji Andavar Temple,2.724341639783664
Kodaikanal,Coaker’s Walk,Dolphin’s Nose,2.4487566492804342
Kodaikanal,Coaker’s Walk,Berijam Lake,11.917278123127035
Kodaikanal,Bryant Park,Pillar Rocks,1.8595170018097624
Kodaikanal,Bryant Park,Silver Cascade Falls,2.333894713116662
Kodaikanal,Bryant Park,Kurinji Andavar Temple,2.728909409669721
Kodaikanal,Bryant Park,Dolphin’s Nose,2.4604551637013548
Kodaikanal,Bryant Park,Berijam Lake,11.796205264153093
Kodaikanal,Pillar Rocks,Silver Cascade Falls,4.179219802441328
Kodaikanal,Pillar Rocks,Kurinji Andavar Temple,4.268368995353398
Kodaikanal,Pillar Rocks,Dolphin’s Nose,2.006807879878403
Kodaikanal,Pillar Rocks,Berijam Lake,9.936882742026931
Kodaikanal,Silver Cascade Falls,Kurinji Andavar Temple,1.5438157464381983
Kodaikanal,Silver Cascade Falls,Dolphin’s Nose,4.45040965032574
Kodaikanal,Silver Cascade Falls,Berijam Lake,14.107504460286668
Kodaikanal,Kurinji Andavar Temple,Dolphin’s Nose,5.172372946722367
Kodaikanal,Kurinji Andavar Temple,Berijam Lake,13.9134809835716
Kodaikanal,Dolphin’s Nose,Berijam Lake,10.478522848757809
Kovalam,Lighthouse Beach,Hawah Beach,0.301595028627573
Kovalam,Lighthouse Beach,Samudra Beach,1.3747225022955984
Kovalam,Lighthouse Beach,Kovalam Lighthouse,0.2770665005348233
Kovalam,Lighthouse Beach,Ayurvedic massage centres,2.1216015267254336
Kovalam,Hawah Beach,Samudra Beach,1.4163116177498112
Kovalam,Hawah Beach,Kovalam Lighthouse,0.4538741089076565
Kovalam,Hawah Beach,Ayurvedic massage centres,2.21230537572555
Kovalam,Samudra Beach,Kovalam Lighthouse,1.6439383930622664
Kovalam,Samudra Beach,Ayurvedic massage centres,3.4662737882950583
Kovalam,Kovalam Lighthouse,Ayurvedic massage centres,1.844543444235065
Kumarakom,Kumarakom Bird Sanctuary,Vembanad Lake,5.064896255857963
Kumarakom,Kumarakom Bird Sanctuary,Aruvikkuzhi Waterfalls,27.089029949660123
Kumarakom,Kumarakom Bird Sanctuary,Bay Island Driftwood Museum,1.986612819084524
Kumarakom,Kumarakom Bird Sanctuary,Pathiramanal Island,4.600904500221146
Kumarakom,Vembanad Lake,Aruvikkuzhi Waterfalls,29.93566570795709
Kumarakom,Vembanad Lake,Bay Island Driftwood Museum,4.8289659722677865
Kumarakom,Vembanad Lake,Pathiramanal Island,4.213053039763845
Kumarakom,Aruvikkuzhi Waterfalls,Bay Island Driftwood Museum,25.803602291935032
Kumarakom,Aruvikkuzhi Waterfalls,Pathiramanal Island,25.758205355057356
Kumarakom,Bay Island Driftwood Museum,Pathiramanal Island,2.825185093061181
Kurnool,Belum Caves,Oravakallu Rock Garden,65.70841848985589
Kurnool,Belum Caves,Konda Reddy Fort,81.63455079452004
Kurnool,Belum Caves,Rollapadu Wildlife Sanctuary,80.64849056071253
Kurnool,Belum Caves,Yaganti Temple,22.75415410278579
Kurnool,Oravakallu Rock Garden,Konda Reddy Fort,19.26096826375452
Kurnool,Oravakallu Rock Garden,Rollapadu Wildlife Sanctuary,32.57012939399624
Kurnool,Oravakallu Rock Garden,Yaganti Temple,44.8037965235043
Kurnool,Konda Reddy Fort,Rollapadu Wildlife Sanctuary,43.94272079737549
Kurnool,Konda Reddy Fort,Yaganti Temple,62.33028541986955
Kurnool,Rollapadu Wildlife Sanctuary,Yaganti Temple,57.97025465380442
Lepakshi,Veerabhadra Temple,Hanging Pillar,0.4013300697115464
Lepakshi,Veerabhadra Temple,Nandi Bull Statue,0.4933455289200822
Lepakshi,Veerabhadra Temple,Lepakshi Handicrafts,0.5033407870644038
Lepakshi,Hanging Pillar,Nandi Bull Statue,0.1411742220178912
Lepakshi,Hanging Pillar,Lepakshi Handicrafts,0.1972951334380199
Lepakshi,Nandi Bull Statue,Lepakshi Handicrafts,0.0688377725774102
Lonavala & Khandala,Bhushi Dam,Tiger’s Leap,3.656198683411062
Lonavala & Khandala,Bhushi Dam,Rajmachi Fort,3.656198683411062
Lonavala & Khandala,Bhushi Dam,Karla Caves,3.656198683411062
Lonavala & Khandala,Bhushi Dam,Bhaja Caves,3.656198683411062
Lonavala & Khandala,Bhushi Dam,Lohagad Fort,3.656198683411062
Lonavala & Khandala,Bhushi Dam,Duke’s Nose,3.656198683411062
Lonavala & Khandala,Bhushi Dam,Pawna Lake,3.656198683411062
Lonavala & Khandala,Tiger’s Leap,Rajmachi Fort,0.0
Lonavala & Khandala,Tiger’s Leap,Karla Caves,0.0
Lonavala & Khandala,Tiger’s Leap,Bhaja Caves,0.0
Lonavala & Khandala,Tiger’s Leap,Lohagad Fort,0.0
Lonavala & Khandala,Tiger’s Leap,Duke’s Nose,0.0
Lonavala & Khandala,Tiger’s Leap,Pawna Lake,0.0
Lonavala & Khandala,Rajmachi Fort,Karla Caves,0.0
Lonavala & Khandala,Rajmachi Fort,Bhaja Caves,0.0
Lonavala & Khandala,Rajmachi Fort,Lohagad Fort,0.0
Lonavala & Khandala,Rajmachi Fort,Duke’s Nose,0.0
Lonavala & Khandala,Rajmachi Fort,Pawna Lake,0.0
Lonavala & Khandala,Karla Caves,Bhaja Caves,0.0
Lonavala & Khandala,Karla Caves,Lohagad Fort,0.0
Lonavala & Khandala,Karla Caves,Duke’s Nose,0.0
Lonavala & Khandala,Karla Caves,Pawna Lake,0.0
Lonavala & Khandala,Bhaja Caves,Lohagad Fort,0.0
Lonavala & Khandala,Bhaja Caves,Duke’s Nose,0.0
Lonavala & Khandala,Bhaja Caves,Pawna Lake,0.0
Lonavala & Khandala,Lohagad Fort,Duke’s Nose,0.0
Lonavala & Khandala,Lohagad Fort,Pawna Lake,0.0
Lonavala & Khandala,Duke’s Nose,Pawna Lake,0.0
Madurai,Meenakshi Amman Temple,Thirumalai Nayakkar Mahal,70.26970752181937
Madurai,Meenakshi Amman Temple,Gandhi Memorial Museum,2.451969850945517
Madurai,Meenakshi Amman Temple,Koodal Azhagar Temple,2.1971554229688333
Madurai,Meenakshi Amman Temple,Alagar Kovil,72.23037238806307
Madurai,Meenakshi Amman Temple,Pazhamudhircholai Murugan Temple,22.546841057641352
Madurai,Meenakshi Amman Temple,Mariamman Teppakulam,3.3421769051170167
Madurai,Thirumalai Nayakkar Mahal,Gandhi Memorial Museum,72.66415212227027
Madurai,Thirumalai Nayakkar Mahal,Koodal Azhagar Temple,71.93783962363926
Madurai,Thirumalai Nayakkar Mahal,Alagar Kovil,10.660618520012926
Madurai,Thirumalai Nayakkar Mahal,Pazhamudhircholai Murugan Temple,91.8883394061868
Madurai,Thirumalai Nayakkar Mahal,Mariamman Teppakulam,72.0816361726115
Madurai,Gandhi Memorial Museum,Koodal Azhagar Temple,2.116836523150177
Madurai,Gandhi Memorial Museum,Alagar Kovil,74.67593137343295
Madurai,Gandhi Memorial Museum,Pazhamudhircholai Murugan Temple,20.498303871171437
Madurai,Gandhi Memorial Museum,Mariamman Teppakulam,2.3931284752566286
Madurai,Koodal Azhagar Temple,Alagar Kovil,73.67285489256174
Madurai,Koodal Azhagar Temple,Pazhamudhircholai Murugan Temple,20.53015087502853
Madurai,Koodal Azhagar Temple,Mariamman Teppakulam,4.291805146201247
Madurai,Alagar Kovil,Pazhamudhircholai Murugan Temple,92.83390607104992
Madurai,Alagar Kovil,Mariamman Teppakulam,74.42822885418046
Madurai,Pazhamudhircholai Murugan Temple,Mariamman Teppakulam,22.051022436444875
Mahabaleshwar,Arthur’s Seat,Venna Lake,5.99610764512836
Mahabaleshwar,Arthur’s Seat,Mapro Garden,12.210454707215826
Mahabaleshwar,Arthur’s Seat,Elephant’s Head Point,4.514919218465701
Mahabaleshwar,Arthur’s Seat,Wilson Point,7.374988876428303
Mahabaleshwar,Arthur’s Seat,Lingmala Waterfall,8.792710642555521
Mahabaleshwar,Arthur’s Seat,Pratapgad Fort,8.01427732877345
Mahabaleshwar,Arthur’s Seat,Kate’s Point,8.708764814646786
Mahabaleshwar,Arthur’s Seat,Needle Hole Point,6.815497605206864
Mahabaleshwar,Venna Lake,Mapro Garden,7.503622319658804
Mahabaleshwar,Venna Lake,Elephant’s Head Point,3.5870255777122133
Mahabaleshwar,Venna Lake,Wilson Point,1.3835596338446094
Mahabaleshwar,Venna Lake,Lingmala Waterfall,3.2376771650250413
Mahabaleshwar,Venna Lake,Pratapgad Fort,9.229576135463226
Mahabaleshwar,Venna Lake,Kate’s Point,4.659433616141391
Mahabaleshwar,Venna Lake,Needle Hole Point,1.2502668039247484
Mahabaleshwar,Mapro Garden,Elephant’s Head Point,11.088845041239336
Mahabaleshwar,Mapro Garden,Wilson Point,6.828257718104792
Mahabaleshwar,Mapro Garden,Lingmala Waterfall,4.420613723340167
Mahabaleshwar,Mapro Garden,Pratapgad Fort,16.690532205205812
Mahabaleshwar,Mapro Garden,Kate’s Point,3.519063916533953
Mahabaleshwar,Mapro Garden,Needle Hole Point,7.904871511800404
Mahabaleshwar,Elephant’s Head Point,Wilson Point,4.54272333929766
Mahabaleshwar,Elephant’s Head Point,Lingmala Waterfall,6.791653928074815
Mahabaleshwar,Elephant’s Head Point,Pratapgad Fort,5.738813282017669
Mahabaleshwar,Elephant’s Head Point,Kate’s Point,8.092182406927986
Mahabaleshwar,Elephant’s Head Point,Needle Hole Point,3.5437664709500507
Mahabaleshwar,Wilson Point,Lingmala Waterfall,2.4076999989141368
Mahabaleshwar,Wilson Point,Pratapgad Fort,9.908590608190762
Mahabaleshwar,Wilson Point,Kate’s Point,4.53412537885617
Mahabaleshwar,Wilson Point,Needle Hole Point,1.08223531002911
Mahabaleshwar,Lingmala Waterfall,Pratapgad Fort,12.29568556711276
Mahabaleshwar,Lingmala Waterfall,Kate’s Point,2.662443430872771
Mahabaleshwar,Lingmala Waterfall,Needle Hole Point,3.4858791733654817
Mahabaleshwar,Pratapgad Fort,Kate’s Point,13.821681180646037
Mahabaleshwar,Pratapgad Fort,Needle Hole Point,8.82741012879374
Mahabaleshwar,Kate’s Point,Needle Hole Point,5.464634749395491
Mahabalipuram,Shore Temple,Pancha Rathas,1.340473276391544
Mahabalipuram,Shore Temple,Arjuna’s Penance,0.7268642980562119
Mahabalipuram,Shore Temple,Krishna’s Butterball,0.7958406398384258
Mahabalipuram,Shore Temple,Cave Temples,0.6979515284298109
Mahabalipuram,Shore Temple,Mahabalipuram Beach,0.8951396829162125
Mahabalipuram,Shore Temple,Lighthouse,0.8235169145590083
Mahabalipuram,Pancha Rathas,Arjuna’s Penance,1.0515555372176828
Mahabalipuram,Pancha Rathas,Krishna’s Butterball,1.1672040324790385
Mahabalipuram,Pancha Rathas,Cave Temples,1.2632012819674423
Mahabalipuram,Pancha Rathas,Mahabalipuram Beach,0.6600030882023228
Mahabalipuram,Pancha Rathas,Lighthouse,0.7475626753369806
Mahabalipuram,Arjuna’s Penance,Krishna’s Butterball,0.134490016132495
Mahabalipuram,Arjuna’s Penance,Cave Temples,0.2144238770176279
Mahabalipuram,Arjuna’s Penance,Mahabalipuram Beach,1.0177819277965223
Mahabalipuram,Arjuna’s Penance,Lighthouse,0.304110446533885
Mahabalipuram,Krishna’s Butterball,Cave Temples,0.1471049614346342
Mahabalipuram,Krishna’s Butterball,Mahabalipuram Beach,1.1518830940783853
Mahabalipuram,Krishna’s Butterball,Lighthouse,0.4224899472143661
Mahabalipuram,Cave Temples,Mahabalipuram Beach,1.1738683115875077
Mahabalipuram,Cave Temples,Lighthouse,0.5170572033698937
Mahabalipuram,Mahabalipuram Beach,Lighthouse,0.8024179445642396
Matheran,Charlotte Lake,Panorama Point,4.629517032101581
Matheran,Charlotte Lake,Echo Point,0.6682644609675423
Matheran,Charlotte Lake,Louisa Point,1.039015586570635
Matheran,Charlotte Lake,One Tree Hill Point,1.3009864070724242
Matheran,Charlotte Lake,Toy Train,776.5811808370603
Matheran,Panorama Point,Echo Point,4.094854698304421
Matheran,Panorama Point,Louisa Point,4.307358978907446
Matheran,Panorama Point,One Tree Hill Point,3.427500428189988
Matheran,Panorama Point,Toy Train,779.9599986920251
Matheran,Echo Point,Louisa Point,0.5837676762937387
Matheran,Echo Point,One Tree Hill Point,1.0509472192696778
Matheran,Echo Point,Toy Train,777.2413375942725
Matheran,Louisa Point,One Tree Hill Point,1.5908872146974162
Matheran,Louisa Point,Toy Train,777.5414929961775
Matheran,One Tree Hill Point,Toy Train,777.1843169356923
Mumbai,Gateway of India,Marine Drive,1.6777171162289788
Mumbai,Gateway of India,Elephanta Caves,11.182091444391192
Mumbai,Gateway of India,Chhatrapati Shivaji Maharaj Terminus,2.016117621247303
Mumbai,Gateway of India,Colaba Causeway Market,0.3591298979869492
Mumbai,Gateway of India,Chowpatty Beach,4.263402552711905
Mumbai,Gateway of India,Siddhivinayak Temple,10.575471387488642
Mumbai,Gateway of India,Haji Ali Dargah,7.281823652882474
Mumbai,Gateway of India,Hanging Gardens,4.964098983506392
Mumbai,Gateway of India,Juhu Beach,10.575471387488642
Mumbai,Gateway of India,Sanjay Gandhi National Park,33.59420523298606
Mumbai,Gateway of India,Kanheri Caves,32.720510966657685
Mumbai,Gateway of India,Film City,27.21597298647477
Mumbai,Marine Drive,Elephanta Caves,11.882409469007998
Mumbai,Marine Drive,Chhatrapati Shivaji Maharaj Terminus,1.6448209460760292
Mumbai,Marine Drive,Colaba Causeway Market,1.3913618338742386
Mumbai,Marine Drive,Chowpatty Beach,2.6547367960837587
Mumbai,Marine Drive,Siddhivinayak Temple,9.413958789213712
Mumbai,Marine Drive,Haji Ali Dargah,5.783334967806467
Mumbai,Marine Drive,Hanging Gardens,3.3017664687163726
Mumbai,Marine Drive,Juhu Beach,9.413958789213712
Mumbai,Marine Drive,Sanjay Gandhi National Park,32.76937502275796
Mumbai,Marine Drive,Kanheri Caves,31.81318210988765
Mumbai,Marine Drive,Film City,26.336802248036
Mumbai,Elephanta Caves,Chhatrapati Shivaji Maharaj Terminus,10.287269742153123
Mumbai,Elephanta Caves,Colaba Causeway Market,11.474815652252362
Mumbai,Elephanta Caves,Chowpatty Beach,12.503373804824951
Mumbai,Elephanta Caves,Siddhivinayak Temple,12.17915797309788
Mumbai,Elephanta Caves,Haji Ali Dargah,13.04670667125985
Mumbai,Elephanta Caves,Hanging Gardens,13.321999958679724
Mumbai,Elephanta Caves,Juhu Beach,12.17915797309788
Mumbai,Elephanta Caves,Sanjay Gandhi National Park,28.038591636706965
Mumbai,Elephanta Caves,Kanheri Caves,27.819368275452945
Mumbai,Elephanta Caves,Film City,22.527477471695743
Mumbai,Chhatrapati Shivaji Maharaj Terminus,Colaba Causeway Market,2.017716331422841
Mumbai,Chhatrapati Shivaji Maharaj Terminus,Chowpatty Beach,2.979772878993739
Mumbai,Chhatrapati Shivaji Maharaj Terminus,Siddhivinayak Temple,8.590598964073815
Mumbai,Chhatrapati Shivaji Maharaj Terminus,Haji Ali Dargah,5.589391607486382
Mumbai,Chhatrapati Shivaji Maharaj Terminus,Hanging Gardens,3.833638613620575
Mumbai,Chhatrapati Shivaji Maharaj Terminus,Juhu Beach,8.590598964073815
Mumbai,Chhatrapati Shivaji Maharaj Terminus,Sanjay Gandhi National Park,31.59592713847945
Mumbai,Chhatrapati Shivaji Maharaj Terminus,Kanheri Caves,30.709930926218306
Mumbai,Chhatrapati Shivaji Maharaj Terminus,Film City,25.208068812051547
Mumbai,Colaba Causeway Market,Chowpatty Beach,4.022994020206925
Mumbai,Colaba Causeway Market,Siddhivinayak Temple,10.494705444441792
Mumbai,Colaba Causeway Market,Haji Ali Dargah,7.091703409275399
Mumbai,Colaba Causeway Market,Hanging Gardens,4.69283701670005
Mumbai,Colaba Causeway Market,Juhu Beach,10.494705444441792
Mumbai,Colaba Causeway Market,Sanjay Gandhi National Park,33.6120499360778
Mumbai,Colaba Causeway Market,Kanheri Caves,32.717850207001725
Mumbai,Colaba Causeway Market,Film City,27.21912487412251
Mumbai,Chowpatty Beach,Siddhivinayak Temple,7.200055329923741
Mumbai,Chowpatty Beach,Haji Ali Dargah,3.191313306609517
Mumbai,Chowpatty Beach,Hanging Gardens,0.8778848553925352
Mumbai,Chowpatty Beach,Juhu Beach,7.200055329923741
Mumbai,Chowpatty Beach,Sanjay Gandhi National Park,30.80820314878846
Mumbai,Chowpatty Beach,Kanheri Caves,29.750629329664587
Mumbai,Chowpatty Beach,Film City,24.32810623887012
Mumbai,Siddhivinayak Temple,Haji Ali Dargah,4.408728805022886
Mumbai,Siddhivinayak Temple,Hanging Gardens,7.215653304062484
Mumbai,Siddhivinayak Temple,Juhu Beach,0.0
Mumbai,Siddhivinayak Temple,Sanjay Gandhi National Park,23.64493178817018
Mumbai,Siddhivinayak Temple,Kanheri Caves,22.55456856370771
Mumbai,Siddhivinayak Temple,Film City,17.151645624047283
Mumbai,Haji Ali Dargah,Hanging Gardens,2.9372977259134623
Mumbai,Haji Ali Dargah,Juhu Beach,4.408728805022886
Mumbai,Haji Ali Dargah,Sanjay Gandhi National Park,28.006186086384027
Mumbai,Haji Ali Dargah,Kanheri Caves,26.859860424898432
Mumbai,Haji Ali Dargah,Film City,21.50429118905484
Mumbai,Hanging Gardens,Juhu Beach,7.215653304062484
Mumbai,Hanging Gardens,Sanjay Gandhi National Park,30.860472903669788
Mumbai,Hanging Gardens,Kanheri Caves,29.751127509409
Mumbai,Hanging Gardens,Film City,24.365663991702952
Mumbai,Juhu Beach,Sanjay Gandhi National Park,23.64493178817018
Mumbai,Juhu Beach,Kanheri Caves,22.55456856370771
Mumbai,Juhu Beach,Film City,17.151645624047283
Mumbai,Sanjay Gandhi National Park,Kanheri Caves,2.089825470204408
Mumbai,Sanjay Gandhi National Park,Film City,6.504552972799173
Mumbai,Kanheri Caves,Film City,5.522891927338508
Munnar,Eravikulam National Park,Anamudi Peak,6.583181140932445
Munnar,Eravikulam National Park,Mattupetty Dam,14.202257825103302
Munnar,Eravikulam National Park,Echo Point,14.375598836414856
Munnar,Eravikulam National Park,Kundala Lake,15.652369493206349
Munnar,Eravikulam National Park,Attukal Waterfalls,17.441627858707523
Munnar,Eravikulam National Park,Top Station,15.211466291192831
Munnar,Eravikulam National Park,Tea Museum,14.676549967667777
Munnar,Eravikulam National Park,Pothamedu Viewpoint,18.34022331875593
Munnar,Eravikulam National Park,Chinnar Wildlife Sanctuary,3.2113731207675267
Munnar,Anamudi Peak,Mattupetty Dam,12.37516007373804
Munnar,Anamudi Peak,Echo Point,14.337253908281744
Munnar,Anamudi Peak,Kundala Lake,17.125500470270634
Munnar,Anamudi Peak,Attukal Waterfalls,12.99612017377938
Munnar,Anamudi Peak,Top Station,10.727368799220535
Munnar,Anamudi Peak,Tea Museum,9.560249920380912
Munnar,Anamudi Peak,Pothamedu Viewpoint,13.628630898825966
Munnar,Anamudi Peak,Chinnar Wildlife Sanctuary,6.602723605433313
Munnar,Mattupetty Dam,Echo Point,3.9456909237839737
Munnar,Mattupetty Dam,Kundala Lake,8.053322021163138
Munnar,Mattupetty Dam,Attukal Waterfalls,6.737994486213808
Munnar,Mattupetty Dam,Top Station,6.051371540221685
Munnar,Mattupetty Dam,Tea Museum,7.624292150692213
Munnar,Mattupetty Dam,Pothamedu Viewpoint,7.885346293902982
Munnar,Mattupetty Dam,Chinnar Wildlife Sanctuary,11.14421398045488
Munnar,Echo Point,Kundala Lake,4.107631870021576
Munnar,Echo Point,Attukal Waterfalls,10.629842794021648
Munnar,Echo Point,Top Station,9.975240905181044
Munnar,Echo Point,Tea Museum,11.452104309941614
Munnar,Echo Point,Pothamedu Viewpoint,11.758727375552704
Munnar,Echo Point,Chinnar Wildlife Sanctuary,11.164245762836591
Munnar,Kundala Lake,Attukal Waterfalls,14.711585862288528
Munnar,Kundala Lake,Top Station,14.073332999363569
Munnar,Kundala Lake,Tea Museum,15.500479324450083
Munnar,Kundala Lake,Pothamedu Viewpoint,15.828656969864378
Munnar,Kundala Lake,Chinnar Wildlife Sanctuary,12.580329019678071
Munnar,Attukal Waterfalls,Top Station,2.287151083498849
Munnar,Attukal Waterfalls,Tea Museum,3.720444061126541
Munnar,Attukal Waterfalls,Pothamedu Viewpoint,1.1635561664320786
Munnar,Attukal Waterfalls,Chinnar Wildlife Sanctuary,15.014326433855189
Munnar,Top Station,Tea Museum,1.935681672137452
Munnar,Top Station,Pothamedu Viewpoint,3.133374497289146
Munnar,Top Station,Chinnar Wildlife Sanctuary,12.879539099089587
Munnar,Tea Museum,Pothamedu Viewpoint,4.116028433259261
Munnar,Tea Museum,Chinnar Wildlife Sanctuary,12.669475224025051
Munnar,Pothamedu Viewpoint,Chinnar Wildlife Sanctuary,16.000746199790154
Mysuru,Mysore Palace,Chamundi Hill,4.032781806486363
Mysuru,Mysore Palace,Chamundeshwari Temple,20.653208440467907
Mysuru,Mysore Palace,Mysore Zoo,1.5741845697758001
Mysuru,Mysore Palace,St. Philomena’s Cathedral,1.8026382261548726
Mysuru,Mysore Palace,Brindavan Gardens,3.5895881668370286
Mysuru,Mysore Palace,Jaganmohan Palace,0.4310655905873247
Mysuru,Mysore Palace,Art Gallery,318.84961510986926
Mysuru,Mysore Palace,Rail Museum,1.6607191680755988
Mysuru,Mysore Palace,Karanji Lake,2.062665135136692
Mysuru,Mysore Palace,Butterfly Park,2.088199579162344
Mysuru,Mysore Palace,Lalitha Mahal Palace,4.1962434815738066
Mysuru,Mysore Palace,Ranganathittu Bird Sanctuary,13.663018003046771
Mysuru,Chamundi Hill,Chamundeshwari Temple,16.771396582731683
Mysuru,Chamundi Hill,Mysore Zoo,3.1482740161319875
Mysuru,Chamundi Hill,St. Philomena’s Cathedral,5.561230269055696
Mysuru,Chamundi Hill,Brindavan Gardens,7.206951043164554
Mysuru,Chamundi Hill,Jaganmohan Palace,4.371009447738668
Mysuru,Chamundi Hill,Art Gallery,4.422528768710797
Mysuru,Chamundi Hill,Rail Museum,5.628378948545317
Mysuru,Chamundi Hill,Karanji Lake,3.3259420458493234
Mysuru,Chamundi Hill,Butterfly Park,3.395939611087137
Mysuru,Chamundi Hill,Lalitha Mahal Palace,3.7475210970826223
Mysuru,Chamundi Hill,Ranganathittu Bird Sanctuary,17.404900652475618
Mysuru,Chamundeshwari Temple,Mysore Zoo,19.914554460658195
Mysuru,Chamundeshwari Temple,St. Philomena’s Cathedral,22.310379941336016
Mysuru,Chamundeshwari Temple,Brindavan Gardens,23.02840287737702
Mysuru,Chamundeshwari Temple,Jaganmohan Palace,20.907649984951284
Mysuru,Chamundeshwari Temple,Art Gallery,20.930886589750983
Mysuru,Chamundeshwari Temple,Rail Museum,22.061133885304027
Mysuru,Chamundeshwari Temple,Karanji Lake,20.024054445889625
Mysuru,Chamundeshwari Temple,Butterfly Park,20.08710703824485
Mysuru,Chamundeshwari Temple,Lalitha Mahal Palace,19.493277142736247
Mysuru,Chamundeshwari Temple,Ranganathittu Bird Sanctuary,34.17221187495711
Mysuru,Mysore Zoo,St. Philomena’s Cathedral,2.509998091781716
Mysuru,Mysore Zoo,Brindavan Gardens,5.153470110192029
Mysuru,Mysore Zoo,Jaganmohan Palace,2.0035385123535225
Mysuru,Mysore Zoo,Art Gallery,2.099805846813058
Mysuru,Mysore Zoo,Rail Museum,3.146645116014139
Mysuru,Mysore Zoo,Karanji Lake,0.5711941020740948
Mysuru,Mysore Zoo,Butterfly Park,0.6274915848652748
Mysuru,Mysore Zoo,Lalitha Mahal Palace,2.647687584473589
Mysuru,Mysore Zoo,Ranganathittu Bird Sanctuary,14.258497907606827
Mysuru,St. Philomena’s Cathedral,Brindavan Gardens,3.616579718297465
Mysuru,St. Philomena’s Cathedral,Jaganmohan Palace,1.7674991466797447
Mysuru,St. Philomena’s Cathedral,Art Gallery,1.8140595463655904
Mysuru,St. Philomena’s Cathedral,Rail Museum,1.6670770995927144
Mysuru,St. Philomena’s Cathedral,Karanji Lake,2.651923427003627
Mysuru,St. Philomena’s Cathedral,Butterfly Park,2.622037931560867
Mysuru,St. Philomena’s Cathedral,Lalitha Mahal Palace,4.496872355402132
Mysuru,St. Philomena’s Cathedral,Ranganathittu Bird Sanctuary,11.916889039654174
Mysuru,Brindavan Gardens,Jaganmohan Palace,3.1588517387366277
Mysuru,Brindavan Gardens,Art Gallery,3.0678528326984966
Mysuru,Brindavan Gardens,Rail Museum,2.090064846723267
Mysuru,Brindavan Gardens,Karanji Lake,5.592756475091629
Mysuru,Brindavan Gardens,Butterfly Park,5.603435128567577
Mysuru,Brindavan Gardens,Lalitha Mahal Palace,7.709919359954915
Mysuru,Brindavan Gardens,Ranganathittu Bird Sanctuary,12.447044145362304
Mysuru,Jaganmohan Palace,Art Gallery,0.1015607167237066
Mysuru,Jaganmohan Palace,Rail Museum,1.2679975805994608
Mysuru,Jaganmohan Palace,Karanji Lake,2.481245363827506
Mysuru,Jaganmohan Palace,Butterfly Park,2.503315651507
Mysuru,Jaganmohan Palace,Lalitha Mahal Palace,4.615743028850644
Mysuru,Jaganmohan Palace,Ranganathittu Bird Sanctuary,13.48673071807488
Mysuru,Art Gallery,Rail Museum,1.2076266814722534
Mysuru,Art Gallery,Karanji Lake,2.581018171962779
Mysuru,Art Gallery,Butterfly Park,2.6035881070719102
Mysuru,Art Gallery,Lalitha Mahal Palace,4.715513566308563
Mysuru,Art Gallery,Ranganathittu Bird Sanctuary,13.48756805979395
Mysuru,Rail Museum,Karanji Lake,3.540707034100438
Mysuru,Rail Museum,Butterfly Park,3.544965198685309
Mysuru,Rail Museum,Lalitha Mahal Palace,5.637201677815892
Mysuru,Rail Museum,Ranganathittu Bird Sanctuary,12.520732621621022
Mysuru,Karanji Lake,Butterfly Park,0.0757257543748786
Mysuru,Karanji Lake,Lalitha Mahal Palace,2.134504709160624
Mysuru,Karanji Lake,Ranganathittu Bird Sanctuary,14.160005038622495
Mysuru,Butterfly Park,Lalitha Mahal Palace,2.1144864073058014
Mysuru,Butterfly Park,Ranganathittu Bird Sanctuary,14.099403171014837
Mysuru,Lalitha Mahal Palace,Ranganathittu Bird Sanctuary,15.039028350169769
Nagarjuna Sagar,Nagarjuna Sagar Dam,Nagarjuna Konda Museum & Island,9.71975465254116
Nagarjuna Sagar,Nagarjuna Sagar Dam,Ethipothala Waterfalls,9.3978841666878
Nagarjuna Sagar,Nagarjuna Konda Museum & Island,Ethipothala Waterfalls,19.11759070656223
Nashik,Sula Vineyards,Panchavati,15.584771221820429
Nashik,Sula Vineyards,Kalaram Temple,11.267112825016438
Nashik,Sula Vineyards,Sita Gufa,807.0789660144811
Nashik,Sula Vineyards,Kapaleshwar Temple,11.034766357043102
Nashik,Sula Vineyards,Trimbakeshwar Temple,18.361848038830058
Nashik,Sula Vineyards,Pandav Leni Caves,361.46206414075306
Nashik,Sula Vineyards,Anjaneri Hills,7.747442548250754
Nashik,Sula Vineyards,Godavari Ghats,18.90640317778592
Nashik,Panchavati,Kalaram Temple,4.426046734021055
Nashik,Panchavati,Sita Gufa,791.7079341454444
Nashik,Panchavati,Kapaleshwar Temple,4.68482256370376
Nashik,Panchavati,Trimbakeshwar Temple,33.31465071496493
Nashik,Panchavati,Pandav Leni Caves,360.7012315123959
Nashik,Panchavati,Anjaneri Hills,9.103543712147156
Nashik,Panchavati,Godavari Ghats,4.690207133453895
Nashik,Kalaram Temple,Sita Gufa,795.8588507690846
Nashik,Kalaram Temple,Kapaleshwar Temple,0.266081732035371
Nashik,Kalaram Temple,Trimbakeshwar Temple,28.889837646150685
Nashik,Kalaram Temple,Pandav Leni Caves,360.0194975699571
Nashik,Kalaram Temple,Anjaneri Hills,4.800450997150302
Nashik,Kalaram Temple,Godavari Ghats,7.836360336383735
Nashik,Sita Gufa,Kapaleshwar Temple,796.0791809883733
Nashik,Sita Gufa,Trimbakeshwar Temple,822.7692395183509
Nashik,Sita Gufa,Pandav Leni Caves,803.5898362043833
Nashik,Sita Gufa,Anjaneri Hills,799.5953165343602
Nashik,Sita Gufa,Godavari Ghats,788.180697393985
Nashik,Kapaleshwar Temple,Trimbakeshwar Temple,28.630019924590847
Nashik,Kapaleshwar Temple,Pandav Leni Caves,359.9183333897884
Nashik,Kapaleshwar Temple,Anjaneri Hills,4.535395080799953
Nashik,Kapaleshwar Temple,Godavari Ghats,8.024837582146334
Nashik,Trimbakeshwar Temple,Pandav Leni Caves,356.1570840924623
Nashik,Trimbakeshwar Temple,Anjaneri Hills,24.3481838128577
Nashik,Trimbakeshwar Temple,Godavari Ghats,35.70685668071711
Nashik,Pandav Leni Caves,Anjaneri Hills,357.8463881394871
Nashik,Pandav Leni Caves,Godavari Ghats,357.0029039736595
Nashik,Anjaneri Hills,Godavari Ghats,11.50371871054616
Ooty,Ooty Lake,Botanical Gardens,1.240422581459817
Ooty,Ooty Lake,Rose Garden,1.8595203867483767
Ooty,Ooty Lake,Doddabetta Peak,4.805172821189091
Ooty,Ooty Lake,Avalanche Lake,13.988395072338488
Ooty,Ooty Lake,Emerald Lake,1.240422581459817
Ooty,Ooty Lake,Nilgiri Mountain Railway,0.31107374105275
Ooty,Ooty Lake,Tea Museum,3.30367499903867
Ooty,Ooty Lake,Pykara Lake,1.240422581459817
Ooty,Ooty Lake,Pykara Falls,1.240422581459817
Ooty,Ooty Lake,St. Stephen’s Church,1.70343068260747
Ooty,Botanical Gardens,Rose Garden,0.7573798583415445
Ooty,Botanical Gardens,Doddabetta Peak,3.75925435466714
Ooty,Botanical Gardens,Avalanche Lake,15.167617629783294
Ooty,Botanical Gardens,Emerald Lake,0.0
Ooty,Botanical Gardens,Nilgiri Mountain Railway,1.3777194144345006
Ooty,Botanical Gardens,Tea Museum,2.0847598310171547
Ooty,Botanical Gardens,Pykara Lake,0.0
Ooty,Botanical Gardens,Pykara Falls,0.0
Ooty,Botanical Gardens,St. Stephen’s Church,0.7369854129411111
Ooty,Rose Garden,Doddabetta Peak,3.0088731725795377
Ooty,Rose Garden,Avalanche Lake,15.542170198728895
Ooty,Rose Garden,Emerald Lake,0.7573798583415445
Ooty,Rose Garden,Nilgiri Mountain Railway,1.903390063820367
Ooty,Rose Garden,Tea Museum,1.485527140952539
Ooty,Rose Garden,Pykara Lake,0.7573798583415445
Ooty,Rose Garden,Pykara Falls,0.7573798583415445
Ooty,Rose Garden,St. Stephen’s Church,1.206125387066661
Ooty,Doddabetta Peak,Avalanche Lake,17.61259199340546
Ooty,Doddabetta Peak,Emerald Lake,3.75925435466714
Ooty,Doddabetta Peak,Nilgiri Mountain Railway,4.769689605412391
Ooty,Doddabetta Peak,Tea Museum,2.034261722785473
Ooty,Doddabetta Peak,Pykara Lake,3.75925435466714
Ooty,Doddabetta Peak,Pykara Falls,3.75925435466714
Ooty,Doddabetta Peak,St. Stephen’s Church,3.962260959750625
Ooty,Avalanche Lake,Emerald Lake,15.167617629783294
Ooty,Avalanche Lake,Nilgiri Mountain Railway,13.795835212449097
Ooty,Avalanche Lake,Tea Museum,16.99164623516627
Ooty,Avalanche Lake,Pykara Lake,15.167617629783294
Ooty,Avalanche Lake,Pykara Falls,15.167617629783294
Ooty,Avalanche Lake,St. Stephen’s Church,15.688300441938884
Ooty,Emerald Lake,Nilgiri Mountain Railway,1.3777194144345006
Ooty,Emerald Lake,Tea Museum,2.0847598310171547
Ooty,Emerald Lake,Pykara Lake,0.0
Ooty,Emerald Lake,Pykara Falls,0.0
Ooty,Emerald Lake,St. Stephen’s Church,0.7369854129411111
Ooty,Nilgiri Mountain Railway,Tea Museum,3.3791556429265723
Ooty,Nilgiri Mountain Railway,Pykara Lake,1.3777194144345006
Ooty,Nilgiri Mountain Railway,Pykara Falls,1.3777194144345006
Ooty,Nilgiri Mountain Railway,St. Stephen’s Church,1.9278179505053827
Ooty,Tea Museum,Pykara Lake,2.0847598310171547
Ooty,Tea Museum,Pykara Falls,2.0847598310171547
Ooty,Tea Museum,St. Stephen’s Church,2.046909704312991
Ooty,Pykara Lake,Pykara Falls,0.0
Ooty,Pykara Lake,St. Stephen’s Church,0.7369854129411111
Ooty,Pykara Falls,St. Stephen’s Church,0.7369854129411111
Pattadakal,Virupaksha Temple,Mallikarjuna Temple,0.044503633237061614
Pattadakal,Virupaksha Temple,Papanatha Temple,0.18446768285694184
Pattadakal,Virupaksha Temple,Jain Temple,0.8781622142814461
Pattadakal,Mallikarjuna Temple,Papanatha Temple,0.2115202568938552
Pattadakal,Mallikarjuna Temple,Jain Temple,0.8373422832554166
Pattadakal,Papanatha Temple,Jain Temple,0.9258545593379692
Pune,Shaniwar Wada,Aga Khan Palace,6.0881010011315535
Pune,Shaniwar Wada,Pataleshwar Cave Temple,1.0222495302354049
Pune,Shaniwar Wada,Sinhagad Fort,20.057049824802164
Pune,Shaniwar Wada,Raja Dinkar Kelkar Museum,0.9628524273013775
Pune,Shaniwar Wada,Dagdusheth Ganapati Temple,0.3421013203280768
Pune,Shaniwar Wada,Osho Ashram,4.010815243995735
Pune,Aga Khan Palace,Pataleshwar Cave Temple,6.1315936286116015
Pune,Aga Khan Palace,Sinhagad Fort,25.802460616151496
Pune,Aga Khan Palace,Raja Dinkar Kelkar Museum,6.77866987764593
Pune,Aga Khan Palace,Dagdusheth Ganapati Temple,6.232819350124135
Pune,Aga Khan Palace,Osho Ashram,2.186336506080767
Pune,Pataleshwar Cave Temple,Sinhagad Fort,20.50011744725019
Pune,Pataleshwar Cave Temple,Raja Dinkar Kelkar Museum,1.863198953139154
Pune,Pataleshwar Cave Temple,Dagdusheth Ganapati Temple,1.3468739818411446
Pune,Pataleshwar Cave Temple,Osho Ashram,4.233723736166643
Pune,Sinhagad Fort,Raja Dinkar Kelkar Museum,19.190494041679443
Pune,Sinhagad Fort,Dagdusheth Ganapati Temple,19.81412655953213
Pune,Sinhagad Fort,Osho Ashram,23.618066190585328
Pune,Raja Dinkar Kelkar Museum,Dagdusheth Ganapati Temple,0.6495245851744422
Pune,Raja Dinkar Kelkar Museum,Osho Ashram,4.628817784044017
Pune,Dagdusheth Ganapati Temple,Osho Ashram,4.116376735079575
Rajahmundry,Godavari Bridge,Dowleswaram Barrage,6.910912225200663
Rajahmundry,Godavari Bridge,ISKCON Temple,1.1232332783619556
Rajahmundry,Godavari Bridge,Papikondalu boat cruise,53.6938060452842
Rajahmundry,Godavari Bridge,Kotilingeshwara Temple,2.81264372457476
Rajahmundry,Dowleswaram Barrage,ISKCON Temple,6.356367479806901
Rajahmundry,Dowleswaram Barrage,Papikondalu boat cruise,60.460268221817
Rajahmundry,Dowleswaram Barrage,Kotilingeshwara Temple,9.703200536263376
Rajahmundry,ISKCON Temple,Papikondalu boat cruise,54.50985025692925
Rajahmundry,ISKCON Temple,Kotilingeshwara Temple,3.6595630563701143
Rajahmundry,Papikondalu boat cruise,Kotilingeshwara Temple,50.88945337642575
Rameswaram,Ramanathaswamy Temple,Agni Theertham,121.64817217040094
Rameswaram,Ramanathaswamy Temple,Dhanushkodi Beach,3.783890373736255
Rameswaram,Ramanathaswamy Temple,Pamban Bridge,12.312438228734177
Rameswaram,Ramanathaswamy Temple,Gandhamadhana Parvatham,2.103153029961049
Rameswaram,Ramanathaswamy Temple,APJ Abdul Kalam Memorial,5.091442923482495
Rameswaram,Agni Theertham,Dhanushkodi Beach,118.97061232898932
Rameswaram,Agni Theertham,Pamban Bridge,114.1173293903445
Rameswaram,Agni Theertham,Gandhamadhana Parvatham,119.54882048570806
Rameswaram,Agni Theertham,APJ Abdul Kalam Memorial,118.24269445734966
Rameswaram,Dhanushkodi Beach,Pamban Bridge,8.554907289761564
Rameswaram,Dhanushkodi Beach,Gandhamadhana Parvatham,2.8350743763587096
Rameswaram,Dhanushkodi Beach,APJ Abdul Kalam Memorial,1.3249987758182675
Rameswaram,Pamban Bridge,Gandhamadhana Parvatham,11.185862917081796
Rameswaram,Pamban Bridge,APJ Abdul Kalam Memorial,7.231630853163654
Rameswaram,Gandhamadhana Parvatham,APJ Abdul Kalam Memorial,4.090818727648851
Shirdi,Shri Sai Baba Samadhi Mandir,Dwarkamai Mosque,0.0684594359866545
Shirdi,Shri Sai Baba Samadhi Mandir,Gurusthan,1.2678299097611625
Shirdi,Shri Sai Baba Samadhi Mandir,Chavadi,1.249807531813572
Shirdi,Shri Sai Baba Samadhi Mandir,Sai Heritage Village,1.2672977214279124
Shirdi,Dwarkamai Mosque,Gurusthan,1.2608528753272057
Shirdi,Dwarkamai Mosque,Chavadi,1.2458037062241931
Shirdi,Dwarkamai Mosque,Sai Heritage Village,1.2580704774858456
Shirdi,Gurusthan,Chavadi,0.0571719848603329
Shirdi,Gurusthan,Sai Heritage Village,0.0418573479271481
Shirdi,Chavadi,Sai Heritage Village,0.0973678198727936
Srisailam,Mallikarjuna Jyotirlinga Temple,Srisailam Dam,3.4087533923460045
Srisailam,Mallikarjuna Jyotirlinga Temple,Akkamahadevi Caves,0.496209879031551
Srisailam,Mallikarjuna Jyotirlinga Temple,Pathala Ganga (Krishna River boating),0.496209879031551
Srisailam,Mallikarjuna Jyotirlinga Temple,Sakshi Ganapati Temple,0.496209879031551
Srisailam,Srisailam Dam,Akkamahadevi Caves,2.975263288391848
Srisailam,Srisailam Dam,Pathala Ganga (Krishna River boating),2.975263288391848
Srisailam,Srisailam Dam,Sakshi Ganapati Temple,2.975263288391848
Srisailam,Akkamahadevi Caves,Pathala Ganga (Krishna River boating),0.0
Srisailam,Akkamahadevi Caves,Sakshi Ganapati Temple,0.0
Srisailam,Pathala Ganga (Krishna River boating),Sakshi Ganapati Temple,0.0
Thanjavur,Brihadeeswarar Temple (Big Temple),Thanjavur Palace,1.173887867659234
Thanjavur,Brihadeeswarar Temple (Big Temple),Saraswathi Mahal Library,0.7187422597904882
Thanjavur,Brihadeeswarar Temple (Big Temple),Schwartz Church,0.5440354386916266
Thanjavur,Brihadeeswarar Temple (Big Temple),Art Gallery,0.7641720439724068
Thanjavur,Brihadeeswarar Temple (Big Temple),Gangaikonda Cholapuram,0.7188642060967255
Thanjavur,Thanjavur Palace,Saraswathi Mahal Library,0.537201634932917
Thanjavur,Thanjavur Palace,Schwartz Church,0.9354890877960989
Thanjavur,Thanjavur Palace,Art Gallery,0.4817005328348169
Thanjavur,Thanjavur Palace,Gangaikonda Cholapuram,0.5372327985083969
Thanjavur,Saraswathi Mahal Library,Schwartz Church,0.730972683005193
Thanjavur,Saraswathi Mahal Library,Art Gallery,0.0557755465996129
Thanjavur,Saraswathi Mahal Library,Gangaikonda Cholapuram,0.0002184601671386
Thanjavur,Schwartz Church,Art Gallery,0.7419329494842133
Thanjavur,Schwartz Church,Gangaikonda Cholapuram,0.731186368145146
Thanjavur,Art Gallery,Gangaikonda Cholapuram,0.0557866690382391
Thekkady,Periyar Wildlife Sanctuary,Periyar Lake (boating),6.981907768029063
Thekkady,Periyar Wildlife Sanctuary,Mangala Devi Temple,2.107637505110425
Thekkady,Periyar Wildlife Sanctuary,Spice Plantations,2.107637505110425
Thekkady,Periyar Wildlife Sanctuary,Kadathanadan Kalari Centre,1.0373773436111278
Thekkady,Periyar Lake (boating),Mangala Devi Temple,4.87428414243372
Thekkady,Periyar Lake (boating),Spice Plantations,4.87428414243372
Thekkady,Periyar Lake (boating),Kadathanadan Kalari Centre,7.987256112612492
Thekkady,Mangala Devi Temple,Spice Plantations,0.0
Thekkady,Mangala Devi Temple,Kadathanadan Kalari Centre,3.120870714178479
Thekkady,Spice Plantations,Kadathanadan Kalari Centre,3.120870714178479
Thrissur,Vadakkunnathan Temple,Shakthan Thampuran Palace,0.7884534618902976
Thrissur,Vadakkunnathan Temple,Athirapally Falls,24.99328972207952
Thrissur,Vadakkunnathan Temple,Vazhachal Falls,48.202262801571294
Thrissur,Vadakkunnathan Temple,Kerala Kalamandalam,24.685891316375876
Thrissur,Vadakkunnathan Temple,Thrissur Zoo,1.191948637828382
Thrissur,Vadakkunnathan Temple,Guruvayur Temple,20.65603794536008
Thrissur,Shakthan Thampuran Palace,Athirapally Falls,25.54903684404957
Thrissur,Shakthan Thampuran Palace,Vazhachal Falls,48.44853751933506
Thrissur,Shakthan Thampuran Palace,Kerala Kalamandalam,23.89878943127989
Thrissur,Shakthan Thampuran Palace,Thrissur Zoo,0.846864316890514
Thrissur,Shakthan Thampuran Palace,Guruvayur Temple,20.54996819414017
Thrissur,Athirapally Falls,Vazhachal Falls,28.113743691811703
Thrissur,Athirapally Falls,Kerala Kalamandalam,45.184537335810326
Thrissur,Athirapally Falls,Thrissur Zoo,25.00121372154775
Thrissur,Athirapally Falls,Guruvayur Temple,43.51264567233136
Thrissur,Vazhachal Falls,Kerala Kalamandalam,59.387685933940574
Thrissur,Vazhachal Falls,Thrissur Zoo,47.665301834867904
Thrissur,Vazhachal Falls,Guruvayur Temple,68.68241217480762
Thrissur,Kerala Kalamandalam,Thrissur Zoo,23.81150738395328
Thrissur,Kerala Kalamandalam,Guruvayur Temple,30.627600067123865
Thrissur,Thrissur Zoo,Guruvayur Temple,21.384075136268763
Tiruchirapalli (Trichy),Rockfort Temple,Sri Ranganathaswamy Temple (Srirangam),3.937372259686122
Tiruchirapalli (Trichy),Rockfort Temple,Jambukeswarar Temple,2.9332277346277307
Tiruchirapalli (Trichy),Rockfort Temple,Kallanai Dam,2.798639054021065
Tiruchirapalli (Trichy),Rockfort Temple,St. Lourdes Church,0.4603235873397027
Tiruchirapalli (Trichy),Sri Ranganathaswamy Temple (Srirangam),Jambukeswarar Temple,2.0313106080040524
Tiruchirapalli (Trichy),Sri Ranganathaswamy Temple (Srirangam),Kallanai Dam,6.722243003622237
Tiruchirapalli (Trichy),Sri Ranganathaswamy Temple (Srirangam),St. Lourdes Church,3.981922696646548
Tiruchirapalli (Trichy),Jambukeswarar Temple,Kallanai Dam,5.620025579471943
Tiruchirapalli (Trichy),Jambukeswarar Temple,St. Lourdes Church,3.2031932693070235
Tiruchirapalli (Trichy),Kallanai Dam,St. Lourdes Church,2.758949340133336
Tirupati,Tirumala Venkateswara Temple,Kapila Theertham,8.492645091022741
Tirupati,Tirumala Venkateswara Temple,Chandragiri Fort,12.04241010882038
Tirupati,Tirumala Venkateswara Temple,Sri Padmavathi Ammavari Temple,13.89616585866323
Tirupati,Tirumala Venkateswara Temple,Sri Govindarajaswami Temple,9.855157395017471
Tirupati,Tirumala Venkateswara Temple,Akasaganga Teertham,0.2809014115977801
Tirupati,Tirumala Venkateswara Temple,Sila Thoranam,0.7500394710318061
Tirupati,Kapila Theertham,Chandragiri Fort,14.94472602686688
Tirupati,Kapila Theertham,Sri Padmavathi Ammavari Temple,6.246142273468109
Tirupati,Kapila Theertham,Sri Govindarajaswami Temple,2.9831432830754063
Tirupati,Kapila Theertham,Akasaganga Teertham,8.230072865818562
Tirupati,Kapila Theertham,Sila Thoranam,9.237710412069486
Tirupati,Chandragiri Fort,Sri Padmavathi Ammavari Temple,15.886261497710404
Tirupati,Chandragiri Fort,Sri Govindarajaswami Temple,13.451475684501492
Tirupati,Chandragiri Fort,Akasaganga Teertham,12.151375360290915
Tirupati,Chandragiri Fort,Sila Thoranam,12.132755226082237
Tirupati,Sri Padmavathi Ammavari Temple,Sri Govindarajaswami Temple,4.041056920300364
Tirupati,Sri Padmavathi Ammavari Temple,Akasaganga Teertham,13.673039213884495
Tirupati,Sri Padmavathi Ammavari Temple,Sila Thoranam,14.636038078082342
Tirupati,Sri Govindarajaswami Temple,Akasaganga Teertham,9.632763504554031
Tirupati,Sri Govindarajaswami Temple,Sila Thoranam,10.595037834312873
Tirupati,Akasaganga Teertham,Sila Thoranam,1.0078204439114864
Trivandrum (Thiruvananthapuram),Padmanabhaswamy Temple,Napier Museum,3.168260136742672
Trivandrum (Thiruvananthapuram),Padmanabhaswamy Temple,Zoological Park,3.451312411257729
Trivandrum (Thiruvananthapuram),Padmanabhaswamy Temple,Kanakakunnu Palace,3.478833205633742
Trivandrum (Thiruvananthapuram),Padmanabhaswamy Temple,Veli Tourist Village,6.660471524462833
Trivandrum (Thiruvananthapuram),Padmanabhaswamy Temple,Shankumugham Beach,11.015071275238778
Trivandrum (Thiruvananthapuram),Padmanabhaswamy Temple,Poovar Island,24.572417034384813
Trivandrum (Thiruvananthapuram),Padmanabhaswamy Temple,Vizhinjam Lighthouse,12.856100987429713
Trivandrum (Thiruvananthapuram),Napier Museum,Zoological Park,0.3116666184516113
Trivandrum (Thiruvananthapuram),Napier Museum,Kanakakunnu Palace,0.3773659877950694
Trivandrum (Thiruvananthapuram),Napier Museum,Veli Tourist Village,7.140217064560376
Trivandrum (Thiruvananthapuram),Napier Museum,Shankumugham Beach,13.52078495690225
Trivandrum (Thiruvananthapuram),Napier Museum,Poovar Island,26.241553586138647
Trivandrum (Thiruvananthapuram),Napier Museum,Vizhinjam Lighthouse,14.95255024347323
Trivandrum (Thiruvananthapuram),Zoological Park,Kanakakunnu Palace,0.3613590121371589
Trivandrum (Thiruvananthapuram),Zoological Park,Veli Tourist Village,7.123665609981916
Trivandrum (Thiruvananthapuram),Zoological Park,Shankumugham Beach,13.82983726521229
Trivandrum (Thiruvananthapuram),Zoological Park,Poovar Island,26.51373235312312
Trivandrum (Thiruvananthapuram),Zoological Park,Vizhinjam Lighthouse,15.249360221531342
Trivandrum (Thiruvananthapuram),Kanakakunnu Palace,Veli Tourist Village,7.463291963507781
Trivandrum (Thiruvananthapuram),Kanakakunnu Palace,Shankumugham Beach,13.654970984044189
Trivandrum (Thiruvananthapuram),Kanakakunnu Palace,Poovar Island,26.232901194578066
Trivandrum (Thiruvananthapuram),Kanakakunnu Palace,Vizhinjam Lighthouse,15.020427066750267
Trivandrum (Thiruvananthapuram),Veli Tourist Village,Shankumugham Beach,16.53164176643392
Trivandrum (Thiruvananthapuram),Veli Tourist Village,Poovar Island,30.77432568291317
Trivandrum (Thiruvananthapuram),Veli Tourist Village,Vizhinjam Lighthouse,18.851236497388577
Trivandrum (Thiruvananthapuram),Shankumugham Beach,Poovar Island,14.581127778616173
Trivandrum (Thiruvananthapuram),Shankumugham Beach,Vizhinjam Lighthouse,2.955271084589246
Trivandrum (Thiruvananthapuram),Poovar Island,Vizhinjam Lighthouse,11.952529128521295
Udupi,Sri Krishna Temple,Malpe Beach,6.294555687987898
Udupi,Sri Krishna Temple,St. Mary’s Island,9.50587614504371
Udupi,Sri Krishna Temple,Kaup Beach,13.692945933381395
Udupi,Sri Krishna Temple,Lighthouse,12.84442308645699
Udupi,Sri Krishna Temple,Pajaka Kshetra,8.888349961628906
Udupi,Sri Krishna Temple,Manipal,2.1110832367041845
Udupi,Malpe Beach,St. Mary’s Island,3.2814939355400927
Udupi,Malpe Beach,Kaup Beach,16.515306620220436
Udupi,Malpe Beach,Lighthouse,16.11413770147599
Udupi,Malpe Beach,Pajaka Kshetra,14.32132683343676
Udupi,Malpe Beach,Manipal,8.397554480292165
Udupi,St. Mary’s Island,Kaup Beach,19.193781692013363
Udupi,St. Mary’s Island,Lighthouse,18.92611714790378
Udupi,St. Mary’s Island,Pajaka Kshetra,17.573003137614588
Udupi,St. Mary’s Island,Manipal,11.58633890395364
Udupi,Kaup Beach,Lighthouse,1.353652077157227
Udupi,Kaup Beach,Pajaka Kshetra,8.229943598124999
Udupi,Kaup Beach,Manipal,13.503903907556504
Udupi,Lighthouse,Pajaka Kshetra,6.902725557155734
Udupi,Lighthouse,Manipal,12.498455465167606
Udupi,Pajaka Kshetra,Manipal,7.550496673722307
Varkala,Varkala Beach (Papanasam),Janardhana Swamy Temple,0.1815399948361376
Varkala,Varkala Beach (Papanasam),Varkala Cliff,0.3414445781801015
Varkala,Varkala Beach (Papanasam),Sivagiri Mutt,2.725580734046492
Varkala,Varkala Beach (Papanasam),Anchuthengu Fort,9.968677440174035
Varkala,Janardhana Swamy Temple,Varkala Cliff,0.5043873522648313
Varkala,Janardhana Swamy Temple,Sivagiri Mutt,2.617240324540562
Varkala,Janardhana Swamy Temple,Anchuthengu Fort,9.792794528992845
Varkala,Varkala Cliff,Sivagiri Mutt,3.049429129659378
Varkala,Varkala Cliff,Anchuthengu Fort,10.20695111433658
Varkala,Sivagiri Mutt,Anchuthengu Fort,9.204461246484716
Vijayawada,Kanaka Durga Temple,Undavalli Caves,3.344446539862096
Vijayawada,Kanaka Durga Temple,Prakasam Barrage,1.1719373589090336
Vijayawada,Kanaka Durga Temple,Bhavani Island,3.960899024711246
Vijayawada,Kanaka Durga Temple,Victoria Jubilee Museum,2.42085955227466
Vijayawada,Kanaka Durga Temple,Gandhi Hill,1.2220277091479688
Vijayawada,Undavalli Caves,Prakasam Barrage,2.6346559833212644
Vijayawada,Undavalli Caves,Bhavani Island,3.186959578733917
Vijayawada,Undavalli Caves,Victoria Jubilee Museum,5.049447471392166
Vijayawada,Undavalli Caves,Gandhi Hill,4.521337555375008
Vijayawada,Prakasam Barrage,Bhavani Island,4.22941678301531
Vijayawada,Prakasam Barrage,Victoria Jubilee Museum,2.445431508205959
Vijayawada,Prakasam Barrage,Gandhi Hill,2.047287406724515
Vijayawada,Bhavani Island,Victoria Jubilee Museum,6.368325677732597
Vijayawada,Bhavani Island,Gandhi Hill,5.033201590418658
Vijayawada,Victoria Jubilee Museum,Gandhi Hill,1.685888384282933
Visakhapatnam (Vizag),Kailasagiri Hill Park,RK Beach,4.922098961986722
Visakhapatnam (Vizag),Kailasagiri Hill Park,Yarada Beach,10.083570930431293
Visakhapatnam (Vizag),Kailasagiri Hill Park,Rushikonda Beach,5.99058307618242
Visakhapatnam (Vizag),Kailasagiri Hill Park,Araku Valley,1.4052707898853831
Visakhapatnam (Vizag),Kailasagiri Hill Park,Borra Caves,65.68656714581266
Visakhapatnam (Vizag),Kailasagiri Hill Park,Submarine Museum (INS Kurusura),3.764616941937157
Visakhapatnam (Vizag),Kailasagiri Hill Park,Simhachalam Temple,12.82063085631327
Visakhapatnam (Vizag),Kailasagiri Hill Park,Katiki Waterfalls,104.62331571585524
Visakhapatnam (Vizag),Kailasagiri Hill Park,Indira Gandhi Zoological Park,2.1866425877118
Visakhapatnam (Vizag),RK Beach,Yarada Beach,5.456714848995375
Visakhapatnam (Vizag),RK Beach,Rushikonda Beach,10.749059752363465
Visakhapatnam (Vizag),RK Beach,Araku Valley,6.186023616553362
Visakhapatnam (Vizag),RK Beach,Borra Caves,68.21235320279638
Visakhapatnam (Vizag),RK Beach,Submarine Museum (INS Kurusura),1.4646474711217448
Visakhapatnam (Vizag),RK Beach,Simhachalam Temple,10.94305802303605
Visakhapatnam (Vizag),RK Beach,Katiki Waterfalls,101.2609172419858
Visakhapatnam (Vizag),RK Beach,Indira Gandhi Zoological Park,6.969224297056548
Visakhapatnam (Vizag),Yarada Beach,Rushikonda Beach,16.056669675629404
Visakhapatnam (Vizag),Yarada Beach,Araku Valley,11.141469610000255
Visakhapatnam (Vizag),Yarada Beach,Borra Caves,68.92430325486545
Visakhapatnam (Vizag),Yarada Beach,Submarine Museum (INS Kurusura),6.917361167991227
Visakhapatnam (Vizag),Yarada Beach,Simhachalam Temple,8.685199115363282
Visakhapatnam (Vizag),Yarada Beach,Katiki Waterfalls,96.1682371539653
Visakhapatnam (Vizag),Yarada Beach,Indira Gandhi Zoological Park,11.860867473751904
Visakhapatnam (Vizag),Rushikonda Beach,Araku Valley,5.183915705650398
Visakhapatnam (Vizag),Rushikonda Beach,Borra Caves,65.0105257566408
Visakhapatnam (Vizag),Rushikonda Beach,Submarine Museum (INS Kurusura),9.398844964234987
Visakhapatnam (Vizag),Rushikonda Beach,Simhachalam Temple,17.97132741473083
Visakhapatnam (Vizag),Rushikonda Beach,Katiki Waterfalls,110.04095449869602
Visakhapatnam (Vizag),Rushikonda Beach,Indira Gandhi Zoological Park,4.69303983091528
Visakhapatnam (Vizag),Araku Valley,Borra Caves,64.49465167197316
Visakhapatnam (Vizag),Araku Valley,Submarine Museum (INS Kurusura),5.123256774492348
Visakhapatnam (Vizag),Araku Valley,Simhachalam Temple,12.98886042795824
Visakhapatnam (Vizag),Araku Valley,Katiki Waterfalls,104.99082320233563
Visakhapatnam (Vizag),Araku Valley,Indira Gandhi Zoological Park,0.7940740066603241
Visakhapatnam (Vizag),Borra Caves,Submarine Museum (INS Kurusura),68.21632478027225
Visakhapatnam (Vizag),Borra Caves,Simhachalam Temple,60.754678857804485
Visakhapatnam (Vizag),Borra Caves,Katiki Waterfalls,106.16723026433417
Visakhapatnam (Vizag),Borra Caves,Indira Gandhi Zoological Park,63.93705155324091
Visakhapatnam (Vizag),Submarine Museum (INS Kurusura),Simhachalam Temple,11.991879136334989
Visakhapatnam (Vizag),Submarine Museum (INS Kurusura),Katiki Waterfalls,102.6715842002845
Visakhapatnam (Vizag),Submarine Museum (INS Kurusura),Indira Gandhi Zoological Park,5.917327002175038
Visakhapatnam (Vizag),Simhachalam Temple,Katiki Waterfalls,92.07183447481486
Visakhapatnam (Vizag),Simhachalam Temple,Indira Gandhi Zoological Park,13.316627289332104
Visakhapatnam (Vizag),Katiki Waterfalls,Indira Gandhi Zoological Park,105.370329629382
Wayanad,Edakkal Caves,Banasura Sagar Dam,34.645500953974754
Wayanad,Edakkal Caves,Pookode Lake,24.539328592962388
Wayanad,Edakkal Caves,Soochipara Falls,15.048181248541008
Wayanad,Edakkal Caves,Meenmutty Falls,10.928235654044316
Wayanad,Edakkal Caves,Chembra Peak,20.352938136677484
Wayanad,Edakkal Caves,Wayanad Wildlife Sanctuary,15.354625737398406
Wayanad,Edakkal Caves,Kuruva Island,26.696603323798424
Wayanad,Edakkal Caves,Thirunelli Temple,40.71738812734457
Wayanad,Banasura Sagar Dam,Pookode Lake,13.38704811888637
Wayanad,Banasura Sagar Dam,Soochipara Falls,28.379611772929582
Wayanad,Banasura Sagar Dam,Meenmutty Falls,35.510719028155954
Wayanad,Banasura Sagar Dam,Chembra Peak,20.95439009320027
Wayanad,Banasura Sagar Dam,Wayanad Wildlife Sanctuary,39.90925404149184
Wayanad,Banasura Sagar Dam,Kuruva Island,31.1784341252991
Wayanad,Banasura Sagar Dam,Thirunelli Temple,35.45258849007045
Wayanad,Pookode Lake,Soochipara Falls,15.22915844650124
Wayanad,Pookode Lake,Meenmutty Falls,22.86314025213545
Wayanad,Pookode Lake,Chembra Peak,7.569458474104904
Wayanad,Pookode Lake,Wayanad Wildlife Sanctuary,34.14320226847252
Wayanad,Pookode Lake,Kuruva Island,31.85023792977115
Wayanad,Pookode Lake,Thirunelli Temple,40.82933541454601
Wayanad,Soochipara Falls,Meenmutty Falls,8.206425163645212
Wayanad,Soochipara Falls,Chembra Peak,8.040757268484152
Wayanad,Soochipara Falls,Wayanad Wildlife Sanctuary,29.49278605644537
Wayanad,Soochipara Falls,Kuruva Island,35.371481828746006
Wayanad,Soochipara Falls,Thirunelli Temple,47.75050635774133
Wayanad,Meenmutty Falls,Chembra Peak,16.12046589722941
Wayanad,Meenmutty Falls,Wayanad Wildlife Sanctuary,26.267146528810237
Wayanad,Meenmutty Falls,Kuruva Island,36.19360275021827
Wayanad,Meenmutty Falls,Thirunelli Temple,49.68561156180411
Wayanad,Chembra Peak,Wayanad Wildlife Sanctuary,32.684779145663434
Wayanad,Chembra Peak,Kuruva Island,34.39735906839068
Wayanad,Chembra Peak,Thirunelli Temple,45.1887897852441
Wayanad,Wayanad Wildlife Sanctuary,Kuruva Island,17.655674566330365
Wayanad,Wayanad Wildlife Sanctuary,Thirunelli Temple,31.303635846805136
Wayanad,Kuruva Island,Thirunelli Temple,14.2090481276125
Yercaud,Yercaud Lake,Pagoda Point,3.6371144084733142
Yercaud,Yercaud Lake,Lady’s Seat,1.9592816945935732
Yercaud,Yercaud Lake,Kiliyur Falls,1.668571132406296
Yercaud,Yercaud Lake,Shevaroy Temple,3.625217620565654
Yercaud,Yercaud Lake,Botanical Garden,0.947125716227812
Yercaud,Pagoda Point,Lady’s Seat,4.481809972555486
Yercaud,Pagoda Point,Kiliyur Falls,5.30495871416115
Yercaud,Pagoda Point,Shevaroy Temple,5.882280946723533
Yercaud,Pagoda Point,Botanical Garden,3.3295575544927023
Yercaud,Lady’s Seat,Kiliyur Falls,2.238510257253024
Yercaud,Lady’s Seat,Shevaroy Temple,5.406614366857675
Yercaud,Lady’s Seat,Botanical Garden,1.3519204452179003
Yercaud,Kiliyur Falls,Shevaroy Temple,3.54437282649722
Yercaud,Kiliyur Falls,Botanical Garden,2.230177338297014
Yercaud,Shevaroy Temple,Botanical Garden,4.565039830606793
